review_id,bank,app_name,pkg,score,content,content_clean,at,review_created_version,reply_content,replied_at,thumbs_up_count,source,scrape_run_id
1310296e-3850-494f-83bc-936ea27684ab,BOA,Bank of Abyssinia Mobile,com.boa.boaMobileBanking,3,"It does not show the name of the person who sent the money to request a receipt. This has become very difficult for us. When different people transfer the same amount to me from different banks, it is very difficult to identify the account or the name of the sender.","It does not show the name of the person who sent the money to request a receipt. This has become very difficult for us. When different people transfer the same amount to me from different banks, it is very difficult to identify the account or the name of the sender.",2025-10-01T21:45:17,25.09.03,,,50,google_play,2025-11-30T16:15:08.107712
c6661ae9-95ab-4a2d-be7b-ad93bb48f278,BOA,Bank of Abyssinia Mobile,com.boa.boaMobileBanking,1,"I would like to share feedback regarding the application. It frequently experiences disruptions and does not function properly, often freezing or failing to load. This issue is affecting workflow and efficiency. Kindly review and address this problem to ensure smoother performance.","I would like to share feedback regarding the application. It frequently experiences disruptions and does not function properly, often freezing or failing to load. This issue is affecting workflow and efficiency. Kindly review and address this problem to ensure smoother performance.",2025-11-08T11:11:33,25.09.03,,,77,google_play,2025-11-30T16:15:08.107712
e7e0dd5b-59ee-4ed8-abe8-821ed28c1a6f,BOA,Bank of Abyssinia Mobile,com.boa.boaMobileBanking,3,"Your application is very irritating to use, some functionality doesn't even work like on the card management. You need to do better than this and it good idea to reference other banking applications.","Your application is very irritating to use, some functionality doesn't even work like on the card management. You need to do better than this and it good idea to reference other banking applications.",2025-11-04T13:26:13,25.09.03,,,10,google_play,2025-11-30T16:15:08.107712
d36fbdcb-b57e-4384-8e5b-ae549e25b33e,BOA,Bank of Abyssinia Mobile,com.boa.boaMobileBanking,1,It keeps notifying me to disable developer options and quiet while I'm not enabled. always bring another type of problem with new updates.,It keeps notifying me to disable developer options and quiet while I'm not enabled. always bring another type of problem with new updates.,2025-11-22T12:21:32,25.09.03,,,0,google_play,2025-11-30T16:15:08.107712
c198f602-e9fb-4b61-ad3a-8efe42269b8d,BOA,Bank of Abyssinia Mobile,com.boa.boaMobileBanking,1,I cant belive I could find the worst bank app ever .yet very simple to fix the problem and the company just ignored it. no body can do business with this kind of app.,I cant belive I could find the worst bank app ever .yet very simple to fix the problem and the company just ignored it. no body can do business with this kind of app.,2025-11-18T18:28:03,25.09.03,,,0,google_play,2025-11-30T16:15:08.107712
7cedd008-b817-442b-9da0-76ea15713450,BOA,Bank of Abyssinia Mobile,com.boa.boaMobileBanking,1,On my ios it's perfect but on android it barley works and don't transfer and after a while it crushed and totally stopped working. Please fix the issue my beloved bank of abyssinia.,On my ios it's perfect but on android it barley works and don't transfer and after a while it crushed and totally stopped working. Please fix the issue my beloved bank of abyssinia.,2025-09-15T16:16:36,25.09.03,,,179,google_play,2025-11-30T16:15:08.107712
7345b274-906c-4bfc-b37d-8131020ad13e,BOA,Bank of Abyssinia Mobile,com.boa.boaMobileBanking,1,Why does it keep crashing? I can't even use this. BOA should do better. You have many customers and how to deal with this. I can't send money now.,Why does it keep crashing? I can't even use this. BOA should do better. You have many customers and how to deal with this. I can't send money now.,2025-10-05T18:04:02,25.09.03,,,3,google_play,2025-11-30T16:15:08.107712
dfad5025-20f7-4556-bdaf-294785947fa3,BOA,Bank of Abyssinia Mobile,com.boa.boaMobileBanking,4,its nice app especially the transaction limit is extended but We face that BoA m.banking app doesn't respond at the activation stage strictly at SMSNG mobile phone. please try this to make safe.,its nice app especially the transaction limit is extended but We face that BoA m.banking app doesn't respond at the activation stage strictly at SMSNG mobile phone. please try this to make safe.,2025-09-11T18:48:42,25.09.03,,,12,google_play,2025-11-30T16:15:08.107712
b42ad5f5-049c-49dc-a13c-39b7414793d0,BOA,Bank of Abyssinia Mobile,com.boa.boaMobileBanking,1,"I don't know what is wrong with BOA as a bank in general. It's been going backwards since last year or so. The app is a disaster to use in every possible way. Not stable to log in and very slow to perform transactions, couldn't take a screenshot (or can't even find the pictures even using its save screenshot option). Most of the time, it fails to perform transactions and so on. Simply, it's the worst!","I don't know what is wrong with BOA as a bank in general. It's been going backwards since last year or so. The app is a disaster to use in every possible way. Not stable to log in and very slow to perform transactions, couldn't take a screenshot (or can't even find the pictures even using its save screenshot option). Most of the time, it fails to perform transactions and so on. Simply, it's the worst!",2024-08-03T22:59:13,24.07.04,,,567,google_play,2025-11-30T16:15:08.107712
8fa4d905-fcd5-4124-8745-0014e9e746cf,BOA,Bank of Abyssinia Mobile,com.boa.boaMobileBanking,1,this app launch time is so long also has dozen bugs in addition it's has been long time get update,this app launch time is so long also has dozen bugs in addition it's has been long time get update,2025-11-05T10:22:49,25.09.03,,,2,google_play,2025-11-30T16:15:08.107712
91fa4fb9-0eb5-41f3-81b0-c40aea7e51ff,BOA,Bank of Abyssinia Mobile,com.boa.boaMobileBanking,2,What's wrong with App. this days? it doesn't working properly. 1) it's VERY SLOW & doesn't open. it's very Annoying. 2) most of the time it says repeatedly Please try it again or try it later but again and again it doesn't open or work. 3) repeatedly it says something went wrong then it off the screen. I've updated the App. when it needed but nothing changed. 👉PLEASE if it has some issues with the App. Please fix it otherwise I'm going to uninstall it.,What's wrong with App. this days? it doesn't working properly. 1) it's VERY SLOW & doesn't open. it's very Annoying. 2) most of the time it says repeatedly Please try it again or try it later but again and again it doesn't open or work. 3) repeatedly it says something went wrong then it off the screen. I've updated the App. when it needed but nothing changed. 👉PLEASE if it has some issues with the App. Please fix it otherwise I'm going to uninstall it.,2024-05-08T14:59:05,24.05.07,,,339,google_play,2025-11-30T16:15:08.107712
0ed79d57-a54c-4541-9df0-67e1e8c72be3,BOA,Bank of Abyssinia Mobile,com.boa.boaMobileBanking,1,when trying to activate the app it keeps on loading on the security questions page. It has been two days,when trying to activate the app it keeps on loading on the security questions page. It has been two days,2025-11-13T07:57:58,25.09.03,,,0,google_play,2025-11-30T16:15:08.107712
c150161c-e679-408f-aa76-41f4c9787f9a,BOA,Bank of Abyssinia Mobile,com.boa.boaMobileBanking,1,"I have a worst experience while using this mobile application through out the year. Most of the time it fails to ""Login"" or automatically closed the app. And also it takes so much loading time (5 minutes +) trying to access the internal services. Sometimes also while transferring within and to other bank also fails. So, BOA please fix your app.","I have a worst experience while using this mobile application through out the year. Most of the time it fails to ""Login"" or automatically closed the app. And also it takes so much loading time (5 minutes +) trying to access the internal services. Sometimes also while transferring within and to other bank also fails. So, BOA please fix your app.",2024-11-29T04:40:35,24.11.22,,,88,google_play,2025-11-30T16:15:08.107712
aa74e8f9-67d1-486a-a601-761ce0c79a4e,BOA,Bank of Abyssinia Mobile,com.boa.boaMobileBanking,1,"Barely works, it always fails to connect","Barely works, it always fails to connect",2025-11-07T14:33:56,25.09.03,,,0,google_play,2025-11-30T16:15:08.107712
c90fb60a-ea63-47f0-aa65-fcb41b6534e1,BOA,Bank of Abyssinia Mobile,com.boa.boaMobileBanking,1,"Nothing has been improved, it doesn't work like the previous version.","Nothing has been improved, it doesn't work like the previous version.",2025-09-25T19:41:02,25.09.03,,,3,google_play,2025-11-30T16:15:08.107712
3559b91c-fad9-4032-bebe-cf99974b9628,BOA,Bank of Abyssinia Mobile,com.boa.boaMobileBanking,1,"Hello, I’m facing a problem with the BOA Mobile app. Every time I enter my phone number and password, the app crashes and shows an error that says “BoaMobile closed because this app has a bug.” I tried updating, reinstalling, and clearing cache, but nothing worked. Please fix this bug in the next update. I really need access to my account. Thank you.","Hello, I’m facing a problem with the BOA Mobile app. Every time I enter my phone number and password, the app crashes and shows an error that says “BoaMobile closed because this app has a bug.” I tried updating, reinstalling, and clearing cache, but nothing worked. Please fix this bug in the next update. I really need access to my account. Thank you.",2025-06-03T15:21:34,,,,25,google_play,2025-11-30T16:15:08.107712
c78f1ddc-5a45-4a99-b001-d1541be9fea4,BOA,Bank of Abyssinia Mobile,com.boa.boaMobileBanking,1,OMG this is like the worst mobile banking app ever. I have many different mobile banking app from different banks but this is the worst so far. It says it has connection issue when I have wifi or data connection and while I'm using other social media apps. It keeps asking me for update once like every week and takes forever to load like I have to wait at least 10 minutes to login and another 10 min to see my balance.,OMG this is like the worst mobile banking app ever. I have many different mobile banking app from different banks but this is the worst so far. It says it has connection issue when I have wifi or data connection and while I'm using other social media apps. It keeps asking me for update once like every week and takes forever to load like I have to wait at least 10 minutes to login and another 10 min to see my balance.,2024-05-02T19:09:54,,,,11,google_play,2025-11-30T16:15:08.107712
a2fb35e2-3828-4626-bddb-7443e04bf770,BOA,Bank of Abyssinia Mobile,com.boa.boaMobileBanking,1,"It crashes frequently. It launches on Android 8.1 but I don't think it actually works on versions less than 10. If so, it shouldn't be available for download by such devices to begin with, like many other finance apps are not. It was so much better three months ago, upgrades should be for the better.","It crashes frequently. It launches on Android 8.1 but I don't think it actually works on versions less than 10. If so, it shouldn't be available for download by such devices to begin with, like many other finance apps are not. It was so much better three months ago, upgrades should be for the better.",2024-09-06T09:06:12,,,,17,google_play,2025-11-30T16:15:08.107712
9815bb8a-2108-49fe-8292-fb360aed8331,BOA,Bank of Abyssinia Mobile,com.boa.boaMobileBanking,1,Very unprofessional and mischievous bank in my opinion. I have had several occasions but recently I used Abyssinia Card to withdraw money and it was deducted from my account but despite reporting several times they said they are processing it but I learned yesterday that since it has been 3 months the bank has decided to include it in their income. How absurd. If you can avoid this bank.,Very unprofessional and mischievous bank in my opinion. I have had several occasions but recently I used Abyssinia Card to withdraw money and it was deducted from my account but despite reporting several times they said they are processing it but I learned yesterday that since it has been 3 months the bank has decided to include it in their income. How absurd. If you can avoid this bank.,2024-12-06T15:19:23,24.09.30,,,17,google_play,2025-11-30T16:15:08.107712
07b87145-49d8-4394-bbf7-73e43dec9ac2,BOA,Bank of Abyssinia Mobile,com.boa.boaMobileBanking,2,"Developers/ the company takes too long to update the app, and throughout that process, the app is basically useless. We can't send money or even be able to check our account. They even take it down from the Play Store for a while. This whole process usually takes them 3 to 5 days. This is very disappointing. It is an improvement from the previous version of the app, but they still have a long way to go to compete with the likes of CBE. Transferring to other banks sometimes doesn't work.","Developers/ the company takes too long to update the app, and throughout that process, the app is basically useless. We can't send money or even be able to check our account. They even take it down from the Play Store for a while. This whole process usually takes them 3 to 5 days. This is very disappointing. It is an improvement from the previous version of the app, but they still have a long way to go to compete with the likes of CBE. Transferring to other banks sometimes doesn't work.",2024-05-03T09:28:07,24.04.26,,,185,google_play,2025-11-30T16:15:08.107712
03ed7b23-17b8-4ae5-9c2f-29922a888edf,BOA,Bank of Abyssinia Mobile,com.boa.boaMobileBanking,1,"Terrible Bank Experience It’s unbelievable that with all the modern technology, this bank still struggles with even basic transactions. The app constantly crashes, services are limited, and every time I try to transfer money or load Telebirr, there’s a huge delay. I have to wait 5 days for failed transactions to be refunded! Even USSD is unreliable. They’ve put me in embarrassing situations countless times, and customer care never fixes anything. I’ve switched banks, and you should too!","Terrible Bank Experience It’s unbelievable that with all the modern technology, this bank still struggles with even basic transactions. The app constantly crashes, services are limited, and every time I try to transfer money or load Telebirr, there’s a huge delay. I have to wait 5 days for failed transactions to be refunded! Even USSD is unreliable. They’ve put me in embarrassing situations countless times, and customer care never fixes anything. I’ve switched banks, and you should too!",2024-10-14T07:06:39,,,,26,google_play,2025-11-30T16:15:08.107712
f0fe277f-65c1-461c-afad-8cd40c6ab368,BOA,Bank of Abyssinia Mobile,com.boa.boaMobileBanking,1,"It's been two months now, I cannot do any transaction using this app. It's really disappointing. I am using bank of Abyssinia currently because it's the nearest bank to my work place. The bank is turning to the worst bank in the country day by day. They always respond to customers that they are updating their system all year long, I think that's what they train their customer service operators to do.","It's been two months now, I cannot do any transaction using this app. It's really disappointing. I am using bank of Abyssinia currently because it's the nearest bank to my work place. The bank is turning to the worst bank in the country day by day. They always respond to customers that they are updating their system all year long, I think that's what they train their customer service operators to do.",2024-06-26T17:45:58,24.05.07,,,23,google_play,2025-11-30T16:15:08.107712
ec7606a9-f681-4662-89b9-7b253d145629,BOA,Bank of Abyssinia Mobile,com.boa.boaMobileBanking,1,"I have a fitayah account, a type of interest free account, and because their system is unable to process anything for people like me I can't see any of my accounts in the account list on any transaction, although I can see it when performing security actions or checking my balance, as such this app is as useless to me as the previous one. Unbelievable","I have a fitayah account, a type of interest free account, and because their system is unable to process anything for people like me I can't see any of my accounts in the account list on any transaction, although I can see it when performing security actions or checking my balance, as such this app is as useless to me as the previous one. Unbelievable",2024-02-18T07:28:12,24.02.07,"Dear customer, We are sorry for the inconvenience please contact us at 8397 and share as much information as you can. We will investigate your case. Thank you!",2024-02-22T13:53:42,940,google_play,2025-11-30T16:15:08.107712
91aacf0f-e666-4add-b7ca-4f952bb86899,BOA,Bank of Abyssinia Mobile,com.boa.boaMobileBanking,1,"This app has been found useless while I compared with the first version of IB12111...that was very good, you guys what is the matter with you. You are far from the technology and the competetor's digital product through convenience, reliable, easeness _-dashen, cbe, zemen... they are doing well! share their experience and be able to satisfy your esteemed customers including me. unless you will be down soon!","This app has been found useless while I compared with the first version of IB12111...that was very good, you guys what is the matter with you. You are far from the technology and the competetor's digital product through convenience, reliable, easeness _-dashen, cbe, zemen... they are doing well! share their experience and be able to satisfy your esteemed customers including me. unless you will be down soon!",2024-04-29T19:18:09,,,,10,google_play,2025-11-30T16:15:08.107712
a8423c57-d734-4ebf-9dda-4f4dd43091ec,BOA,Bank of Abyssinia Mobile,com.boa.boaMobileBanking,1,"BOA is unreasonably holding and delaying transactions for more than a day, even transactions within the same bank itself. This is a huge gap that I observed in BOA mobile banking. I didn't experience this kind of challenge while having transactions in other banks' mobile banking platforms. After waiting so long, I called your customer support team and the response they gave me was ""it was the system that holds the transaction & will be released on working days"". This is not totally fair.","BOA is unreasonably holding and delaying transactions for more than a day, even transactions within the same bank itself. This is a huge gap that I observed in BOA mobile banking. I didn't experience this kind of challenge while having transactions in other banks' mobile banking platforms. After waiting so long, I called your customer support team and the response they gave me was ""it was the system that holds the transaction & will be released on working days"". This is not totally fair.",2024-09-15T07:59:12,24.07.04,,,22,google_play,2025-11-30T16:15:08.107712
93bee220-7c85-4d30-ba6f-c8168c201b5a,BOA,Bank of Abyssinia Mobile,com.boa.boaMobileBanking,4,"This is the best app; many features are awesome, but it should work without the need to turn off the developer options. I'm tired of having to constantly switch the developer options off and on. I've been expressing my struggles about this. I have precious settings enabled in the developer options, and to open the App Boa app, I have to turn them off. Please help us, Abyssinia Bank. I hope you can provide an update soon.","This is the best app; many features are awesome, but it should work without the need to turn off the developer options. I'm tired of having to constantly switch the developer options off and on. I've been expressing my struggles about this. I have precious settings enabled in the developer options, and to open the App Boa app, I have to turn them off. Please help us, Abyssinia Bank. I hope you can provide an update soon.",2024-12-08T21:16:05,24.11.22,,,47,google_play,2025-11-30T16:15:08.107712
322c12e9-1e9a-4609-b4c0-3ef5f78ff589,BOA,Bank of Abyssinia Mobile,com.boa.boaMobileBanking,1,"Playstore need to have some option to give 0 stars because this application right here, deserve exactly that, imagine being one of the biggest banks In the country and can't manage to have good mobile application in the Era of mobile money, you guys are in the brink of collapse you better make it right real quick or you gonna be 10 meters down to the grave. DON'T USE THIS APP, IT'S WASTE OF TIME.","Playstore need to have some option to give 0 stars because this application right here, deserve exactly that, imagine being one of the biggest banks In the country and can't manage to have good mobile application in the Era of mobile money, you guys are in the brink of collapse you better make it right real quick or you gonna be 10 meters down to the grave. DON'T USE THIS APP, IT'S WASTE OF TIME.",2024-05-21T12:17:07,24.05.07,,,122,google_play,2025-11-30T16:15:08.107712
daec843b-9c90-4779-9aa3-630128589864,BOA,Bank of Abyssinia Mobile,com.boa.boaMobileBanking,1,Can you please just make it functional. I don't think anyone cares how good it looks if not a single functionality works. Plus it's not even aestheticaly nice. The loading animated icon has white irregular edges because the logo wasn't cut out correctly. The app doesn't work at all. It doesn't even login. It gets stuck on login just showing the logo animation and blames the issue on connectivity. Connectivity is fine and the proof is that this review is posted.,Can you please just make it functional. I don't think anyone cares how good it looks if not a single functionality works. Plus it's not even aestheticaly nice. The loading animated icon has white irregular edges because the logo wasn't cut out correctly. The app doesn't work at all. It doesn't even login. It gets stuck on login just showing the logo animation and blames the issue on connectivity. Connectivity is fine and the proof is that this review is posted.,2024-04-15T11:30:58,24.02.07,,,368,google_play,2025-11-30T16:15:08.107712
a7eb5cbd-790a-4537-8278-ccaef158654b,BOA,Bank of Abyssinia Mobile,com.boa.boaMobileBanking,1,1) Crashes repeatedly 2) Takes Century to Boot 3) Repeatedly requires Update which is very annoying. 4) It doesn't ask for Password for one step confirmation when transferring money. 5) Automatically stops music when the app is launched (it doesn't really matter just fyi) Overall this have to be the worst mobile banking app I have tried so far and should not be released with all these bugs & issues.,1) Crashes repeatedly 2) Takes Century to Boot 3) Repeatedly requires Update which is very annoying. 4) It doesn't ask for Password for one step confirmation when transferring money. 5) Automatically stops music when the app is launched (it doesn't really matter just fyi) Overall this have to be the worst mobile banking app I have tried so far and should not be released with all these bugs & issues.,2025-08-02T15:36:41,25.05.03,,,133,google_play,2025-11-30T16:15:08.107712
c9162816-c2cd-478c-ab34-9569f63d3711,BOA,Bank of Abyssinia Mobile,com.boa.boaMobileBanking,1,the worst bank ever. slow don't accept dual sim. they are very stupid and greedy,the worst bank ever. slow don't accept dual sim. they are very stupid and greedy,2025-10-20T16:36:14,25.09.03,,,0,google_play,2025-11-30T16:15:08.107712
d0445199-84e3-493e-8d94-2c6583616901,BOA,Bank of Abyssinia Mobile,com.boa.boaMobileBanking,1,"When we come to use mobile banking app this app is the WOREST one. Who made this app? Why? im almost forget to use it While the app right infront to my phone. I preffered to go branch office rather than to use it. Let alone for transaction or other service for simple purpose to check my balance i used to call for the bank 'call center' rather than to open for this difficult app. It need high speed internet service, it stop service for simple interuption of the network, after transfer the 1/2","When we come to use mobile banking app this app is the WOREST one. Who made this app? Why? im almost forget to use it While the app right infront to my phone. I preffered to go branch office rather than to use it. Let alone for transaction or other service for simple purpose to check my balance i used to call for the bank 'call center' rather than to open for this difficult app. It need high speed internet service, it stop service for simple interuption of the network, after transfer the 1/2",2024-02-13T16:35:34,,,,7,google_play,2025-11-30T16:15:08.107712
a2d5bdf0-ff92-408b-be55-a4bfa7b61fbc,BOA,Bank of Abyssinia Mobile,com.boa.boaMobileBanking,1,i m sorry but it doesn't work for my android it is too slow but other bank are very fast please update,i m sorry but it doesn't work for my android it is too slow but other bank are very fast please update,2025-10-30T20:18:43,25.09.03,,,0,google_play,2025-11-30T16:15:08.107712
58ccb5e9-0cf7-413c-8bb4-6515d4863bc1,BOA,Bank of Abyssinia Mobile,com.boa.boaMobileBanking,5,🥰🥰🥰🥰🥰 app is good but i was live in abroad and when i enter my otp code it didnt make me to write my code it the app want it self write thats not fair so please other wise i like it why,🥰🥰🥰🥰🥰 app is good but i was live in abroad and when i enter my otp code it didnt make me to write my code it the app want it self write thats not fair so please other wise i like it why,2025-11-15T17:29:15,25.09.03,,,41,google_play,2025-11-30T16:15:08.107712
b9fa948b-07bc-41f5-9e49-5e612b9a9db6,BOA,Bank of Abyssinia Mobile,com.boa.boaMobileBanking,1,the lag is unbelievable when you need it the most this suks,the lag is unbelievable when you need it the most this suks,2025-11-19T11:04:40,25.09.03,,,0,google_play,2025-11-30T16:15:08.107712
6fe3a0f0-e9dd-4dcb-81ab-e478b1239d55,BOA,Bank of Abyssinia Mobile,com.boa.boaMobileBanking,1,"I’m giving this app one star because there are no options below that. My experience has been incredibly frustrating due to the extremely long loading times, and the app even closes automatically at times. People choose mobile banking for its convenience, but this app is far too time-consuming, making it the worst I’ve used. I hope improvements are made to enhance the user experience.","I’m giving this app one star because there are no options below that. My experience has been incredibly frustrating due to the extremely long loading times, and the app even closes automatically at times. People choose mobile banking for its convenience, but this app is far too time-consuming, making it the worst I’ve used. I hope improvements are made to enhance the user experience.",2024-12-07T20:40:19,24.11.22,,,430,google_play,2025-11-30T16:15:08.107712
d587332b-4722-427d-aa23-47df325f4f55,BOA,Bank of Abyssinia Mobile,com.boa.boaMobileBanking,1,"I've never seen a very worst mobile banking system like this, i lost 37000 birr because of your delay transaction system, i called 8397 and they told me stay for confirmation but, after i changed my mind and waiting for confirmation call to cancel the process they sent it with out my approval, so please don't use the mobile banking system please","I've never seen a very worst mobile banking system like this, i lost 37000 birr because of your delay transaction system, i called 8397 and they told me stay for confirmation but, after i changed my mind and waiting for confirmation call to cancel the process they sent it with out my approval, so please don't use the mobile banking system please",2024-04-23T17:15:45,24.04.22,,,55,google_play,2025-11-30T16:15:08.107712
4fbd4527-b629-488c-8ac7-8546e4e4ee9e,BOA,Bank of Abyssinia Mobile,com.boa.boaMobileBanking,5,"What an awesome app! It is supper easy to use with very attractive GUI. But there are some problems to be addressed: (1) It crashes frequently and requires mobile cache to be cleared to relaunch. (2) Automatic OTP input is good. But fix the manual activation option, too. (3) It does not boot fast. (4) There are minor errors during the installation. (5) Color contrast: In the transactions menu, the credit accounts should be in dark green than light green. The debit accounts should be in dark red.","What an awesome app! It is supper easy to use with very attractive GUI. But there are some problems to be addressed: (1) It crashes frequently and requires mobile cache to be cleared to relaunch. (2) Automatic OTP input is good. But fix the manual activation option, too. (3) It does not boot fast. (4) There are minor errors during the installation. (5) Color contrast: In the transactions menu, the credit accounts should be in dark green than light green. The debit accounts should be in dark red.",2024-02-06T19:14:35,24.01.09,,,1962,google_play,2025-11-30T16:15:08.107712
ba55af7b-4023-4862-ba6f-9f2ac3b681b7,BOA,Bank of Abyssinia Mobile,com.boa.boaMobileBanking,1,"Was working fine for 2 days then Error the request was not successful please check your connectivity or try again my connection works perfectly i reinstalled the app called support multiple times all of them said it's a system problem be patient it has been a week since then, called again they even dared to say the problem is your phone restart it which i did but still the same other banking apps work perfectly but this my experience with this app, horrible the whole system is bad","Was working fine for 2 days then Error the request was not successful please check your connectivity or try again my connection works perfectly i reinstalled the app called support multiple times all of them said it's a system problem be patient it has been a week since then, called again they even dared to say the problem is your phone restart it which i did but still the same other banking apps work perfectly but this my experience with this app, horrible the whole system is bad",2024-02-14T13:22:56,24.02.07,,,142,google_play,2025-11-30T16:15:08.107712
c7640934-b677-425d-acdf-26fd1560e10e,BOA,Bank of Abyssinia Mobile,com.boa.boaMobileBanking,1,"The version 24.04.26 is not opening on any of my devices. I noticed this issue on my friend's Android 9 phone and also on my Samsung Android 12 phone. Even after weekly updates, the newest version is not working properly. Please provide a stable version update, as I prefer the older version of the app from the new one.","The version 24.04.26 is not opening on any of my devices. I noticed this issue on my friend's Android 9 phone and also on my Samsung Android 12 phone. Even after weekly updates, the newest version is not working properly. Please provide a stable version update, as I prefer the older version of the app from the new one.",2024-05-04T21:44:53,,,,8,google_play,2025-11-30T16:15:08.107712
b95b5757-59e6-4147-9c90-c5bb787386c6,BOA,Bank of Abyssinia Mobile,com.boa.boaMobileBanking,3,"Please add an option to manually input the OTP. I am residing outside of Ethiopia. I encountered difficulty accessing my account following the recent update (change) of your mobile banking app. Unfortunately, I am unable to activate the app on my mobile device. During the activation process, the app prompts for an OTP, which I can receive via Telegram. However, there is no option to manually input the OTP. I kindly request your assistance in resolving this matter and activating my account","Please add an option to manually input the OTP. I am residing outside of Ethiopia. I encountered difficulty accessing my account following the recent update (change) of your mobile banking app. Unfortunately, I am unable to activate the app on my mobile device. During the activation process, the app prompts for an OTP, which I can receive via Telegram. However, there is no option to manually input the OTP. I kindly request your assistance in resolving this matter and activating my account",2024-02-03T21:48:59,24.01.09,,,133,google_play,2025-11-30T16:15:08.107712
a7888312-64d5-44d6-b708-a6d29b168825,BOA,Bank of Abyssinia Mobile,com.boa.boaMobileBanking,1,"I will give only one star, because it faced with multiple of problems. 1. The app is not as fast as the other banks App, for e.g like CBE 2. The App asks repeatedly to switch off developer options, even if it is switched off. 3. Bank of Abyssinia's services are interesting, but they ignored the issues on the App service. 4. Most customers gave a complain on the App, but no one accept their complain to fix the issue. 5. Lastly, I will not recommend the App unless the issue has been solved ASAP!!","I will give only one star, because it faced with multiple of problems. 1. The app is not as fast as the other banks App, for e.g like CBE 2. The App asks repeatedly to switch off developer options, even if it is switched off. 3. Bank of Abyssinia's services are interesting, but they ignored the issues on the App service. 4. Most customers gave a complain on the App, but no one accept their complain to fix the issue. 5. Lastly, I will not recommend the App unless the issue has been solved ASAP!!",2025-01-03T05:56:58,24.11.22,,,23,google_play,2025-11-30T16:15:08.107712
5072a136-5343-4309-b265-14b5b12f9bd3,BOA,Bank of Abyssinia Mobile,com.boa.boaMobileBanking,1,"Why the app doesn't allow to update the previous version. In addition to this, when I install the new version and try to activate, the app doesn't allow to write the activation OTP code to the screen. I have received the OTP password from telegram and email. Would you please fix this bug. Thank you","Why the app doesn't allow to update the previous version. In addition to this, when I install the new version and try to activate, the app doesn't allow to write the activation OTP code to the screen. I have received the OTP password from telegram and email. Would you please fix this bug. Thank you",2024-02-03T20:01:10,24.01.09,,,556,google_play,2025-11-30T16:15:08.107712
6aba852c-18d6-4a41-a154-74c6184959ad,BOA,Bank of Abyssinia Mobile,com.boa.boaMobileBanking,1,"The worst mobile banking app ever!!! I have tried to transfer 25,000 from my BOA account to my CBE and it still hasn't reached my CBE account yet. When I tried contacting customer support they just tell me it's a problem with the system. I have waited 48 hours and I still haven't received my money. Bank of Abyssinia the worst bank and system, I don't recommend this app or bank to anyone.","The worst mobile banking app ever!!! I have tried to transfer 25,000 from my BOA account to my CBE and it still hasn't reached my CBE account yet. When I tried contacting customer support they just tell me it's a problem with the system. I have waited 48 hours and I still haven't received my money. Bank of Abyssinia the worst bank and system, I don't recommend this app or bank to anyone.",2024-03-01T13:31:20,24.02.07,,,31,google_play,2025-11-30T16:15:08.107712
896ee9aa-a483-4b1f-b73c-0a26c4b54790,BOA,Bank of Abyssinia Mobile,com.boa.boaMobileBanking,1,most of the time is not working properly,most of the time is not working properly,2025-11-25T06:23:20,25.09.03,,,0,google_play,2025-11-30T16:15:08.107712
68b7a597-8133-4584-9c3f-1e26fa21184e,BOA,Bank of Abyssinia Mobile,com.boa.boaMobileBanking,1,from the last week updates the app is not working Please check the problems,from the last week updates the app is not working Please check the problems,2025-10-08T19:21:32,25.09.03,,,0,google_play,2025-11-30T16:15:08.107712
924bdf3b-0b78-4402-9aaf-d1cbc39cc6af,BOA,Bank of Abyssinia Mobile,com.boa.boaMobileBanking,1,"I kindly request that Bank of abyssinia address issues with its mobile app. It is very slow, has numerous problems, and frequently experiences downtime. The user experience is also poor. Thank you.","I kindly request that Bank of abyssinia address issues with its mobile app. It is very slow, has numerous problems, and frequently experiences downtime. The user experience is also poor. Thank you.",2025-10-28T18:07:21,,,,0,google_play,2025-11-30T16:15:08.107712
663df513-c514-48fe-9c8f-4d9b244a7bef,BOA,Bank of Abyssinia Mobile,com.boa.boaMobileBanking,1,"Be careful of using this app to transfer large sums of money. Recently I can't top up my mobile card, can't pay tickets, can't transfer money to Telebirr. The *815# works but what's the use of an app if we're using USSD. It will refund your mobile top up days after failing to top up but I wouldn't want to risk that. I'm a big fan of BoA but I wouldn't recommend this app. 👎","Be careful of using this app to transfer large sums of money. Recently I can't top up my mobile card, can't pay tickets, can't transfer money to Telebirr. The *815# works but what's the use of an app if we're using USSD. It will refund your mobile top up days after failing to top up but I wouldn't want to risk that. I'm a big fan of BoA but I wouldn't recommend this app. 👎",2024-05-15T13:14:40,,,,3,google_play,2025-11-30T16:15:08.107712
14339503-d7a7-475c-bd75-f4240eee990c,BOA,Bank of Abyssinia Mobile,com.boa.boaMobileBanking,1,"This is terrible app. What the hell is your problem. Passwords can't be entered manually. I'm abroad. I don't have my Ethiopian Sim. I'm receiving the activation code via telegram. But you locked the system not to accept the activation OTP manually. Hence, I can't see my accounts, I can't make transactions etc.... how can you not think of this in advance.... now I'm in a terrible situation. I can't know what is going on with my account. WOULD YOU FIX IT NOW.... NOT TOMORROW or THE DAY AFTER...","This is terrible app. What the hell is your problem. Passwords can't be entered manually. I'm abroad. I don't have my Ethiopian Sim. I'm receiving the activation code via telegram. But you locked the system not to accept the activation OTP manually. Hence, I can't see my accounts, I can't make transactions etc.... how can you not think of this in advance.... now I'm in a terrible situation. I can't know what is going on with my account. WOULD YOU FIX IT NOW.... NOT TOMORROW or THE DAY AFTER...",2024-02-16T02:47:47,,,,4,google_play,2025-11-30T16:15:08.107712
cf142536-5be5-4353-b2e2-359e4b4622ae,BOA,Bank of Abyssinia Mobile,com.boa.boaMobileBanking,1,"So BoA, your last application was horrible and buggy. And we thought ""finally!! a functional new app with better UI."" But It didn't last long, a non existent connection error at login.... Please just fix your app to the simplest functional form and it would be up to your other service standards.","So BoA, your last application was horrible and buggy. And we thought ""finally!! a functional new app with better UI."" But It didn't last long, a non existent connection error at login.... Please just fix your app to the simplest functional form and it would be up to your other service standards.",2024-04-21T22:41:32,24.02.07,,,82,google_play,2025-11-30T16:15:08.107712
6856f9cd-42b9-4ec3-879a-d7893bf12b69,BOA,Bank of Abyssinia Mobile,com.boa.boaMobileBanking,1,"Very poor app. It crashes every time, doesn't load properly, and you can't even buy airtime. The programming is subpar. Please take lessons from other online banking apps. I would give it a zero if I could!!","Very poor app. It crashes every time, doesn't load properly, and you can't even buy airtime. The programming is subpar. Please take lessons from other online banking apps. I would give it a zero if I could!!",2024-05-10T14:57:32,,,,4,google_play,2025-11-30T16:15:08.107712
a3f239e6-b1c6-4910-8d4d-5db544802d31,BOA,Bank of Abyssinia Mobile,com.boa.boaMobileBanking,1,"The app does not work well from abroad, there have been continuous upgrades and updates that are very interruptive and non-responsive. Staff do not have the technical capabilities to support whereas the support number and online support are never available.","The app does not work well from abroad, there have been continuous upgrades and updates that are very interruptive and non-responsive. Staff do not have the technical capabilities to support whereas the support number and online support are never available.",2024-02-12T14:10:57,24.02.07,,,76,google_play,2025-11-30T16:15:08.107712
dfbe9aad-91a9-4bc9-8aac-1ecf644d89bc,BOA,Bank of Abyssinia Mobile,com.boa.boaMobileBanking,2,"The app doesnot allow to transfer from foreign currency accounts to local currency accounts , it says transaction not allowed , please check it and also it is difficult to activate the app from abroad countries since the otp doesn't reach by sms and it uses email, it doesn't allow manual otp input and the email hardly received , please review your app and make an update !!!","The app doesnot allow to transfer from foreign currency accounts to local currency accounts , it says transaction not allowed , please check it and also it is difficult to activate the app from abroad countries since the otp doesn't reach by sms and it uses email, it doesn't allow manual otp input and the email hardly received , please review your app and make an update !!!",2024-03-22T13:17:14,24.02.07,,,25,google_play,2025-11-30T16:15:08.107712
6725eae9-b141-4a7c-abcd-90125d0fa3bd,BOA,Bank of Abyssinia Mobile,com.boa.boaMobileBanking,2,"The app is not suitable and lacks a good UI design. As a large bank, you must update your app with a professional UI that is fast and appropriate.","The app is not suitable and lacks a good UI design. As a large bank, you must update your app with a professional UI that is fast and appropriate.",2025-10-16T10:53:31,,,,0,google_play,2025-11-30T16:15:08.107712
243b532d-869b-40a5-931c-a7fec1297cf6,BOA,Bank of Abyssinia Mobile,com.boa.boaMobileBanking,5,"This is a much better app from BOA, easy to activate with ATM credit info, that helps someone like myself who already forgots previous PIN No or IB password. Apps runs fast unlike the previous versions. I hope you don't ruin it with unnecessary update. Please notify customers to use this app through their SMS.","This is a much better app from BOA, easy to activate with ATM credit info, that helps someone like myself who already forgots previous PIN No or IB password. Apps runs fast unlike the previous versions. I hope you don't ruin it with unnecessary update. Please notify customers to use this app through their SMS.",2024-01-18T19:40:54,24.01.09,,,848,google_play,2025-11-30T16:15:08.107712
0392e082-49c5-4493-a4ca-14430e890d1b,BOA,Bank of Abyssinia Mobile,com.boa.boaMobileBanking,1,"Worst App it ain't allowing yo activate not even in the nearest branch are able to activate it. I have been client of the bank for 10years. What is this BoA? As we know it being a leading in simplifying banking service this App needs to be fixed. Then we will give it better rate,","Worst App it ain't allowing yo activate not even in the nearest branch are able to activate it. I have been client of the bank for 10years. What is this BoA? As we know it being a leading in simplifying banking service this App needs to be fixed. Then we will give it better rate,",2024-02-13T08:33:13,24.02.07,,,17,google_play,2025-11-30T16:15:08.107712
d9506985-4b35-431f-81f7-f9388ddb14d2,BOA,Bank of Abyssinia Mobile,com.boa.boaMobileBanking,1,"The worst mobile banking app! It doesn't load (seems like with the perfect WiFi and data connection it still manages to have network issues), when you finally get into the app, it makes it so hard more than it should be to send money.","The worst mobile banking app! It doesn't load (seems like with the perfect WiFi and data connection it still manages to have network issues), when you finally get into the app, it makes it so hard more than it should be to send money.",2024-05-31T18:55:46,24.05.07,,,69,google_play,2025-11-30T16:15:08.107712
66fafa2a-e28c-44d1-a7ce-dec09bb3c929,BOA,Bank of Abyssinia Mobile,com.boa.boaMobileBanking,1,This app is not efficient and can't be used for people outside Ethiopia. I am not able to enter back my OTP code into the App screen as it gets frozen and nothing can be done. Also the login screen forces to enter a local cell phone in Ethiopia and a PIN number. Those of us who live abroad are left out. The previous application with BoA Authenitcater was working efficiently and I was also able to login using my LapTop. I recommend the Application to use login user name & email instead of Ph#.,This app is not efficient and can't be used for people outside Ethiopia. I am not able to enter back my OTP code into the App screen as it gets frozen and nothing can be done. Also the login screen forces to enter a local cell phone in Ethiopia and a PIN number. Those of us who live abroad are left out. The previous application with BoA Authenitcater was working efficiently and I was also able to login using my LapTop. I recommend the Application to use login user name & email instead of Ph#.,2024-02-23T21:03:31,24.02.07,,,40,google_play,2025-11-30T16:15:08.107712
426191d1-9b6d-4582-aeae-55633c041d3e,BOA,Bank of Abyssinia Mobile,com.boa.boaMobileBanking,1,this app can't open? what is problem? please solve my problem?,this app can't open? what is problem? please solve my problem?,2025-10-28T00:44:21,25.09.03,,,0,google_play,2025-11-30T16:15:08.107712
9151c064-a00f-4efc-ad7a-1f632401b194,BOA,Bank of Abyssinia Mobile,com.boa.boaMobileBanking,1,"This app takes too long time to be opened. And even it is not working simply as other banks application. Why this app does not give a digital invoice. Even, I am not able to find where the screeshot is kept after transaction. So, please the developer should fix all these.","This app takes too long time to be opened. And even it is not working simply as other banks application. Why this app does not give a digital invoice. Even, I am not able to find where the screeshot is kept after transaction. So, please the developer should fix all these.",2024-08-07T15:34:52,24.07.04,,,44,google_play,2025-11-30T16:15:08.107712
db0f8d24-804c-4cf2-8a36-f1f68b6bd616,BOA,Bank of Abyssinia Mobile,com.boa.boaMobileBanking,1,"This is the most stupid app I've seen, why would I turn off developer mode just because you can't make your app secure, this clearly indicates the app has very poor implementation and unskilled developers.. There are a lot of people who need developer option for different reasons. Please for the sake of the bank, fix this thing... Even the most secure international banking apps don't require it. Not to mention the lag and crashes","This is the most stupid app I've seen, why would I turn off developer mode just because you can't make your app secure, this clearly indicates the app has very poor implementation and unskilled developers.. There are a lot of people who need developer option for different reasons. Please for the sake of the bank, fix this thing... Even the most secure international banking apps don't require it. Not to mention the lag and crashes",2024-07-12T03:11:29,,,,11,google_play,2025-11-30T16:15:08.107712
d2509015-b677-4dbc-ae07-99e399be5ebf,BOA,Bank of Abyssinia Mobile,com.boa.boaMobileBanking,1,My advice for whoever reading is go look for other bank(awash bank is a great example). This bank won't even allow you to access your money when you want. It has bad servers which don't work(respond) on time.,My advice for whoever reading is go look for other bank(awash bank is a great example). This bank won't even allow you to access your money when you want. It has bad servers which don't work(respond) on time.,2024-05-11T18:15:12,24.05.07,,,14,google_play,2025-11-30T16:15:08.107712
ec30627f-c9a0-48f6-8fd2-38fcae3ab112,BOA,Bank of Abyssinia Mobile,com.boa.boaMobileBanking,4,"as bank, u should at least hire someone good at their job bc this a joke nowadays I can't even log in or even transfer without it crashing if u fix the app I will update this review I am counting on u boa update: so they atleast fixed it but as suggestion can u put password when in final step of sending money it will feel more secure that way","as bank, u should at least hire someone good at their job bc this a joke nowadays I can't even log in or even transfer without it crashing if u fix the app I will update this review I am counting on u boa update: so they atleast fixed it but as suggestion can u put password when in final step of sending money it will feel more secure that way",2025-08-17T05:44:58,25.05.03,,,8,google_play,2025-11-30T16:15:08.107712
9f9ace0f-c63b-4482-a159-12c2bcd357ae,BOA,Bank of Abyssinia Mobile,com.boa.boaMobileBanking,1,Worest Banking App Ever I seen. Fake App Bad Better to Leave,Worest Banking App Ever I seen. Fake App Bad Better to Leave,2025-11-10T17:03:40,25.09.03,,,0,google_play,2025-11-30T16:15:08.107712
5491d730-4219-44e7-804f-3089aa98f554,BOA,Bank of Abyssinia Mobile,com.boa.boaMobileBanking,1,"This app is trash, it's not working for the past 3-4 days. I've to go to the bank to send money to other banks. Plus the app keeps crashing since the last update. BOA as a bank is deteriorating! This has to change.","This app is trash, it's not working for the past 3-4 days. I've to go to the bank to send money to other banks. Plus the app keeps crashing since the last update. BOA as a bank is deteriorating! This has to change.",2024-04-30T19:45:24,24.04.26,,,326,google_play,2025-11-30T16:15:08.107712
94d435e8-8e1a-43e6-8a3c-bd755d66064e,BOA,Bank of Abyssinia Mobile,com.boa.boaMobileBanking,1,The app keeps crashing it stops responding while I'm using it or trying to open the app. Now I have to go to the bank in person to do any banking activities. In short it is the worst mobile banking system in Ethiopia,The app keeps crashing it stops responding while I'm using it or trying to open the app. Now I have to go to the bank in person to do any banking activities. In short it is the worst mobile banking system in Ethiopia,2024-07-11T14:10:32,24.04.26,,,24,google_play,2025-11-30T16:15:08.107712
f2fac0e0-abfb-4625-8443-a49953389605,BOA,Bank of Abyssinia Mobile,com.boa.boaMobileBanking,1,"Unreliable, expensive service. Most of the time, it is not working. Sometimes, it will take more than a day to complete transactions and charges more for this unworthy service. I will not recommend this bank app to anyone.","Unreliable, expensive service. Most of the time, it is not working. Sometimes, it will take more than a day to complete transactions and charges more for this unworthy service. I will not recommend this bank app to anyone.",2024-06-10T22:09:57,24.05.07,,,9,google_play,2025-11-30T16:15:08.107712
1bdac495-0844-4896-b693-213485aad561,BOA,Bank of Abyssinia Mobile,com.boa.boaMobileBanking,1,"I can't believe in this day and age, one of the major banks of the country can't seem to understand that having a working mobile payment option is a **MUST** to survive. I have decided to move my accounts to CBE and Awash because of this. Can't be bothered with this useless app.","I can't believe in this day and age, one of the major banks of the country can't seem to understand that having a working mobile payment option is a **MUST** to survive. I have decided to move my accounts to CBE and Awash because of this. Can't be bothered with this useless app.",2024-07-04T13:46:13,24.05.07,,,16,google_play,2025-11-30T16:15:08.107712
62fa097e-3fd8-4522-a3a3-9b13f17f594d,BOA,Bank of Abyssinia Mobile,com.boa.boaMobileBanking,1,"This app future is good, but there is problems with apps to reset and activate it, which is difficult even to the branch staffs, and it takes too long times to active at the branch plus most of the time high expected failure of activation after process at the counter and OTP sent not work","This app future is good, but there is problems with apps to reset and activate it, which is difficult even to the branch staffs, and it takes too long times to active at the branch plus most of the time high expected failure of activation after process at the counter and OTP sent not work",2025-05-06T17:06:33,,,,4,google_play,2025-11-30T16:15:08.107712
25b7eec9-d1ef-41be-8bb3-3fd1b1cb8068,BOA,Bank of Abyssinia Mobile,com.boa.boaMobileBanking,1,"please add language in the apps setting(amharic afan oromo, tigniya,and others) sometimes bank to bank transfer is not available through time and even if if it is available not reachable…it is serious issue!","please add language in the apps setting(amharic afan oromo, tigniya,and others) sometimes bank to bank transfer is not available through time and even if if it is available not reachable…it is serious issue!",2025-02-15T16:15:50,24.11.22,,,3,google_play,2025-11-30T16:15:08.107712
005d202c-1b73-435b-b0a4-888e815972f6,BOA,Bank of Abyssinia Mobile,com.boa.boaMobileBanking,1,"""I am extremely disappointed with the poor service I have received. It is unacceptable that I cannot make transactions of 30,000 Birr and sometimes my money gets stuck in the air. As a result of your incompetence, I have been forced to change my bank account. This level of service is completely unacceptable and needs to be rectified immediately.""","""I am extremely disappointed with the poor service I have received. It is unacceptable that I cannot make transactions of 30,000 Birr and sometimes my money gets stuck in the air. As a result of your incompetence, I have been forced to change my bank account. This level of service is completely unacceptable and needs to be rectified immediately.""",2024-05-06T00:13:23,24.04.26,,,10,google_play,2025-11-30T16:15:08.107712
8bbe29d8-ec75-4ffb-9b2d-fe22c62b1182,BOA,Bank of Abyssinia Mobile,com.boa.boaMobileBanking,1,"The updated version of this app is just time wasting. It doesn't work with 2G/3G network.require log in frequently,not fast as much as possible.automatic log out are the bad features of this app","The updated version of this app is just time wasting. It doesn't work with 2G/3G network.require log in frequently,not fast as much as possible.automatic log out are the bad features of this app",2024-04-13T12:51:14,24.02.07,,,22,google_play,2025-11-30T16:15:08.107712
b768c25c-bc3a-4d57-8c45-97e489546662,BOA,Bank of Abyssinia Mobile,com.boa.boaMobileBanking,5,I love this bank the best experience ever.,I love this bank the best experience ever.,2025-09-28T03:17:38,25.09.03,,,7,google_play,2025-11-30T16:15:08.107712
d8c26573-6298-42ad-b768-d2981e2ec79b,BOA,Bank of Abyssinia Mobile,com.boa.boaMobileBanking,1,It's just terrible. It kept crashing in middle of transaction. Hell sometimes it won't open. My phone is stock Android (pixel 8) and I don't even know how this happens. Fix it!,It's just terrible. It kept crashing in middle of transaction. Hell sometimes it won't open. My phone is stock Android (pixel 8) and I don't even know how this happens. Fix it!,2024-05-20T18:24:24,24.05.07,,,23,google_play,2025-11-30T16:15:08.107712
1962d1c4-e2c2-4ac7-91b6-b0a75ae11d7a,BOA,Bank of Abyssinia Mobile,com.boa.boaMobileBanking,1,Worst mobile banking app I ever experienced I was blaming other apps but comparing with this they're too much better!!!! It clashes it takes much longer time to login while loading in short it's a complete of trash,Worst mobile banking app I ever experienced I was blaming other apps but comparing with this they're too much better!!!! It clashes it takes much longer time to login while loading in short it's a complete of trash,2025-03-06T20:44:28,24.11.22,,,5,google_play,2025-11-30T16:15:08.107712
0e5e093a-1cf1-4c49-87ed-046888b8afa9,BOA,Bank of Abyssinia Mobile,com.boa.boaMobileBanking,3,"Decent, but there problems sometimes it says error When i transfer money but infact it transferred because of this bug i transferred 2 times instead of 1 and also we can't transfer money to others telebirr acc we only can to our self BOE Dev fix this !!!","Decent, but there problems sometimes it says error When i transfer money but infact it transferred because of this bug i transferred 2 times instead of 1 and also we can't transfer money to others telebirr acc we only can to our self BOE Dev fix this !!!",2025-03-11T07:22:01,,,,3,google_play,2025-11-30T16:15:08.107712
53214d92-a487-43cb-b69d-b65294b40823,BOA,Bank of Abyssinia Mobile,com.boa.boaMobileBanking,1,"The app is essentially unusable, it asks to disable developer mode even when it is already disabled and crashes, sometimes it only works with wifi and sometimes only with data, or it crashes just because.......","The app is essentially unusable, it asks to disable developer mode even when it is already disabled and crashes, sometimes it only works with wifi and sometimes only with data, or it crashes just because.......",2024-07-04T09:59:38,24.05.07,,,19,google_play,2025-11-30T16:15:08.107712
d1db8100-c3db-4123-a13d-b2c111104f34,BOA,Bank of Abyssinia Mobile,com.boa.boaMobileBanking,5,"This app is way better than both Apollo and the old mobile banking app. It's super easy to use and loads really fast. If you already have boa mobile banking before, activating it is a piece of cake. Great job on making such an awesome app – keep it up !","This app is way better than both Apollo and the old mobile banking app. It's super easy to use and loads really fast. If you already have boa mobile banking before, activating it is a piece of cake. Great job on making such an awesome app – keep it up !",2024-01-27T18:13:35,24.01.09,,,98,google_play,2025-11-30T16:15:08.107712
881841d6-eb17-46a9-9975-60090151aa37,BOA,Bank of Abyssinia Mobile,com.boa.boaMobileBanking,1,Worst app ever previous version was way better than this version after I activated my mobile banking app it says account not found but I'm their system my IB customer does work fine please fix your bugs and test it before you release it I have visit and report many branches and head quarter but they can't fix the problem,Worst app ever previous version was way better than this version after I activated my mobile banking app it says account not found but I'm their system my IB customer does work fine please fix your bugs and test it before you release it I have visit and report many branches and head quarter but they can't fix the problem,2024-03-23T09:39:09,24.02.07,,,6,google_play,2025-11-30T16:15:08.107712
ffe4b898-4efa-4a93-bf70-dd405f3edde4,BOA,Bank of Abyssinia Mobile,com.boa.boaMobileBanking,1,I don't know why they roll out new updates without making sure it works! Why???? Do they need to update to a new staff? Perhaps pay for a better network?? Mindenew? I don't know there always a problem with this app.,I don't know why they roll out new updates without making sure it works! Why???? Do they need to update to a new staff? Perhaps pay for a better network?? Mindenew? I don't know there always a problem with this app.,2024-03-02T02:59:27,24.02.07,,,6,google_play,2025-11-30T16:15:08.107712
13cb3aad-a536-447c-8e30-2d7eaedcf5e4,BOA,Bank of Abyssinia Mobile,com.boa.boaMobileBanking,1,"The application used to work well. But after updates I'm not able to use the forgot password feature, which is blocking me from accessing it as a whole.","The application used to work well. But after updates I'm not able to use the forgot password feature, which is blocking me from accessing it as a whole.",2024-08-20T11:35:21,24.07.04,,,9,google_play,2025-11-30T16:15:08.107712
0eee74b6-043c-4004-9db6-1f923ecfa564,BOA,Bank of Abyssinia Mobile,com.boa.boaMobileBanking,1,"It has good backgroud and simple. But keeps saying no conectivty , login, Close immediately you made it porly not woriking on stable network!!!","It has good backgroud and simple. But keeps saying no conectivty , login, Close immediately you made it porly not woriking on stable network!!!",2024-04-21T20:00:31,24.02.07,,,8,google_play,2025-11-30T16:15:08.107712
b12b3e39-f4c6-48bf-86bd-e50202d37452,BOA,Bank of Abyssinia Mobile,com.boa.boaMobileBanking,2,"By far the nicest looking app by an Ethiopian Bank. But it's functionality is weak. It is full of Transaction error, Function Error. Kudos, but it needs more backend work.","By far the nicest looking app by an Ethiopian Bank. But it's functionality is weak. It is full of Transaction error, Function Error. Kudos, but it needs more backend work.",2024-04-22T15:44:12,24.04.22,,,10,google_play,2025-11-30T16:15:08.107712
5b6eabc7-30fd-4b72-ba91-8acb7763f48b,BOA,Bank of Abyssinia Mobile,com.boa.boaMobileBanking,1,This app is the most worst app I used in Ethiopia and belive me I know I live in Ethiopia. Being the fincial app It doesn't work when you want it. It makes you wait for cash out code and immediately debit the amount before sending the code I have got to say abysinia bank I didn't expect this from you and I use CBE mobile banking,This app is the most worst app I used in Ethiopia and belive me I know I live in Ethiopia. Being the fincial app It doesn't work when you want it. It makes you wait for cash out code and immediately debit the amount before sending the code I have got to say abysinia bank I didn't expect this from you and I use CBE mobile banking,2024-05-18T12:42:05,24.05.07,,,3,google_play,2025-11-30T16:15:08.107712
2ed20bd2-3a87-458d-8757-635f698d0e6d,BOA,Bank of Abyssinia Mobile,com.boa.boaMobileBanking,3,The app has bugs. Signing in is still a challenge. Transfer to another bank is impossible. The app is slow and bland.,The app has bugs. Signing in is still a challenge. Transfer to another bank is impossible. The app is slow and bland.,2024-05-11T08:25:28,24.05.07,,,9,google_play,2025-11-30T16:15:08.107712
cdba46f4-4ab0-43ec-8d9a-e695cd895794,BOA,Bank of Abyssinia Mobile,com.boa.boaMobileBanking,1,Sorry to say this compared to other banks mobile app its the worest it need more improvement the app doesn't match the bank standard it need more update its too slow plus it keep saying stop developing option on your phone when no developing setting enabled ??plus when it come to recent transaction nothing to display...,Sorry to say this compared to other banks mobile app its the worest it need more improvement the app doesn't match the bank standard it need more update its too slow plus it keep saying stop developing option on your phone when no developing setting enabled ??plus when it come to recent transaction nothing to display...,2024-05-24T19:38:48,24.05.07,,,8,google_play,2025-11-30T16:15:08.107712
872b3daf-6c3e-43e9-a7cf-ba1199c25010,BOA,Bank of Abyssinia Mobile,com.boa.boaMobileBanking,2,It was working good before the last update but after the update it asks to disable developer option. why is that? That means any developer with developer option enabled can't access his account. It crushs a lot of times.,It was working good before the last update but after the update it asks to disable developer option. why is that? That means any developer with developer option enabled can't access his account. It crushs a lot of times.,2024-05-01T22:14:29,24.04.26,,,17,google_play,2025-11-30T16:15:08.107712
c3c57420-55b1-4d02-956b-cbdc55b33e41,BOA,Bank of Abyssinia Mobile,com.boa.boaMobileBanking,1,"After last update, the app keeps crashing, not working. Pls fix it. Mobile transactions become impossible.","After last update, the app keeps crashing, not working. Pls fix it. Mobile transactions become impossible.",2024-05-02T08:10:03,24.04.26,,,12,google_play,2025-11-30T16:15:08.107712
1e10c54c-f676-477c-9a7b-bb0aba1aeb9e,BOA,Bank of Abyssinia Mobile,com.boa.boaMobileBanking,1,"It say ""The request was not successful. please check device connectivity or try again"" why? One of the bank manager told me it is because of my phone's android version which is 9.1 It is ridiculous! Disappointing","It say ""The request was not successful. please check device connectivity or try again"" why? One of the bank manager told me it is because of my phone's android version which is 9.1 It is ridiculous! Disappointing",2024-09-11T21:39:38,24.07.04,,,9,google_play,2025-11-30T16:15:08.107712
3a07b9bf-de50-41a0-a880-d8956c350036,BOA,Bank of Abyssinia Mobile,com.boa.boaMobileBanking,1,"Slow login, crashes frequently, annoying app ever. Since you updated this app, it's been extremely unhelpful.","Slow login, crashes frequently, annoying app ever. Since you updated this app, it's been extremely unhelpful.",2024-05-01T16:40:11,24.04.26,,,9,google_play,2025-11-30T16:15:08.107712
2d52d1a5-525c-4655-b858-e8d0d2e20bc2,BOA,Bank of Abyssinia Mobile,com.boa.boaMobileBanking,1,Why is not letting me access my account. The whole point of this app is for me to gey access to my account without physically being at the bank. I would give it a zero but a one will suffice to get my point accross.,Why is not letting me access my account. The whole point of this app is for me to gey access to my account without physically being at the bank. I would give it a zero but a one will suffice to get my point accross.,2024-12-27T11:28:26,24.11.22,,,8,google_play,2025-11-30T16:15:08.107712
98205344-768d-4132-bc7a-3c86650c6db1,BOA,Bank of Abyssinia Mobile,com.boa.boaMobileBanking,1,"I don't know why every time you come up with a new update the app get worst than the oldest, it is taking more time to load, can load money to telebirr, can't pay awach. Please try to fix it.","I don't know why every time you come up with a new update the app get worst than the oldest, it is taking more time to load, can load money to telebirr, can't pay awach. Please try to fix it.",2024-05-02T06:00:51,24.04.26,,,12,google_play,2025-11-30T16:15:08.107712
78e8871b-9992-401f-a928-98f5bfd7bb16,BOA,Bank of Abyssinia Mobile,com.boa.boaMobileBanking,3,The latest update has a bug it keeps crashing. Please fix it it's so inconvenient to do our business this way. That or we will switch to other banks,The latest update has a bug it keeps crashing. Please fix it it's so inconvenient to do our business this way. That or we will switch to other banks,2024-04-30T05:01:28,24.04.26,,,11,google_play,2025-11-30T16:15:08.107712
85a692a1-c9ed-4525-a373-8756f3b9724a,BOA,Bank of Abyssinia Mobile,com.boa.boaMobileBanking,1,"Worst app ever, not user friendly, even doesn't serve basic functionality correctly, takes to much time to login and navigate through the app, we expected more from this bank","Worst app ever, not user friendly, even doesn't serve basic functionality correctly, takes to much time to login and navigate through the app, we expected more from this bank",2024-08-07T12:03:34,24.07.04,,,6,google_play,2025-11-30T16:15:08.107712
6e039674-a668-43a6-8d89-201a4c32000e,BOA,Bank of Abyssinia Mobile,com.boa.boaMobileBanking,3,"Despite the enhanced technology you have, the application doesn't work properly, and it asks for the developer option to be turned off, fix that.","Despite the enhanced technology you have, the application doesn't work properly, and it asks for the developer option to be turned off, fix that.",2024-08-12T12:23:20,24.07.04,,,22,google_play,2025-11-30T16:15:08.107712
4fef53fb-1b5d-4262-b097-1436650e85b4,BOA,Bank of Abyssinia Mobile,com.boa.boaMobileBanking,4,I prefer the earlier version. This updated app crushes during login and says there is bug. Please fix the bug issue.,I prefer the earlier version. This updated app crushes during login and says there is bug. Please fix the bug issue.,2024-05-03T17:19:24,24.04.26,,,18,google_play,2025-11-30T16:15:08.107712
d02b75ee-2f90-4c29-a169-b21045b50827,BOA,Bank of Abyssinia Mobile,com.boa.boaMobileBanking,5,"Its amazing and easy to use , but from these two past days it crashes and tells me ""there is not enough connectivity"" while my internet was good enough , and i can't open it anymore !! Fix this proplem ASAP.","Its amazing and easy to use , but from these two past days it crashes and tells me ""there is not enough connectivity"" while my internet was good enough , and i can't open it anymore !! Fix this proplem ASAP.",2024-03-01T22:09:40,24.02.07,,,12,google_play,2025-11-30T16:15:08.107712
b6e1b58d-d5d6-4134-b837-32c4833850ae,BOA,Bank of Abyssinia Mobile,com.boa.boaMobileBanking,1,It usually crashes and the reason it gives is a problem on internet connection although the internet was fine.,It usually crashes and the reason it gives is a problem on internet connection although the internet was fine.,2024-07-23T09:35:15,24.07.04,,,4,google_play,2025-11-30T16:15:08.107712
0064eed9-e5be-4a49-a552-8ad9189579b3,BOA,Bank of Abyssinia Mobile,com.boa.boaMobileBanking,2,"It was working fine a couple of days ago, in the utilities section of payment it only provides a few services but that is OK for now but my issue is it has started crashing down these past 2 days","It was working fine a couple of days ago, in the utilities section of payment it only provides a few services but that is OK for now but my issue is it has started crashing down these past 2 days",2024-04-21T14:59:22,24.02.07,,,5,google_play,2025-11-30T16:15:08.107712
3d362e0c-4c39-498b-8b61-b52226effacd,BOA,Bank of Abyssinia Mobile,com.boa.boaMobileBanking,1,"The worst app update ever. Why would you include the ""developer option off"" thing here? Why do you care? It is my phone my money, right? That is the reason why I switched to other banks. So either turn it off or everyone will discontinue their business one by one.","The worst app update ever. Why would you include the ""developer option off"" thing here? Why do you care? It is my phone my money, right? That is the reason why I switched to other banks. So either turn it off or everyone will discontinue their business one by one.",2024-11-17T20:11:45,24.09.30,,,23,google_play,2025-11-30T16:15:08.107712
68104af7-50d8-4340-b657-d94b6b993573,BOA,Bank of Abyssinia Mobile,com.boa.boaMobileBanking,1,"I never ever seen the worst commercial app like this in my life , it does not work anything , i donot know how the IT Team of the bank tested and launch the app. Its annoying !","I never ever seen the worst commercial app like this in my life , it does not work anything , i donot know how the IT Team of the bank tested and launch the app. Its annoying !",2024-04-30T08:20:42,24.04.26,,,16,google_play,2025-11-30T16:15:08.107712
f001bc11-3899-462e-8416-919d4f8b575d,BOA,Bank of Abyssinia Mobile,com.boa.boaMobileBanking,1,"I am an app developer, I need to keep developer options on... WHY ARE YOU ASKING ME TO TURN DEVELOPER OPTIONS OFF... why is it that Abyssinia is the only damned bank in Ethiopia that just can't seem to buld an app that works... it's not that hard people, just look at CBE... this is simply terrible, borderline unusable!","I am an app developer, I need to keep developer options on... WHY ARE YOU ASKING ME TO TURN DEVELOPER OPTIONS OFF... why is it that Abyssinia is the only damned bank in Ethiopia that just can't seem to buld an app that works... it's not that hard people, just look at CBE... this is simply terrible, borderline unusable!",2024-05-09T13:13:42,24.05.07,,,6,google_play,2025-11-30T16:15:08.107712
8e9bcb5d-012f-4969-bb6f-c5a715e31318,BOA,Bank of Abyssinia Mobile,com.boa.boaMobileBanking,3,"One of the weakness in BOA is it's mobile App. I hope this will address some of them, but it is very critical to work on modernizing and ensuring the security of it's mobile banking system in this digitalized world","One of the weakness in BOA is it's mobile App. I hope this will address some of them, but it is very critical to work on modernizing and ensuring the security of it's mobile banking system in this digitalized world",2024-02-04T05:03:19,24.01.09,,,7,google_play,2025-11-30T16:15:08.107712
27614b2a-f8e3-48d6-8cb2-9a83c03e36a3,BOA,Bank of Abyssinia Mobile,com.boa.boaMobileBanking,5,"Its nice platform when i compare with the previous version! But, when i try to use mobile banking the app states use the updated one! As it orders, i updated BOA from playstore, when i try to use mobile banking on the following day the same thing-update from the playstore!!!!","Its nice platform when i compare with the previous version! But, when i try to use mobile banking the app states use the updated one! As it orders, i updated BOA from playstore, when i try to use mobile banking on the following day the same thing-update from the playstore!!!!",2024-02-20T15:54:44,24.02.07,"Dear customer, We are sorry for the inconvenience please contact us at 8397 and share as much information as you can. We will investigate your case. Thank you!",2024-02-22T13:49:40,330,google_play,2025-11-30T16:15:08.107712
e4f460a1-24e4-48c8-8a36-477f91417816,BOA,Bank of Abyssinia Mobile,com.boa.boaMobileBanking,1,I have nothing against your service but your App!!!!??? When will it ever work? Why do you keep changing the interface whenever there is an update? The most unreadable annoying app.,I have nothing against your service but your App!!!!??? When will it ever work? Why do you keep changing the interface whenever there is an update? The most unreadable annoying app.,2024-03-22T12:36:57,24.02.07,,,13,google_play,2025-11-30T16:15:08.107712
dc201a15-30b2-4d8b-8754-0ecc2db8130b,BOA,Bank of Abyssinia Mobile,com.boa.boaMobileBanking,1,"the app used to run fine, but now it takes like forever to even open the main dashboard and sometimes it just crashes on its own. you guys gotta step it up. we need this app to be way faster","the app used to run fine, but now it takes like forever to even open the main dashboard and sometimes it just crashes on its own. you guys gotta step it up. we need this app to be way faster",2024-06-27T22:33:38,24.05.07,,,9,google_play,2025-11-30T16:15:08.107712
821887b9-da34-47e7-9eab-d9559813d40e,BOA,Bank of Abyssinia Mobile,com.boa.boaMobileBanking,3,"Great graphics, but why my music have to stop when I open this app? Make it make sense. But overall, it's good, but also needs too much data just to load this app. We might need a lite version of this.","Great graphics, but why my music have to stop when I open this app? Make it make sense. But overall, it's good, but also needs too much data just to load this app. We might need a lite version of this.",2024-02-15T10:22:15,,,,1,google_play,2025-11-30T16:15:08.107712
d99c1e28-22e9-488e-b561-861e8282b60a,BOA,Bank of Abyssinia Mobile,com.boa.boaMobileBanking,5,"Simple, fast and easy to use. I had bad experience on apollo and the older version of this app is too slow.","Simple, fast and easy to use. I had bad experience on apollo and the older version of this app is too slow.",2024-02-05T09:58:49,24.01.09,,,8,google_play,2025-11-30T16:15:08.107712
7d475f3a-15b4-4e56-ae4b-1fc451749e61,BOA,Bank of Abyssinia Mobile,com.boa.boaMobileBanking,1,"Edit: New bug, app not letting me type in my otp codes. Shameful Why does this app not allow me to use it while having developer options on? Did y'all consider that I might, perhaps, be an actual developer? Why am I expected to toggle the option on and off just to bank (restarting my phone when I do)? Why is the message labled as somthing that will ""smoothen"" the experience? This is like the most ""security consultant"" thing to implement in an app. Please invest in actual security, not this mess.","Edit: New bug, app not letting me type in my otp codes. Shameful Why does this app not allow me to use it while having developer options on? Did y'all consider that I might, perhaps, be an actual developer? Why am I expected to toggle the option on and off just to bank (restarting my phone when I do)? Why is the message labled as somthing that will ""smoothen"" the experience? This is like the most ""security consultant"" thing to implement in an app. Please invest in actual security, not this mess.",2025-03-12T20:41:25,25.03.07,,,138,google_play,2025-11-30T16:15:08.107712
2795b1e3-ccdc-4b4a-8c25-cd4c6cc0d2ba,BOA,Bank of Abyssinia Mobile,com.boa.boaMobileBanking,1,It has been a while since you guys started giving the mobile app service but still couldn't get it to work. I'm sure you know that it doesn't work already but not sure if you're lazy or incompetent to fix it. You are losing business because of this. Complacency will have consequences.,It has been a while since you guys started giving the mobile app service but still couldn't get it to work. I'm sure you know that it doesn't work already but not sure if you're lazy or incompetent to fix it. You are losing business because of this. Complacency will have consequences.,2024-12-10T07:43:57,24.11.22,,,19,google_play,2025-11-30T16:15:08.107712
7fd70a5c-3336-4c74-b321-622b29e5d371,BOA,Bank of Abyssinia Mobile,com.boa.boaMobileBanking,1,"Installed the latest version of this app on my Android 14 device, but it is not working. I have already received the activation key from your branch (via SMS), but couldn't activate it. It is a failed app. I bet you don't have QA testers.","Installed the latest version of this app on my Android 14 device, but it is not working. I have already received the activation key from your branch (via SMS), but couldn't activate it. It is a failed app. I bet you don't have QA testers.",2024-04-24T20:05:57,24.04.22,,,34,google_play,2025-11-30T16:15:08.107712
3271d45f-2900-41b6-878c-669ac563e60a,BOA,Bank of Abyssinia Mobile,com.boa.boaMobileBanking,1,It keeps showing this pop up to turn off developer options even tho it's off! I had to turn on and then off to make it work! This is a horrible experience and needs a fix asap! Plus kinda slow.,It keeps showing this pop up to turn off developer options even tho it's off! I had to turn on and then off to make it work! This is a horrible experience and needs a fix asap! Plus kinda slow.,2025-04-19T06:15:54,25.03.07,,,24,google_play,2025-11-30T16:15:08.107712
481a1e89-df8b-43d4-9bf7-aa4a5cd196f5,BOA,Bank of Abyssinia Mobile,com.boa.boaMobileBanking,1,The App is not working on Android 9.1 at all. It shows an error notification and forcefully closes the app. Must be fixed ASAP.,The App is not working on Android 9.1 at all. It shows an error notification and forcefully closes the app. Must be fixed ASAP.,2024-07-19T17:36:11,24.07.04,,,23,google_play,2025-11-30T16:15:08.107712
1c4b07f2-e2ce-4531-8d1b-04dd4c2f2351,BOA,Bank of Abyssinia Mobile,com.boa.boaMobileBanking,5,"It was a very nice app and was exemplary to other banks, but I am experiencing difficulties in transfering transactions and thinking to leave Abyssinia? What would you advise me. ወጣ ወጣና ሆነእኮ ነገሩ።","It was a very nice app and was exemplary to other banks, but I am experiencing difficulties in transfering transactions and thinking to leave Abyssinia? What would you advise me. ወጣ ወጣና ሆነእኮ ነገሩ።",2024-03-14T16:33:49,24.02.07,,,7,google_play,2025-11-30T16:15:08.107712
1756e606-985f-44eb-bab4-95bcf0848416,BOA,Bank of Abyssinia Mobile,com.boa.boaMobileBanking,1,This application is losing major factions on a daily basis. I can count how many times I have used this app; it is completely useless and disappointing if I am not going to use it in times of need then I don't see the point.,This application is losing major factions on a daily basis. I can count how many times I have used this app; it is completely useless and disappointing if I am not going to use it in times of need then I don't see the point.,2024-11-28T08:17:48,24.11.22,,,19,google_play,2025-11-30T16:15:08.107712
49b877c9-5536-4be5-8674-e3ae975fa0ed,BOA,Bank of Abyssinia Mobile,com.boa.boaMobileBanking,1,"I downloaded the app for the first time while reading other customers reviews and as soon as i installed and opened the app it closes back automatically, what unserious bank, now i uninstalled the app immediately","I downloaded the app for the first time while reading other customers reviews and as soon as i installed and opened the app it closes back automatically, what unserious bank, now i uninstalled the app immediately",2025-03-03T07:24:29,,,,1,google_play,2025-11-30T16:15:08.107712
b5ed4d5f-b0f7-4ef4-9b2f-3b12b1f2f50c,BOA,Bank of Abyssinia Mobile,com.boa.boaMobileBanking,3,"I sm a big fan of BOA , but the mobile banking is so trashy( sorry but its the best word to discribe it).... please buy a good server ....it always show blank age after login slecially on sundays it does not work at all...the new update has a good UI but has same respose problem ....","I sm a big fan of BOA , but the mobile banking is so trashy( sorry but its the best word to discribe it).... please buy a good server ....it always show blank age after login slecially on sundays it does not work at all...the new update has a good UI but has same respose problem ....",2024-02-11T14:41:30,24.01.09,,,4,google_play,2025-11-30T16:15:08.107712
b3b60a0b-92ff-4c64-98f7-83f6e2a6ec70,BOA,Bank of Abyssinia Mobile,com.boa.boaMobileBanking,3,When writing amounts z app cannot insert deceimasl so that one cannot transact amounts involving cents !!! A finnacial app to be released without this feature being checked !!!,When writing amounts z app cannot insert deceimasl so that one cannot transact amounts involving cents !!! A finnacial app to be released without this feature being checked !!!,2024-03-20T14:49:19,24.02.07,,,4,google_play,2025-11-30T16:15:08.107712
123f1456-c770-45aa-b5a7-d5491958f2c0,BOA,Bank of Abyssinia Mobile,com.boa.boaMobileBanking,2,Hate how we're expected to disable 'Developer Options' everytime we open the app. An unnecessary point of friction that's been put in place in the guise of security.,Hate how we're expected to disable 'Developer Options' everytime we open the app. An unnecessary point of friction that's been put in place in the guise of security.,2024-05-14T09:09:43,24.05.07,,,6,google_play,2025-11-30T16:15:08.107712
7e629e12-154b-4482-a805-90bf721f5011,BOA,Bank of Abyssinia Mobile,com.boa.boaMobileBanking,5,I don't have words for your great work.. Really Good .what i like the most is the screenshots features is included which gives you the transactions detail ...Great Work...KEEP IT UP !!??,I don't have words for your great work.. Really Good .what i like the most is the screenshots features is included which gives you the transactions detail ...Great Work...KEEP IT UP !!??,2024-02-03T17:07:15,24.01.09,,,31,google_play,2025-11-30T16:15:08.107712
301f6927-9395-4cda-bb77-041a36323875,BOA,Bank of Abyssinia Mobile,com.boa.boaMobileBanking,5,"i entered incorrect security question by mistake boa app lock pin forever, why is there no other options? ?? i contacted different branchs more then 4times but they didn't able to solve this issue .","i entered incorrect security question by mistake boa app lock pin forever, why is there no other options? ?? i contacted different branchs more then 4times but they didn't able to solve this issue .",2025-05-10T11:44:44,25.05.03,,,355,google_play,2025-11-30T16:15:08.107712
d1f72257-e5c2-4da7-ab88-1bf64322de8a,BOA,Bank of Abyssinia Mobile,com.boa.boaMobileBanking,3,I am having a challenge to use the app. The app does not allow to update the previous app. Neither does it allow to manually insert OTP - BoA please modify the app to allow these features,I am having a challenge to use the app. The app does not allow to update the previous app. Neither does it allow to manually insert OTP - BoA please modify the app to allow these features,2024-02-06T17:31:28,,,,3,google_play,2025-11-30T16:15:08.107712
aaa1abe6-69f5-4150-9072-0b456c58efb8,BOA,Bank of Abyssinia Mobile,com.boa.boaMobileBanking,1,"The app is a total waste of time, it glitches, doesn't log in fast, super slow.","The app is a total waste of time, it glitches, doesn't log in fast, super slow.",2024-04-21T10:03:23,24.02.07,,,8,google_play,2025-11-30T16:15:08.107712
e8e30cda-3c44-4a11-93cb-89f93fcc4e95,BOA,Bank of Abyssinia Mobile,com.boa.boaMobileBanking,3,So this updated version is so much better and faster but it doesn't open unless it's directly opened from play store. fix this issue I'd give it 5 if it wasn't for this,So this updated version is so much better and faster but it doesn't open unless it's directly opened from play store. fix this issue I'd give it 5 if it wasn't for this,2024-02-16T18:46:54,24.02.07,"Dear customer, We are sorry for the inconvenience please contact us at 8397 and share as much information as you can. We will investigate your case. Thank you!",2024-02-22T13:55:28,7,google_play,2025-11-30T16:15:08.107712
83311c04-cd01-496c-b382-2caaa5132819,BOA,Bank of Abyssinia Mobile,com.boa.boaMobileBanking,1,"Shockingly bad! Even when it decides to work, it's painfully slow and frustrating. Such a shame that it has become a stain on an extraordinary bank","Shockingly bad! Even when it decides to work, it's painfully slow and frustrating. Such a shame that it has become a stain on an extraordinary bank",2024-09-06T18:16:55,24.07.04,,,3,google_play,2025-11-30T16:15:08.107712
95520951-566d-4ddb-bf19-a9ecf5b6e35a,BOA,Bank of Abyssinia Mobile,com.boa.boaMobileBanking,3,"The App is nice and easy to use but after some time it crushed and said ""Error check your device connectivity"" please fix it","The App is nice and easy to use but after some time it crushed and said ""Error check your device connectivity"" please fix it",2025-07-02T19:59:16,25.05.03,,,25,google_play,2025-11-30T16:15:08.107712
6b5a5455-dcd0-4a2a-8cbb-f0deb5706498,BOA,Bank of Abyssinia Mobile,com.boa.boaMobileBanking,1,i have went to the bank so many times because i couldn't make any transaction i can only see my balance nothing else so what is the point of having mobile banking if i can't make any transaction with it please work in that,i have went to the bank so many times because i couldn't make any transaction i can only see my balance nothing else so what is the point of having mobile banking if i can't make any transaction with it please work in that,2025-03-21T08:49:11,,,,2,google_play,2025-11-30T16:15:08.107712
5bd5ece1-9221-4e85-9f8e-5595fa3a0755,BOA,Bank of Abyssinia Mobile,com.boa.boaMobileBanking,4,"As usual the app is ok, but this time i can't update it normally. It lags at 99% all the time. Hope it's fixable.","As usual the app is ok, but this time i can't update it normally. It lags at 99% all the time. Hope it's fixable.",2024-02-10T08:59:36,24.01.09,,,16,google_play,2025-11-30T16:15:08.107712
9fb5fdaa-6172-43c1-ba46-2fcdfcd84c13,BOA,Bank of Abyssinia Mobile,com.boa.boaMobileBanking,1,it is not working at all,it is not working at all,2025-11-15T18:42:13,25.09.03,,,0,google_play,2025-11-30T16:15:08.107712
1d71b9e5-39e0-4a6b-a6f3-eb0d34c6f007,BOA,Bank of Abyssinia Mobile,com.boa.boaMobileBanking,1,"Absolutely the worst mobile banking app.it crashs every time,problem when logging in and and cuts my balance when top up without even recharging","Absolutely the worst mobile banking app.it crashs every time,problem when logging in and and cuts my balance when top up without even recharging",2024-05-17T21:21:05,24.04.26,,,7,google_play,2025-11-30T16:15:08.107712
4266eaeb-37b0-4cc4-8b8a-2929e01e4f2f,BOA,Bank of Abyssinia Mobile,com.boa.boaMobileBanking,2,A lot of the app's features have been rearranged but sometimes it works sometimes it doesnt...and that makes it less reliable specially at times of need...pls improve it,A lot of the app's features have been rearranged but sometimes it works sometimes it doesnt...and that makes it less reliable specially at times of need...pls improve it,2024-04-18T09:16:41,24.02.07,,,7,google_play,2025-11-30T16:15:08.107712
2e219268-96fd-400c-8632-0b0d1044f487,BOA,Bank of Abyssinia Mobile,com.boa.boaMobileBanking,1,"This app is a joke. It crashes more than it works, takes forever to load, and half the features are just decorative at this point. Can’t log in, can’t transfer money, can’t even check my balance without it bugging out. To the developer: Are you actually trying to make this work, or is this some kind of social experiment to test our patience? Did you build this in your sleep? Because it definitely looks like it. If this is your idea of a functional app, maybe consider a different career path🙏","This app is a joke. It crashes more than it works, takes forever to load, and half the features are just decorative at this point. Can’t log in, can’t transfer money, can’t even check my balance without it bugging out. To the developer: Are you actually trying to make this work, or is this some kind of social experiment to test our patience? Did you build this in your sleep? Because it definitely looks like it. If this is your idea of a functional app, maybe consider a different career path🙏",2025-05-21T12:49:15,25.05.03,,,247,google_play,2025-11-30T16:15:08.107712
9a4768a8-faca-4f72-92cc-4194d7bce0e3,BOA,Bank of Abyssinia Mobile,com.boa.boaMobileBanking,1,"Dear BOA, Are you sure you are upgrading your application. It is becoming worse and worse. Please fix the bug as quickly as possible.","Dear BOA, Are you sure you are upgrading your application. It is becoming worse and worse. Please fix the bug as quickly as possible.",2024-05-03T06:10:15,,,,0,google_play,2025-11-30T16:15:08.107712
1d426479-7c59-42d4-b349-7bc3afaf374e,BOA,Bank of Abyssinia Mobile,com.boa.boaMobileBanking,1,The app does not open sometimes it says coonection issue which i dont have and after it opens it has bugs while using its not smooth to work with please improve it,The app does not open sometimes it says coonection issue which i dont have and after it opens it has bugs while using its not smooth to work with please improve it,2024-07-31T14:03:12,24.07.04,,,6,google_play,2025-11-30T16:15:08.107712
1fcdba36-6e83-434b-8676-66304e004a60,BOA,Bank of Abyssinia Mobile,com.boa.boaMobileBanking,5,"It's a quiet good and smoothly accessible app which allows users to transfer , Airtime Top-up, ATM withdrawal and Utilities payments.","It's a quiet good and smoothly accessible app which allows users to transfer , Airtime Top-up, ATM withdrawal and Utilities payments.",2024-02-24T07:49:42,24.02.07,,,34,google_play,2025-11-30T16:15:08.107712
7213dbd5-f192-45fd-96d1-3fc1db24759c,BOA,Bank of Abyssinia Mobile,com.boa.boaMobileBanking,1,"The worst MBA I have experienced, The app crush frequently and they take to long to fix the problem even more than a week.","The worst MBA I have experienced, The app crush frequently and they take to long to fix the problem even more than a week.",2025-06-27T08:30:30,25.05.03,,,6,google_play,2025-11-30T16:15:08.107712
d713bd24-8fc6-48e4-ad53-aeafeda8babc,BOA,Bank of Abyssinia Mobile,com.boa.boaMobileBanking,5,Easy and very nice app to load more than the previouse but in recent time some loading problem detected.,Easy and very nice app to load more than the previouse but in recent time some loading problem detected.,2025-07-01T15:08:48,25.05.03,,,188,google_play,2025-11-30T16:15:08.107712
8d23e22a-989a-44bb-81bf-3f34c868d3de,BOA,Bank of Abyssinia Mobile,com.boa.boaMobileBanking,1,Hi I have problem with this App BOA mobile I don't know what is wrong with this App I did many times download but it's sam doesn't work if sam like that this app way I have to be customer with them how I know my account and checking save The book is no Not enough alone,Hi I have problem with this App BOA mobile I don't know what is wrong with this App I did many times download but it's sam doesn't work if sam like that this app way I have to be customer with them how I know my account and checking save The book is no Not enough alone,2024-08-28T05:35:38,24.07.04,,,5,google_play,2025-11-30T16:15:08.107712
0d298d90-e15e-46e4-96af-20741b8d45ed,BOA,Bank of Abyssinia Mobile,com.boa.boaMobileBanking,1,"useless app. bank to bank transactions do not work at all, wallet topups like telebirr take hours to reach. what a shame from a bank this big.","useless app. bank to bank transactions do not work at all, wallet topups like telebirr take hours to reach. what a shame from a bank this big.",2024-04-26T06:37:43,,,,0,google_play,2025-11-30T16:15:08.107712
e9336bcf-b836-4e42-9d5a-f5999513effa,BOA,Bank of Abyssinia Mobile,com.boa.boaMobileBanking,1,"BOA app was one of my favourite back in the days, now I don't if there is an app worsen that this.. very very bad. You need to fix it or remove it.","BOA app was one of my favourite back in the days, now I don't if there is an app worsen that this.. very very bad. You need to fix it or remove it.",2024-04-24T08:34:18,24.04.22,,,15,google_play,2025-11-30T16:15:08.107712
98b97eb6-5299-43f7-a372-45b0a486318b,BOA,Bank of Abyssinia Mobile,com.boa.boaMobileBanking,1,"A total disaster of an app. Always offline, never works, it's embarassing. I've lost hope and taken my business to a competitor","A total disaster of an app. Always offline, never works, it's embarassing. I've lost hope and taken my business to a competitor",2024-08-08T14:31:00,24.07.04,,,10,google_play,2025-11-30T16:15:08.107712
9d157253-6414-46f1-a2f3-0867fbd3f25d,BOA,Bank of Abyssinia Mobile,com.boa.boaMobileBanking,5,"Pretty good for a banking app, it still lacks some things with in the ui and with the speed of the app but overall it's a good application. Thank you 5/5👍🏻","Pretty good for a banking app, it still lacks some things with in the ui and with the speed of the app but overall it's a good application. Thank you 5/5👍🏻",2024-07-09T21:36:45,,,,15,google_play,2025-11-30T16:15:08.107712
ac808508-e45d-425f-9fd9-49c6eecdb46f,BOA,Bank of Abyssinia Mobile,com.boa.boaMobileBanking,1,"The app is terrible, nothing functions properly. Especially since the latest update, it crashes all the time.","The app is terrible, nothing functions properly. Especially since the latest update, it crashes all the time.",2024-05-01T07:36:53,,,,2,google_play,2025-11-30T16:15:08.107712
f38caf5b-4580-4a9f-819f-f4cd3d789176,BOA,Bank of Abyssinia Mobile,com.boa.boaMobileBanking,5,fast and simple,fast and simple,2025-11-11T01:23:24,25.09.03,,,0,google_play,2025-11-30T16:15:08.107712
a002edef-8a3d-4867-a706-9f538a0674ed,BOA,Bank of Abyssinia Mobile,com.boa.boaMobileBanking,1,"the worst app I have ever used, I could've given 5 star if it worked properly even just for logging in and check my accounts. seemed that's impossible","the worst app I have ever used, I could've given 5 star if it worked properly even just for logging in and check my accounts. seemed that's impossible",2024-04-28T11:27:18,,,,0,google_play,2025-11-30T16:15:08.107712
4cba832b-be6a-42d3-94ff-8446fbcdf1b4,BOA,Bank of Abyssinia Mobile,com.boa.boaMobileBanking,1,"why do we need to turn off ""developer options"" in order to use your app, on the new update??? Are we suppose to not use our device for other purposes just so we can use your app? It is not security it is BS. (fix that and I will update my rating)","why do we need to turn off ""developer options"" in order to use your app, on the new update??? Are we suppose to not use our device for other purposes just so we can use your app? It is not security it is BS. (fix that and I will update my rating)",2024-05-01T14:46:56,24.04.26,,,5,google_play,2025-11-30T16:15:08.107712
ac7391a6-712b-424c-970d-6dba1a0dd845,BOA,Bank of Abyssinia Mobile,com.boa.boaMobileBanking,4,Overall good app but performance needs some improvement also sometimes when using instant other bank transfers it refuses causing to be repeated several times to transfer,Overall good app but performance needs some improvement also sometimes when using instant other bank transfers it refuses causing to be repeated several times to transfer,2024-10-04T22:34:24,24.07.04,,,1,google_play,2025-11-30T16:15:08.107712
1901236c-37ec-495a-a51a-bc8f471424ce,BOA,Bank of Abyssinia Mobile,com.boa.boaMobileBanking,5,The poorest mobile banking I have seen in the industry. Is not stable to login and post transactions. Is not attractive. Error reports frequently.,The poorest mobile banking I have seen in the industry. Is not stable to login and post transactions. Is not attractive. Error reports frequently.,2024-06-13T11:42:15,24.05.07,,,256,google_play,2025-11-30T16:15:08.107712
4587385c-78c9-4310-b8aa-da0bce565a91,BOA,Bank of Abyssinia Mobile,com.boa.boaMobileBanking,5,it needs a timely update,it needs a timely update,2025-10-03T08:39:36,25.09.03,,,0,google_play,2025-11-30T16:15:08.107712
cdc789cd-c2e6-415e-906f-0bde3fa850b1,BOA,Bank of Abyssinia Mobile,com.boa.boaMobileBanking,5,an exceptional banking app.,an exceptional banking app.,2025-10-16T08:51:09,25.09.03,,,0,google_play,2025-11-30T16:15:08.107712
147dc910-f84e-4950-9cd0-a6ce1ca0b070,BOA,Bank of Abyssinia Mobile,com.boa.boaMobileBanking,4,office branches have to improve their services please,office branches have to improve their services please,2025-10-07T06:22:58,25.09.03,,,0,google_play,2025-11-30T16:15:08.107712
1f73f73b-a5e4-4114-a45d-992a360ebb87,BOA,Bank of Abyssinia Mobile,com.boa.boaMobileBanking,1,very very lazy app,very very lazy app,2025-10-26T21:12:22,25.09.03,,,0,google_play,2025-11-30T16:15:08.107712
493dc1a0-1d88-4d43-93ab-9b3c9d7426d9,BOA,Bank of Abyssinia Mobile,com.boa.boaMobileBanking,5,Meet you genuine.App I tried is not functional.Helping.welldoingwith BOA Ethiopia .fastandrelevant.morconnecting Digitalyworld.Digitalyworld. thanks.,Meet you genuine.App I tried is not functional.Helping.welldoingwith BOA Ethiopia .fastandrelevant.morconnecting Digitalyworld.Digitalyworld. thanks.,2025-11-08T10:18:43,,,,0,google_play,2025-11-30T16:15:08.107712
30d3f026-6e12-4489-b166-79a8bf9ed9b7,BOA,Bank of Abyssinia Mobile,com.boa.boaMobileBanking,1,"I tried it with different phones, it only worked for about a week and then it stopped working. It needs some serious work.","I tried it with different phones, it only worked for about a week and then it stopped working. It needs some serious work.",2024-04-25T15:02:58,24.04.22,,,10,google_play,2025-11-30T16:15:08.107712
14d8c41d-2533-40c1-97f2-7df99a3d3a44,BOA,Bank of Abyssinia Mobile,com.boa.boaMobileBanking,2,since the last update i can open the app crashes a lot and omg its being very slow opening and loading,since the last update i can open the app crashes a lot and omg its being very slow opening and loading,2025-09-15T16:14:20,,,,0,google_play,2025-11-30T16:15:08.107712
7481b511-72a1-4592-8087-c029fc656e67,BOA,Bank of Abyssinia Mobile,com.boa.boaMobileBanking,1,"most of bank apps in Ethiopia are linked with ethiopian phone number, I live in US permanently so when I open BoA account, I told them where I live and to link it with email address instead of phone # as ethio phone number is not working where I live, unfortunetly my fear appeared and now when I change my phone device, it send the code to the ethio number which is not with me now. so please when u develop bank apps consider the diaspora community to use ur apps","most of bank apps in Ethiopia are linked with ethiopian phone number, I live in US permanently so when I open BoA account, I told them where I live and to link it with email address instead of phone # as ethio phone number is not working where I live, unfortunetly my fear appeared and now when I change my phone device, it send the code to the ethio number which is not with me now. so please when u develop bank apps consider the diaspora community to use ur apps",2025-10-01T14:30:39,25.05.03,,,0,google_play,2025-11-30T16:15:08.107712
83270146-a02f-4b96-a30e-f056b6b2acc5,BOA,Bank of Abyssinia Mobile,com.boa.boaMobileBanking,1,It is very bad app. not friendly usable. needs extremely strong network. Can't be updated easily.,It is very bad app. not friendly usable. needs extremely strong network. Can't be updated easily.,2024-02-21T14:06:23,,"We apologize for your bad experience, please contact us through our toll-free number 8397.",2024-02-22T13:44:36,0,google_play,2025-11-30T16:15:08.107712
169b6d5b-b5df-4a42-9168-ce968142da5b,BOA,Bank of Abyssinia Mobile,com.boa.boaMobileBanking,3,Has some nice interface but always freezes or slow to load .App developers please fix this issue.,Has some nice interface but always freezes or slow to load .App developers please fix this issue.,2024-10-27T21:37:31,24.09.30,,,11,google_play,2025-11-30T16:15:08.107712
29aa3b3c-e4c7-41c7-bbb1-5d514633c307,BOA,Bank of Abyssinia Mobile,com.boa.boaMobileBanking,1,"Worst app. It is wise to invest money and you can make it like CBE app. Even the incon has no image. My app has better UI than yours. So, please invest more and hire professional developer companies and improve it.","Worst app. It is wise to invest money and you can make it like CBE app. Even the incon has no image. My app has better UI than yours. So, please invest more and hire professional developer companies and improve it.",2024-07-18T10:45:25,,,,0,google_play,2025-11-30T16:15:08.107712
5caae1bf-1a44-4370-8c45-19b8c0481d65,BOA,Bank of Abyssinia Mobile,com.boa.boaMobileBanking,1,it sucks as hell. it crashes most of the time and takes a long time to load .,it sucks as hell. it crashes most of the time and takes a long time to load .,2025-07-03T02:31:08,25.05.03,,,3,google_play,2025-11-30T16:15:08.107712
aabe78f9-ca3d-4512-a1bc-68ff67518b8d,BOA,Bank of Abyssinia Mobile,com.boa.boaMobileBanking,1,App needs a lot of work. It continuously crashes and shuts down.,App needs a lot of work. It continuously crashes and shuts down.,2024-04-30T19:31:00,24.04.26,,,7,google_play,2025-11-30T16:15:08.107712
f467c327-ab9b-4e79-8d97-2e1b573f6c98,BOA,Bank of Abyssinia Mobile,com.boa.boaMobileBanking,1,"I love BoA more than anyone but they are cursed when it comed to mobile banking. Even though this ine is hetter it still s*cks! It will ask me to turn off developer options other wise it won't work! I use CBE, Awash birr, tekebirr, Dashen bank and others but non of them asked me this, why only BoA? Please improve your mobile banking, be competitive!","I love BoA more than anyone but they are cursed when it comed to mobile banking. Even though this ine is hetter it still s*cks! It will ask me to turn off developer options other wise it won't work! I use CBE, Awash birr, tekebirr, Dashen bank and others but non of them asked me this, why only BoA? Please improve your mobile banking, be competitive!",2024-12-19T04:02:34,24.11.22,,,10,google_play,2025-11-30T16:15:08.107712
0ce9923a-bcad-4b3a-a73d-2af80ed12dcb,BOA,Bank of Abyssinia Mobile,com.boa.boaMobileBanking,1,Wow! what a disgrace for BOA. The app barely works. Too slow and always returns error.,Wow! what a disgrace for BOA. The app barely works. Too slow and always returns error.,2024-06-03T22:56:20,24.05.07,,,5,google_play,2025-11-30T16:15:08.107712
a7249a34-f5f8-455e-8f33-7a1acc03ce90,BOA,Bank of Abyssinia Mobile,com.boa.boaMobileBanking,3,"Was working ok.but it started not displaying banks list to choose from, and it needs updating every couple of days, annoying","Was working ok.but it started not displaying banks list to choose from, and it needs updating every couple of days, annoying",2024-05-03T06:39:03,,,,0,google_play,2025-11-30T16:15:08.107712
cb36493e-3bbd-476c-82a6-88278d2ea490,BOA,Bank of Abyssinia Mobile,com.boa.boaMobileBanking,2,I love boa but the mobile app isn't as good as the older version when the app gets update it gets worse and worse it doesn't even work..fix the issue with that,I love boa but the mobile app isn't as good as the older version when the app gets update it gets worse and worse it doesn't even work..fix the issue with that,2024-04-28T13:20:40,24.04.22,,,13,google_play,2025-11-30T16:15:08.107712
c9f8ff21-b8d1-400f-bb94-c98399a25ad5,BOA,Bank of Abyssinia Mobile,com.boa.boaMobileBanking,1,"The bug is still there,the app crashes every time i try to log in, especially in old phones like my Galaxy A32","The bug is still there,the app crashes every time i try to log in, especially in old phones like my Galaxy A32",2025-03-10T18:11:15,,,,1,google_play,2025-11-30T16:15:08.107712
612a0e01-ba70-498b-a331-e93ce6adfce0,BOA,Bank of Abyssinia Mobile,com.boa.boaMobileBanking,1,"Take some note from CBE mobile banking app, it's the best banking app currently take some note and improve ur app . Sometimes u have to learn from the bests 🙌","Take some note from CBE mobile banking app, it's the best banking app currently take some note and improve ur app . Sometimes u have to learn from the bests 🙌",2024-08-03T10:00:33,24.07.04,,,2,google_play,2025-11-30T16:15:08.107712
87154fba-12e2-4d6c-a471-dca084f7febf,BOA,Bank of Abyssinia Mobile,com.boa.boaMobileBanking,5,It is really great to see you have solved some of the problems with the previous version. Thank you for taking time to improve.,It is really great to see you have solved some of the problems with the previous version. Thank you for taking time to improve.,2024-01-24T13:03:22,24.01.09,,,87,google_play,2025-11-30T16:15:08.107712
bd5bf3e9-1b1c-4019-b088-d4a965b8a6b3,BOA,Bank of Abyssinia Mobile,com.boa.boaMobileBanking,2,After recent update the app keeps asking to disable developers options and won't let you use it unless you do.,After recent update the app keeps asking to disable developers options and won't let you use it unless you do.,2024-05-10T04:52:52,24.05.07,,,8,google_play,2025-11-30T16:15:08.107712
f8bb86fb-594a-48ea-be1f-d08ea0882b8e,BOA,Bank of Abyssinia Mobile,com.boa.boaMobileBanking,1,Worst App ever. Totally unreliable. And it didn't work at all for the last 4 months.,Worst App ever. Totally unreliable. And it didn't work at all for the last 4 months.,2025-05-18T14:36:47,25.05.03,,,12,google_play,2025-11-30T16:15:08.107712
fb9a7444-76cf-4f2d-a8be-72d3009a034c,BOA,Bank of Abyssinia Mobile,com.boa.boaMobileBanking,3,I was using this app for long time it amazing user friendly UI but the i can't found for get pin button in the app,I was using this app for long time it amazing user friendly UI but the i can't found for get pin button in the app,2025-01-07T10:26:17,,,,0,google_play,2025-11-30T16:15:08.107712
3d87e290-18b1-465e-8d58-9415ed0c6d14,BOA,Bank of Abyssinia Mobile,com.boa.boaMobileBanking,5,"Like I said before, the previous version was horrendous! I'm glad that you took time and decided to develop this awesome app. Well done!","Like I said before, the previous version was horrendous! I'm glad that you took time and decided to develop this awesome app. Well done!",2024-01-18T09:19:20,24.01.09,,,42,google_play,2025-11-30T16:15:08.107712
10cdcbf6-81ab-4281-8583-665788be8e91,BOA,Bank of Abyssinia Mobile,com.boa.boaMobileBanking,1,This app is not available on all android versions and some times it is not functional.,This app is not available on all android versions and some times it is not functional.,2024-11-08T12:41:15,24.09.30,,,2,google_play,2025-11-30T16:15:08.107712
c3f2810d-cf99-4600-90ac-bef47adb9e7a,BOA,Bank of Abyssinia Mobile,com.boa.boaMobileBanking,1,"this app, for me , is a waste of time. It doesn't work . I can't even long in, and it really piss me off. FIX THE PROBLEM","this app, for me , is a waste of time. It doesn't work . I can't even long in, and it really piss me off. FIX THE PROBLEM",2025-05-27T20:16:27,,,,0,google_play,2025-11-30T16:15:08.107712
d38d6dc0-e707-45a4-a932-0b9bf5df67aa,BOA,Bank of Abyssinia Mobile,com.boa.boaMobileBanking,2,Definitly better than the privious version but this one crashes frequently and needed to put to sleep on andrioid version 9,Definitly better than the privious version but this one crashes frequently and needed to put to sleep on andrioid version 9,2024-02-20T21:32:16,24.02.07,"Dear customer, we are sorry to hear you've been experiencing some crash issues. Please contact us at 8397 and share as much information as you can. We will investigate your case. Thank you!",2024-02-22T13:47:15,4,google_play,2025-11-30T16:15:08.107712
a1d8f400-cdcd-4bae-8ea3-c18d55ac5967,BOA,Bank of Abyssinia Mobile,com.boa.boaMobileBanking,2,No feature works correctly. Its always buffering and needs probably high data. So its useless 😏😏😏,No feature works correctly. Its always buffering and needs probably high data. So its useless 😏😏😏,2024-04-30T21:39:25,,,,0,google_play,2025-11-30T16:15:08.107712
94ba00d0-c2e8-4e21-9e71-af2395f2d0ca,BOA,Bank of Abyssinia Mobile,com.boa.boaMobileBanking,1,"Stop telling me what to do with my phone, BOA. Why does your newly updated app keep asking me to disable the developer options? I’m not slowing down my phone just to use your God damn app. 🤮🤮🤮🤮","Stop telling me what to do with my phone, BOA. Why does your newly updated app keep asking me to disable the developer options? I’m not slowing down my phone just to use your God damn app. 🤮🤮🤮🤮",2024-10-04T04:55:49,24.09.30,,,16,google_play,2025-11-30T16:15:08.107712
5816b056-8f44-4faf-92a4-a28efd01448b,BOA,Bank of Abyssinia Mobile,com.boa.boaMobileBanking,1,The latest update has stopped android 9 phones not to open this App. Never work properly since i started using it.,The latest update has stopped android 9 phones not to open this App. Never work properly since i started using it.,2024-11-26T13:05:22,24.11.22,,,8,google_play,2025-11-30T16:15:08.107712
15744558-21d7-45fc-9350-705a7961b96e,BOA,Bank of Abyssinia Mobile,com.boa.boaMobileBanking,1,"Why Why Why???? it is difficult to make transactions, it takes alot of time to make payments, i thought the update will make it work, but it got worse. please fix it","Why Why Why???? it is difficult to make transactions, it takes alot of time to make payments, i thought the update will make it work, but it got worse. please fix it",2024-04-28T12:51:47,24.04.22,,,5,google_play,2025-11-30T16:15:08.107712
e1cf5832-e81e-4e28-80f5-cbb7173dc54b,BOA,Bank of Abyssinia Mobile,com.boa.boaMobileBanking,1,After the recent update the application keeps crashing when I tried to open. Please fix.,After the recent update the application keeps crashing when I tried to open. Please fix.,2024-03-01T21:13:09,,,,0,google_play,2025-11-30T16:15:08.107712
852e921a-9de5-4396-8537-910cf5896d70,BOA,Bank of Abyssinia Mobile,com.boa.boaMobileBanking,1,"I'm sorry but what kind of stupid developer thinks the app will be faster if we disable ""Developer mode""? I've never seen such degeneracy in my entire life, please get rid of this feature","I'm sorry but what kind of stupid developer thinks the app will be faster if we disable ""Developer mode""? I've never seen such degeneracy in my entire life, please get rid of this feature",2024-05-29T23:34:12,24.05.07,,,3,google_play,2025-11-30T16:15:08.107712
8f57afa4-5ed4-4db7-ab84-7b52045fa94e,BOA,Bank of Abyssinia Mobile,com.boa.boaMobileBanking,1,"I'm Sick and tiered of enabling and disabling Developer Option Everytime I use this app. maybe you know it maybe you dont, fix it please it's anoying","I'm Sick and tiered of enabling and disabling Developer Option Everytime I use this app. maybe you know it maybe you dont, fix it please it's anoying",2024-08-26T13:15:02,24.07.04,,,4,google_play,2025-11-30T16:15:08.107712
a597b94a-ed3c-4fa9-a749-a23d54faa49c,BOA,Bank of Abyssinia Mobile,com.boa.boaMobileBanking,1,"Better app than most mobile apps, but why do I have to turn off developer option every time I wanna use the app?? It's annoying.","Better app than most mobile apps, but why do I have to turn off developer option every time I wanna use the app?? It's annoying.",2024-09-13T20:50:22,24.07.04,,,5,google_play,2025-11-30T16:15:08.107712
485190f3-6c28-4ba9-8be3-f589e99fd8a9,BOA,Bank of Abyssinia Mobile,com.boa.boaMobileBanking,5,I think this one is better than the prvious one much faster but try to make it more faster like nib and cbe specially nib bake their app is very nice but the bank is not anyways good job on this one,I think this one is better than the prvious one much faster but try to make it more faster like nib and cbe specially nib bake their app is very nice but the bank is not anyways good job on this one,2024-02-04T08:19:54,24.01.09,,,3,google_play,2025-11-30T16:15:08.107712
cd8d39d0-d8d5-438d-9d87-904ca2c98410,BOA,Bank of Abyssinia Mobile,com.boa.boaMobileBanking,1,The old version is best. This one is so lagging and it's not fast to quick transfer,The old version is best. This one is so lagging and it's not fast to quick transfer,2024-04-30T05:46:32,24.04.26,,,3,google_play,2025-11-30T16:15:08.107712
07b686cc-bf94-4164-a731-684fa29cfb83,BOA,Bank of Abyssinia Mobile,com.boa.boaMobileBanking,1,"This is not an appropriate app, i don't know how boa develops this app, i don't expect this much crazy and un confortable app form BOA, I'm soory!!!","This is not an appropriate app, i don't know how boa develops this app, i don't expect this much crazy and un confortable app form BOA, I'm soory!!!",2024-09-07T09:42:49,24.07.04,,,0,google_play,2025-11-30T16:15:08.107712
d9c98c7f-3df6-466f-a6fc-820cb281fad1,BOA,Bank of Abyssinia Mobile,com.boa.boaMobileBanking,1,"Your app doesn't match your bank, the app is disaster, super slow. Please learn something from tele birr app.","Your app doesn't match your bank, the app is disaster, super slow. Please learn something from tele birr app.",2024-11-19T12:12:49,24.09.30,,,5,google_play,2025-11-30T16:15:08.107712
fb543429-2845-474a-aab2-95e54028c607,BOA,Bank of Abyssinia Mobile,com.boa.boaMobileBanking,1,"The app keeps crashign again and again, i didn't even get to sign in. Worst update!!","The app keeps crashign again and again, i didn't even get to sign in. Worst update!!",2024-05-03T09:59:07,24.04.26,,,2,google_play,2025-11-30T16:15:08.107712
ec8fcf0d-19d7-446f-bd1e-907f91a67b49,BOA,Bank of Abyssinia Mobile,com.boa.boaMobileBanking,1,"It's very difficult to use the user, app,ones dawenload the user can't operate well , no one can help me,","It's very difficult to use the user, app,ones dawenload the user can't operate well , no one can help me,",2024-07-23T17:36:47,,,,0,google_play,2025-11-30T16:15:08.107712
6606f3a3-dbc9-4032-a905-37c737501776,BOA,Bank of Abyssinia Mobile,com.boa.boaMobileBanking,5,The best bank in 🇪🇹,The best bank in 🇪🇹,2025-10-23T19:01:50,25.09.03,,,1,google_play,2025-11-30T16:15:08.107712
8b9c0316-a505-4e36-b2c3-844d7b9d209d,BOA,Bank of Abyssinia Mobile,com.boa.boaMobileBanking,1,"very uninterested it's not working when the ""developer mode on"" i haven't off the developer options i preferred to uninstall your app .....","very uninterested it's not working when the ""developer mode on"" i haven't off the developer options i preferred to uninstall your app .....",2025-06-24T11:27:26,25.05.03,,,4,google_play,2025-11-30T16:15:08.107712
dc3c97a2-0fe6-4a49-a2d3-9cc949380a0d,BOA,Bank of Abyssinia Mobile,com.boa.boaMobileBanking,5,Best banking transaction application in Ethiopia !,Best banking transaction application in Ethiopia !,2025-09-05T16:24:28,,,,0,google_play,2025-11-30T16:15:08.107712
ac500ef1-8d40-4c19-b862-c5f47b165e97,BOA,Bank of Abyssinia Mobile,com.boa.boaMobileBanking,1,"it almost never boots up!!! and even if it did, it crashes immediately","it almost never boots up!!! and even if it did, it crashes immediately",2025-08-15T13:12:02,25.05.03,,,1,google_play,2025-11-30T16:15:08.107712
eb3a8a93-a465-4992-899f-dbb1bc63fc58,BOA,Bank of Abyssinia Mobile,com.boa.boaMobileBanking,1,So unreliable i had to send money asap but this app either laggs or doesn't work such a lazy work look at how efficient tele birr is and its not even a bank,So unreliable i had to send money asap but this app either laggs or doesn't work such a lazy work look at how efficient tele birr is and its not even a bank,2024-05-02T20:13:04,,,,0,google_play,2025-11-30T16:15:08.107712
63a101fb-cc46-41f6-a9cc-c494cb516a50,BOA,Bank of Abyssinia Mobile,com.boa.boaMobileBanking,1,"Doesn't work properly, keeps closing won't activate any account, I wouldn't recommend downloading","Doesn't work properly, keeps closing won't activate any account, I wouldn't recommend downloading",2024-05-05T18:15:19,,,,0,google_play,2025-11-30T16:15:08.107712
a05681a9-b69a-48b6-92c5-79a7d916bd61,BOA,Bank of Abyssinia Mobile,com.boa.boaMobileBanking,1,"need alot of connection, chooses device, very lug even when there is connection","need alot of connection, chooses device, very lug even when there is connection",2025-09-17T12:50:17,,,,0,google_play,2025-11-30T16:15:08.107712
3283f02f-0474-44ec-b7d6-5e90c94d88d4,BOA,Bank of Abyssinia Mobile,com.boa.boaMobileBanking,4,Awesome application. But lately its crashing everytime i opened it.,Awesome application. But lately its crashing everytime i opened it.,2024-09-05T22:48:22,24.07.04,,,0,google_play,2025-11-30T16:15:08.107712
a434370c-550c-4ae9-adcb-7a02aea1c130,BOA,Bank of Abyssinia Mobile,com.boa.boaMobileBanking,1,I'm disappointed with the recent changes to this app. Disabling developer options for functionality seems unnecessary. The previous version offered a more user-friendly experience.,I'm disappointed with the recent changes to this app. Disabling developer options for functionality seems unnecessary. The previous version offered a more user-friendly experience.,2024-06-06T11:20:54,24.05.07,,,33,google_play,2025-11-30T16:15:08.107712
06f1e24f-10fc-461b-862c-180fb9acf4f4,BOA,Bank of Abyssinia Mobile,com.boa.boaMobileBanking,1,"This app didn't work. They have a new version (new app) but still not compatible with my Samsung S8+ , which is v.funny.","This app didn't work. They have a new version (new app) but still not compatible with my Samsung S8+ , which is v.funny.",2024-07-25T11:35:54,,,,0,google_play,2025-11-30T16:15:08.107712
03de13ad-33e7-43da-8851-d34985274ab4,BOA,Bank of Abyssinia Mobile,com.boa.boaMobileBanking,3,"my device is not auto inserting The OTP, So keyboard should be enabled on the apps OTP login to insert OTP Manually.","my device is not auto inserting The OTP, So keyboard should be enabled on the apps OTP login to insert OTP Manually.",2024-04-02T21:30:01,24.02.07,,,2,google_play,2025-11-30T16:15:08.107712
4df79fbe-9e1b-4639-bb70-55903cf78fa7,BOA,Bank of Abyssinia Mobile,com.boa.boaMobileBanking,5,Not comfortable with this version. Its hard to down it load Developer option is not allowed to use it as usual.,Not comfortable with this version. Its hard to down it load Developer option is not allowed to use it as usual.,2024-04-30T18:29:53,24.04.26,,,11,google_play,2025-11-30T16:15:08.107712
1c339143-79e1-4f37-9ea7-398b7844903b,BOA,Bank of Abyssinia Mobile,com.boa.boaMobileBanking,1,It keeps asking me to turn off developer mode even when dev mode is off. Couldn't use it.,It keeps asking me to turn off developer mode even when dev mode is off. Couldn't use it.,2025-01-13T13:45:23,24.11.22,,,6,google_play,2025-11-30T16:15:08.107712
274344c5-ed35-442c-b721-645243fceb5f,BOA,Bank of Abyssinia Mobile,com.boa.boaMobileBanking,5,It closes playing audio app when it is opened . What is the solution?,It closes playing audio app when it is opened . What is the solution?,2024-04-06T11:31:47,24.02.07,,,2,google_play,2025-11-30T16:15:08.107712
efe89d62-85f0-453d-bc34-e71402cb2f09,BOA,Bank of Abyssinia Mobile,com.boa.boaMobileBanking,1,"Riddled with crashes, cant use it anymore. Very frustrating!","Riddled with crashes, cant use it anymore. Very frustrating!",2024-06-20T13:18:55,24.05.07,,,3,google_play,2025-11-30T16:15:08.107712
97962b52-3681-4d3a-a061-62e0e4f13ba2,BOA,Bank of Abyssinia Mobile,com.boa.boaMobileBanking,1,This app isn't working well on Tecno phone 📱. what is the error??,This app isn't working well on Tecno phone 📱. what is the error??,2024-04-29T14:36:18,24.04.26,,,3,google_play,2025-11-30T16:15:08.107712
d466304b-a933-47cd-b217-92a6a7deff41,BOA,Bank of Abyssinia Mobile,com.boa.boaMobileBanking,3,I used to access my Apollo account through the app before the update but now i can't access my Apollo account through this app and for me this is a step taken backwards!!!!!,I used to access my Apollo account through the app before the update but now i can't access my Apollo account through this app and for me this is a step taken backwards!!!!!,2024-02-22T11:08:21,24.02.07,,,2,google_play,2025-11-30T16:15:08.107712
6dd324c1-79ef-4935-9c87-ad0fd8fd1635,BOA,Bank of Abyssinia Mobile,com.boa.boaMobileBanking,1,it is not working on redminote 11 pro+ pls fix it,it is not working on redminote 11 pro+ pls fix it,2025-08-08T06:03:06,25.05.03,,,1,google_play,2025-11-30T16:15:08.107712
3980b4ed-4190-4d89-b8ba-e8bdc3789d31,BOA,Bank of Abyssinia Mobile,com.boa.boaMobileBanking,1,Preventing login because I have developer options on is not security. Moved all my money somewhere else because I just didn't wanna deal with it,Preventing login because I have developer options on is not security. Moved all my money somewhere else because I just didn't wanna deal with it,2024-05-11T09:30:55,24.05.07,,,7,google_play,2025-11-30T16:15:08.107712
6f08a7e9-d374-4337-aa1c-929bc4157b1b,BOA,Bank of Abyssinia Mobile,com.boa.boaMobileBanking,1,When are you going to get rid of this and have a real app that works? By far the worst mobile banking app.,When are you going to get rid of this and have a real app that works? By far the worst mobile banking app.,2024-12-24T04:27:54,24.11.22,,,2,google_play,2025-11-30T16:15:08.107712
6c01b8b7-76b7-4f56-a822-bdf7674d30a0,BOA,Bank of Abyssinia Mobile,com.boa.boaMobileBanking,1,በጣም የሚያስጠላ አፕ በጣም የወረደ ዜሮ ነው የምሰጠው ዘሮ It's not App it's very slow ehhhh. Why don't you upgrade the app???? It's always zero,በጣም የሚያስጠላ አፕ በጣም የወረደ ዜሮ ነው የምሰጠው ዘሮ It's not App it's very slow ehhhh. Why don't you upgrade the app???? It's always zero,2025-01-18T11:33:28,24.11.22,,,5,google_play,2025-11-30T16:15:08.107712
1920d8a2-4e03-4818-8a69-7c17c565ae75,BOA,Bank of Abyssinia Mobile,com.boa.boaMobileBanking,3,When I try to use the application it says 'developer setting should be off' where is the setting to off this play Still doesn't work for me,When I try to use the application it says 'developer setting should be off' where is the setting to off this play Still doesn't work for me,2024-07-24T09:27:07,24.04.26,,,1,google_play,2025-11-30T16:15:08.107712
60c1c945-fc5c-4773-90ef-9be586aba2ce,BOA,Bank of Abyssinia Mobile,com.boa.boaMobileBanking,1,the new updated app exception handling for connection fluctuations is so exhausting which lead users to login repeated times.,the new updated app exception handling for connection fluctuations is so exhausting which lead users to login repeated times.,2024-04-20T10:46:28,,,,0,google_play,2025-11-30T16:15:08.107712
2a2d15cb-06ba-425c-a417-2f020e552505,BOA,Bank of Abyssinia Mobile,com.boa.boaMobileBanking,1,Crashes very frequently is not stable overall need improvement such a huge bank needs a better app than the current one,Crashes very frequently is not stable overall need improvement such a huge bank needs a better app than the current one,2024-07-19T08:35:32,24.05.07,,,1,google_play,2025-11-30T16:15:08.107712
758affdf-42d5-466d-a18e-4c4bbeb738fd,BOA,Bank of Abyssinia Mobile,com.boa.boaMobileBanking,1,"This app has become the most troubling every day. It doesn't work. I love the bank, and I hate the app","This app has become the most troubling every day. It doesn't work. I love the bank, and I hate the app",2024-07-31T08:01:07,24.07.04,,,2,google_play,2025-11-30T16:15:08.107712
93f8ce6e-057d-408e-9856-17dd32defbf9,BOA,Bank of Abyssinia Mobile,com.boa.boaMobileBanking,1,"This has to be your worst app ever, damm so many bugs and it lags so baddd. Please fix it","This has to be your worst app ever, damm so many bugs and it lags so baddd. Please fix it",2024-04-12T11:01:41,24.02.07,,,2,google_play,2025-11-30T16:15:08.107712
63308cb6-0ae2-4740-afd6-6ef45c6ec630,BOA,Bank of Abyssinia Mobile,com.boa.boaMobileBanking,1,It keep making me out and crash when i open the app and not working properly,It keep making me out and crash when i open the app and not working properly,2024-05-02T08:11:41,24.04.26,,,2,google_play,2025-11-30T16:15:08.107712
4c435948-feb8-4692-9f0d-3f864a03abbb,BOA,Bank of Abyssinia Mobile,com.boa.boaMobileBanking,1,Overrated service and recently glitching service system not being able to withdraw funds.,Overrated service and recently glitching service system not being able to withdraw funds.,2024-02-26T11:58:32,24.02.07,,,1,google_play,2025-11-30T16:15:08.107712
902acd07-730a-4eb7-a139-09ae29e7d800,BOA,Bank of Abyssinia Mobile,com.boa.boaMobileBanking,1,"It's good app but the system is not same as CBE bankin mobile When i compare To these apps BOA and CBE, CBE is the best up","It's good app but the system is not same as CBE bankin mobile When i compare To these apps BOA and CBE, CBE is the best up",2024-05-01T07:19:37,24.04.26,,,1,google_play,2025-11-30T16:15:08.107712
248376cc-09ca-4121-92f9-f1502ecf7de2,BOA,Bank of Abyssinia Mobile,com.boa.boaMobileBanking,5,It was good and more secured mb app but this new version apk i can't find it on play store will you tell me what i have too do ...please,It was good and more secured mb app but this new version apk i can't find it on play store will you tell me what i have too do ...please,2024-02-19T05:58:40,24.02.07,,,3,google_play,2025-11-30T16:15:08.107712
9016c943-3652-41d4-8c06-aa81aa1cbd95,BOA,Bank of Abyssinia Mobile,com.boa.boaMobileBanking,1,BOA Mobile banking is hard to deal with. Very poor app never gets better it keep lagging,BOA Mobile banking is hard to deal with. Very poor app never gets better it keep lagging,2024-02-12T07:16:21,24.02.07,,,3,google_play,2025-11-30T16:15:08.107712
94ef86ef-6437-4c31-96c5-efeb7f32829f,BOA,Bank of Abyssinia Mobile,com.boa.boaMobileBanking,1,i would have given it a lower if it was possible because it crush so much and it take the bank so long to fix the bug,i would have given it a lower if it was possible because it crush so much and it take the bank so long to fix the bug,2025-04-08T09:12:19,25.03.07,,,7,google_play,2025-11-30T16:15:08.107712
cfe884a2-ee43-4d34-9e1a-a49529f5a5c0,BOA,Bank of Abyssinia Mobile,com.boa.boaMobileBanking,2,It crash repeatedly! Try to make it more stable for customers need meet!,It crash repeatedly! Try to make it more stable for customers need meet!,2024-05-07T19:47:48,24.04.26,,,1,google_play,2025-11-30T16:15:08.107712
73ce76e4-b7a2-4ed8-b6fd-f9b388bdb4a6,BOA,Bank of Abyssinia Mobile,com.boa.boaMobileBanking,5,what awesome apps. it is very simple to use and more much important apps.,what awesome apps. it is very simple to use and more much important apps.,2025-03-09T09:34:30,,,,2,google_play,2025-11-30T16:15:08.107712
bd509db9-9cea-4b04-8776-6aaad5914a84,BOA,Bank of Abyssinia Mobile,com.boa.boaMobileBanking,1,The app is not showing my balance or any transaction it is like corrupted showing usd amounts,The app is not showing my balance or any transaction it is like corrupted showing usd amounts,2024-04-13T16:21:44,24.02.07,,,1,google_play,2025-11-30T16:15:08.107712
9f294b45-c788-4b0b-8e0b-716dd47b5ff1,BOA,Bank of Abyssinia Mobile,com.boa.boaMobileBanking,1,Just use other banks if you want a good mobile app. CBE is 40X faster and safe than this app.,Just use other banks if you want a good mobile app. CBE is 40X faster and safe than this app.,2024-03-23T14:52:55,24.02.07,,,1,google_play,2025-11-30T16:15:08.107712
d77a87f6-2a20-4b6b-b7fa-acbb3d19b636,BOA,Bank of Abyssinia Mobile,com.boa.boaMobileBanking,3,Make it easy and convienient to use and perfect for all to high prefrence and choice.,Make it easy and convienient to use and perfect for all to high prefrence and choice.,2025-02-07T07:28:37,24.11.22,,,2,google_play,2025-11-30T16:15:08.107712
df4d9c87-1a87-4a1d-8900-581c52470725,BOA,Bank of Abyssinia Mobile,com.boa.boaMobileBanking,1,A painfully slow banking app service. Please don't make it your choice!,A painfully slow banking app service. Please don't make it your choice!,2024-10-13T08:08:25,24.09.30,,,0,google_play,2025-11-30T16:15:08.107712
12db3782-541a-4c67-bec1-74bfe38c33f9,BOA,Bank of Abyssinia Mobile,com.boa.boaMobileBanking,1,"It says ""Something is wrong with your internet banking user, go to your nearest branch"" It hasn't been working since April 13.","It says ""Something is wrong with your internet banking user, go to your nearest branch"" It hasn't been working since April 13.",2024-04-22T21:29:31,24.04.22,,,1,google_play,2025-11-30T16:15:08.107712
fecff9eb-a424-47c7-9fc8-e4c0898f2be8,BOA,Bank of Abyssinia Mobile,com.boa.boaMobileBanking,1,"The worst mob app i have ever seen. Slow, uncomfortable and stupid. It is better to learn from the best app (tele birr). The released updates is even worst.","The worst mob app i have ever seen. Slow, uncomfortable and stupid. It is better to learn from the best app (tele birr). The released updates is even worst.",2024-06-11T07:19:35,24.05.07,,,38,google_play,2025-11-30T16:15:08.107712
71de52ad-6768-4693-a021-6b95821d75fe,BOA,Bank of Abyssinia Mobile,com.boa.boaMobileBanking,1,Please focus on the functionality of the app instead of spending money on the advertisements.,Please focus on the functionality of the app instead of spending money on the advertisements.,2024-05-01T06:56:28,,,,0,google_play,2025-11-30T16:15:08.107712
3cc9d24d-ace9-45a4-a843-7750c0babd8d,BOA,Bank of Abyssinia Mobile,com.boa.boaMobileBanking,1,"It's not functional at all. It keeps saying ""error"". Unable to activate.","It's not functional at all. It keeps saying ""error"". Unable to activate.",2024-07-13T11:39:40,24.07.04,,,1,google_play,2025-11-30T16:15:08.107712
7f00e003-f4e4-49e1-bdd1-16c71454d8ea,BOA,Bank of Abyssinia Mobile,com.boa.boaMobileBanking,1,It's not working. It needs a big update. Can't you update the app quickly?,It's not working. It needs a big update. Can't you update the app quickly?,2024-09-14T14:09:31,24.07.04,,,0,google_play,2025-11-30T16:15:08.107712
f9b5767d-f81c-47dd-ab84-54e11c138e08,BOA,Bank of Abyssinia Mobile,com.boa.boaMobileBanking,1,It keeps clashing down What a crass stupid app is this... You forced me to update after I transferred money and now I can't open it,It keeps clashing down What a crass stupid app is this... You forced me to update after I transferred money and now I can't open it,2024-05-03T03:40:48,24.04.26,,,2,google_play,2025-11-30T16:15:08.107712
6d67dca3-b643-462f-bfac-f49811eb1473,BOA,Bank of Abyssinia Mobile,com.boa.boaMobileBanking,1,It usually crashes and unable to process also it request to off the developer options,It usually crashes and unable to process also it request to off the developer options,2024-07-05T20:21:32,24.07.04,,,5,google_play,2025-11-30T16:15:08.107712
ac6715ed-80bf-4720-8893-cd6f0340c82c,BOA,Bank of Abyssinia Mobile,com.boa.boaMobileBanking,1,"The most useless app, I never expected such an irrelevant app from BOA. big shame!","The most useless app, I never expected such an irrelevant app from BOA. big shame!",2024-11-04T09:45:20,24.09.30,,,0,google_play,2025-11-30T16:15:08.107712
d3a4d1b9-9b82-4760-bd5d-ae4fd3232750,BOA,Bank of Abyssinia Mobile,com.boa.boaMobileBanking,1,Always slow and doesn't work on weekends if you are in a rush or a merchant this app is not for you,Always slow and doesn't work on weekends if you are in a rush or a merchant this app is not for you,2024-07-23T17:53:32,,,,0,google_play,2025-11-30T16:15:08.107712
e52a6ccb-dc16-472c-84ef-2969c08a9318,BOA,Bank of Abyssinia Mobile,com.boa.boaMobileBanking,1,"It can't actively on initialization, it says incorrect OTP getting the exact OTP","It can't actively on initialization, it says incorrect OTP getting the exact OTP",2025-03-29T12:29:38,25.03.07,,,4,google_play,2025-11-30T16:15:08.107712
f855dd9e-3276-46ef-b9ee-22fd47e91e7a,BOA,Bank of Abyssinia Mobile,com.boa.boaMobileBanking,1,Always there a problem with this app it says check your connection while connected 😞,Always there a problem with this app it says check your connection while connected 😞,2024-03-09T13:38:49,24.02.07,,,2,google_play,2025-11-30T16:15:08.107712
a98b2177-e8cf-4818-aa1b-82a1e80df07b,BOA,Bank of Abyssinia Mobile,com.boa.boaMobileBanking,1,The app is constantly crashing and freezing when to send to BOA customers' accounts.,The app is constantly crashing and freezing when to send to BOA customers' accounts.,2024-07-15T11:56:57,24.07.04,,,1,google_play,2025-11-30T16:15:08.107712
680449bd-79a5-4fd7-a4ab-67db9ba11308,BOA,Bank of Abyssinia Mobile,com.boa.boaMobileBanking,1,UGH 🤮🤮🤮 they are super calculative when it CM 2 Mobile-banking or any online stuff. If ur degital!! better chose other bank.,UGH 🤮🤮🤮 they are super calculative when it CM 2 Mobile-banking or any online stuff. If ur degital!! better chose other bank.,2024-05-09T00:27:11,24.05.07,,,1,google_play,2025-11-30T16:15:08.107712
06b0b75a-3c54-4f86-822f-a84022fe260d,BOA,Bank of Abyssinia Mobile,com.boa.boaMobileBanking,5,"""The choice for all"" It is interesting app,The old one was time spent to open the app. I am with you BoA.","""The choice for all"" It is interesting app,The old one was time spent to open the app. I am with you BoA.",2024-02-03T09:30:56,24.01.09,,,4,google_play,2025-11-30T16:15:08.107712
dbd9dbf2-47ee-4103-8631-cd0ef79f4344,BOA,Bank of Abyssinia Mobile,com.boa.boaMobileBanking,1,Bad app . it stuck when you open and noting WORKS.,Bad app . it stuck when you open and noting WORKS.,2025-04-23T13:16:20,25.03.07,,,2,google_play,2025-11-30T16:15:08.107712
b9b684de-8146-46ae-b1fa-8f07272c6fd2,BOA,Bank of Abyssinia Mobile,com.boa.boaMobileBanking,3,"Easy and sooo simple to use it, also its easy to stole someones money using the app","Easy and sooo simple to use it, also its easy to stole someones money using the app",2024-12-16T11:02:26,24.07.04,,,0,google_play,2025-11-30T16:15:08.107712
441a4d3b-2ca8-437d-a583-d210f393aef2,BOA,Bank of Abyssinia Mobile,com.boa.boaMobileBanking,1,It takes a very long time to log in please fix,It takes a very long time to log in please fix,2024-05-08T17:49:32,,,,0,google_play,2025-11-30T16:15:08.107712
180bed10-eda6-4491-84cf-93d55ff8d92c,BOA,Bank of Abyssinia Mobile,com.boa.boaMobileBanking,1,This app is incredibly frustrating to use. It’s filled with issues that make it difficult to navigate and complete tasks efficiently. I’ve never encountered such a poorly designed banking application before. It needs significant improvements to enhance user experience. It deserves a vey low rating.,This app is incredibly frustrating to use. It’s filled with issues that make it difficult to navigate and complete tasks efficiently. I’ve never encountered such a poorly designed banking application before. It needs significant improvements to enhance user experience. It deserves a vey low rating.,2024-09-26T20:13:35,,,,10,google_play,2025-11-30T16:15:08.107712
e960ae7a-6e14-47e3-83d2-2d9b3f666a01,BOA,Bank of Abyssinia Mobile,com.boa.boaMobileBanking,1,it can't even open and only display error messages,it can't even open and only display error messages,2024-07-27T20:01:32,24.07.04,,,1,google_play,2025-11-30T16:15:08.107712
e7d9dbf1-9ba4-4164-b56e-9e2e3fbc251d,BOA,Bank of Abyssinia Mobile,com.boa.boaMobileBanking,5,The app got a better features and easy to use.,The app got a better features and easy to use.,2024-02-20T07:50:52,24.02.07,Thank you very much. Keep using our app,2024-02-22T13:51:03,11,google_play,2025-11-30T16:15:08.107712
1197ad29-5063-4999-888c-589582754caa,BOA,Bank of Abyssinia Mobile,com.boa.boaMobileBanking,1,"after activated the application it not allowed to sign , automatically it is turn off In my phone, why ?","after activated the application it not allowed to sign , automatically it is turn off In my phone, why ?",2025-03-31T22:55:06,,,,0,google_play,2025-11-30T16:15:08.107712
f9a519e3-62d8-4821-b055-0394689b74c1,BOA,Bank of Abyssinia Mobile,com.boa.boaMobileBanking,5,The receipt download option is very convenient.,The receipt download option is very convenient.,2024-02-22T12:26:11,24.02.07,"Dear customer, thank you very much for your feedback.",2024-02-22T13:40:34,6,google_play,2025-11-30T16:15:08.107712
c10f6f0d-46bb-44fa-893b-c951985d5f00,BOA,Bank of Abyssinia Mobile,com.boa.boaMobileBanking,3,Hello is this new update cuz it keeps kicking me out!!!!! can't make a transaction fr!,Hello is this new update cuz it keeps kicking me out!!!!! can't make a transaction fr!,2024-04-30T10:37:33,24.04.26,,,1,google_play,2025-11-30T16:15:08.107712
7313638c-9cf3-4059-a8f8-9876ef72fe46,BOA,Bank of Abyssinia Mobile,com.boa.boaMobileBanking,5,More interactive and easy to use mobile app👌,More interactive and easy to use mobile app👌,2024-02-29T08:50:09,24.02.07,,,8,google_play,2025-11-30T16:15:08.107712
c22c687c-b43d-418d-bd9a-c534c12bdee4,BOA,Bank of Abyssinia Mobile,com.boa.boaMobileBanking,1,"I mean how could a big financial company like this, be this much irresponsible to release this app? You should be ashamed!","I mean how could a big financial company like this, be this much irresponsible to release this app? You should be ashamed!",2024-08-06T17:12:53,,,,0,google_play,2025-11-30T16:15:08.107712
fd0910c4-1fae-48fc-96f7-25718e85b3e0,BOA,Bank of Abyssinia Mobile,com.boa.boaMobileBanking,1,I couldn't transfer because of bug's its annoying for a bank app nots acceptable,I couldn't transfer because of bug's its annoying for a bank app nots acceptable,2024-03-15T16:10:04,,,,0,google_play,2025-11-30T16:15:08.107712
2a81adc8-d244-4af5-b5fe-5f1d6539593c,BOA,Bank of Abyssinia Mobile,com.boa.boaMobileBanking,5,Boa is the best app but Please Clear Instant or Not instant option of send money be for Asked !!!,Boa is the best app but Please Clear Instant or Not instant option of send money be for Asked !!!,2024-04-24T21:40:38,,,,1,google_play,2025-11-30T16:15:08.107712
baad5c11-63e6-4b64-9006-c4cb1481036d,BOA,Bank of Abyssinia Mobile,com.boa.boaMobileBanking,1,I can't type my otp on it.,I can't type my otp on it.,2025-10-01T17:42:50,25.09.03,,,0,google_play,2025-11-30T16:15:08.107712
d54d6e7a-8acd-45c3-a479-8b7fcc4ce671,BOA,Bank of Abyssinia Mobile,com.boa.boaMobileBanking,1,"Very slow response , try to some updates in the application","Very slow response , try to some updates in the application",2024-04-27T02:02:30,24.04.22,,,2,google_play,2025-11-30T16:15:08.107712
34a273e0-e131-497b-8d8d-0884c3c77aa6,BOA,Bank of Abyssinia Mobile,com.boa.boaMobileBanking,1,Soo many bugs on this app I haven't been able to use it since I installed it very bad,Soo many bugs on this app I haven't been able to use it since I installed it very bad,2024-05-03T14:21:32,24.04.22,,,9,google_play,2025-11-30T16:15:08.107712
f3e8b3d1-1c97-4b9f-9d34-1f6c18b340f1,BOA,Bank of Abyssinia Mobile,com.boa.boaMobileBanking,1,I can't use the app unless I turn off developer mode?? What kind of stupid rule is that?? The worst experience for a banking app!!,I can't use the app unless I turn off developer mode?? What kind of stupid rule is that?? The worst experience for a banking app!!,2024-05-26T09:09:00,,,,1,google_play,2025-11-30T16:15:08.107712
3e8a43b7-e4a5-4ba0-850e-332a7dad3a24,BOA,Bank of Abyssinia Mobile,com.boa.boaMobileBanking,1,has issue after installation and i think it doesn't work with tecno common 30,has issue after installation and i think it doesn't work with tecno common 30,2025-08-26T14:05:33,,,,0,google_play,2025-11-30T16:15:08.107712
35179040-fff3-4a61-9e55-e1efe7624022,BOA,Bank of Abyssinia Mobile,com.boa.boaMobileBanking,1,It has become the most unreliable mibile banking app ever.,It has become the most unreliable mibile banking app ever.,2024-06-16T10:23:01,24.05.07,,,1,google_play,2025-11-30T16:15:08.107712
c82b872b-22fe-4419-a039-ff981cd2a2eb,BOA,Bank of Abyssinia Mobile,com.boa.boaMobileBanking,5,User friendly at it's best with the best security option.,User friendly at it's best with the best security option.,2024-02-24T09:11:28,24.02.07,,,4,google_play,2025-11-30T16:15:08.107712
7df9c4ae-8892-42c6-bd56-42308119c67f,BOA,Bank of Abyssinia Mobile,com.boa.boaMobileBanking,5,Only problem is often it has connectivity issues.,Only problem is often it has connectivity issues.,2024-04-23T07:07:02,24.04.22,,,2,google_play,2025-11-30T16:15:08.107712
7c0961f2-7a44-49cd-b91b-a7edfc129349,BOA,Bank of Abyssinia Mobile,com.boa.boaMobileBanking,5,More easy and secure fast app than previous one,More easy and secure fast app than previous one,2024-02-08T15:53:42,24.02.07,,,4,google_play,2025-11-30T16:15:08.107712
9bea391b-234f-439d-a844-47d0c839a89a,BOA,Bank of Abyssinia Mobile,com.boa.boaMobileBanking,5,Fast and suitable for the customers.,Fast and suitable for the customers.,2025-01-04T06:16:44,,,,1,google_play,2025-11-30T16:15:08.107712
f4b63e31-2da1-40e8-acf5-fdb0a6e0b1a0,BOA,Bank of Abyssinia Mobile,com.boa.boaMobileBanking,4,It's easy used to operate program and secured 👍👍,It's easy used to operate program and secured 👍👍,2024-09-25T15:00:21,24.07.04,,,4,google_play,2025-11-30T16:15:08.107712
df95b4c9-3d7c-4d51-ae6b-000f4bb05b20,BOA,Bank of Abyssinia Mobile,com.boa.boaMobileBanking,1,Very laggy un able to make transactions Fix it,Very laggy un able to make transactions Fix it,2024-05-10T07:33:04,,,,0,google_play,2025-11-30T16:15:08.107712
3413f38f-a74b-4ab9-b793-4a14bf47b008,BOA,Bank of Abyssinia Mobile,com.boa.boaMobileBanking,1,"The worst mobile banking app, doesn't even work for a week properly.","The worst mobile banking app, doesn't even work for a week properly.",2024-05-14T23:55:51,24.05.07,,,1,google_play,2025-11-30T16:15:08.107712
538d4305-bead-4891-bbde-4d719e7b8545,BOA,Bank of Abyssinia Mobile,com.boa.boaMobileBanking,1,Very bad app as always bothering any transaction processes.,Very bad app as always bothering any transaction processes.,2024-05-03T19:01:46,24.04.26,,,2,google_play,2025-11-30T16:15:08.107712
9917233c-933c-444f-b986-e97d3fe0f682,BOA,Bank of Abyssinia Mobile,com.boa.boaMobileBanking,1,the worst app in my financial experience.,the worst app in my financial experience.,2025-10-22T12:13:16,25.09.03,,,0,google_play,2025-11-30T16:15:08.107712
29295b2c-ebe8-4dfe-9cd3-c3a5806b810b,BOA,Bank of Abyssinia Mobile,com.boa.boaMobileBanking,5,good for mb appliciation,good for mb appliciation,2025-10-21T16:22:18,25.09.03,,,0,google_play,2025-11-30T16:15:08.107712
8e591a54-f305-4788-a38b-56b2293a2b77,BOA,Bank of Abyssinia Mobile,com.boa.boaMobileBanking,1,The worst mobile banking app like the previous one. How long it would take for BOA to develop a good app?????? Years or decades?,The worst mobile banking app like the previous one. How long it would take for BOA to develop a good app?????? Years or decades?,2024-03-04T13:58:27,24.02.07,,,1,google_play,2025-11-30T16:15:08.107712
c8c1d8d1-5304-4e81-a052-f7437a7b341e,BOA,Bank of Abyssinia Mobile,com.boa.boaMobileBanking,1,"Is this app fake i try it not working it say please try again later, unable to make transactions what is the purpose of this app . If it is not working delete it","Is this app fake i try it not working it say please try again later, unable to make transactions what is the purpose of this app . If it is not working delete it",2024-07-25T22:24:26,,,,0,google_play,2025-11-30T16:15:08.107712
8c12373b-e19d-494f-8506-a54490d9709b,BOA,Bank of Abyssinia Mobile,com.boa.boaMobileBanking,1,I don't know why but your apps start out great then all of a sudden don't work🤷‍♀️,I don't know why but your apps start out great then all of a sudden don't work🤷‍♀️,2024-11-28T09:44:51,,,,0,google_play,2025-11-30T16:15:08.107712
e03e750f-2744-47c8-9f9b-e54a13cde49a,BOA,Bank of Abyssinia Mobile,com.boa.boaMobileBanking,5,Great UI and seamless UX. I love it!!,Great UI and seamless UX. I love it!!,2024-09-25T20:51:19,,,,3,google_play,2025-11-30T16:15:08.107712
df7e343c-6605-4349-aac9-1082b3e5699b,BOA,Bank of Abyssinia Mobile,com.boa.boaMobileBanking,1,It keeps crashing and hasn't been fixed,It keeps crashing and hasn't been fixed,2024-05-07T11:20:39,,,,0,google_play,2025-11-30T16:15:08.107712
4912c5ac-685b-4f39-8a57-ed6332d80b71,BOA,Bank of Abyssinia Mobile,com.boa.boaMobileBanking,1,Pls improve your mobile banking app it's doesn't work constantly after i updated the new version of your app try to improve,Pls improve your mobile banking app it's doesn't work constantly after i updated the new version of your app try to improve,2024-05-05T16:38:54,24.04.26,,,2,google_play,2025-11-30T16:15:08.107712
3bba5202-3fe3-473b-a3d0-8fb851e669ff,BOA,Bank of Abyssinia Mobile,com.boa.boaMobileBanking,1,"With every update the app keeps on getting worse,it is filled with bugs","With every update the app keeps on getting worse,it is filled with bugs",2024-04-29T00:54:02,24.04.26,,,5,google_play,2025-11-30T16:15:08.107712
b7206c5f-267e-44f1-b044-8f6f9392701d,BOA,Bank of Abyssinia Mobile,com.boa.boaMobileBanking,1,It's not opening. Really frustrating,It's not opening. Really frustrating,2025-03-01T15:18:34,24.11.22,,,2,google_play,2025-11-30T16:15:08.107712
8ae826b2-9de1-4f00-8cb2-1853fe361329,BOA,Bank of Abyssinia Mobile,com.boa.boaMobileBanking,2,Its very slow and fail to load any transaction,Its very slow and fail to load any transaction,2024-02-15T11:40:11,24.02.07,,,0,google_play,2025-11-30T16:15:08.107712
576b4332-bf4a-4d4b-9f4b-12d293d6f543,BOA,Bank of Abyssinia Mobile,com.boa.boaMobileBanking,1,"The application is full of bug, so annoying.","The application is full of bug, so annoying.",2024-05-07T05:47:03,24.04.26,,,2,google_play,2025-11-30T16:15:08.107712
eb3fc431-4145-4276-990f-496c764b7ea7,BOA,Bank of Abyssinia Mobile,com.boa.boaMobileBanking,1,"From now on I will never going to use this app,It is a trash app.No one care about this app from bank I will rate them 0/5.","From now on I will never going to use this app,It is a trash app.No one care about this app from bank I will rate them 0/5.",2024-07-06T08:20:49,24.07.04,,,0,google_play,2025-11-30T16:15:08.107712
a0ffc2f3-5b01-4f69-b9fa-ebca3e358bce,BOA,Bank of Abyssinia Mobile,com.boa.boaMobileBanking,1,It doesn't function properly!! You don't even deserve one star.. please stop playing your dirty game on your customer...,It doesn't function properly!! You don't even deserve one star.. please stop playing your dirty game on your customer...,2024-04-29T22:09:32,24.04.26,,,2,google_play,2025-11-30T16:15:08.107712
3f955361-4a28-4185-9b83-bedfcac7b287,BOA,Bank of Abyssinia Mobile,com.boa.boaMobileBanking,1,What is the purpose or point of not allowing to take a screenshot of the recipe after transferring???,What is the purpose or point of not allowing to take a screenshot of the recipe after transferring???,2024-05-29T17:45:37,24.05.07,,,1,google_play,2025-11-30T16:15:08.107712
aa02275b-6f54-4618-ae63-b085334c35e7,BOA,Bank of Abyssinia Mobile,com.boa.boaMobileBanking,1,Every time needs update & after that it's not working it's too boring,Every time needs update & after that it's not working it's too boring,2024-05-01T19:50:16,24.04.26,,,1,google_play,2025-11-30T16:15:08.107712
b4702798-0eb2-488a-817b-295ba878435a,BOA,Bank of Abyssinia Mobile,com.boa.boaMobileBanking,1,What's wrong with app suddenly stoped to open?,What's wrong with app suddenly stoped to open?,2024-03-25T09:39:06,,,,0,google_play,2025-11-30T16:15:08.107712
46c41e87-0d7a-491b-8641-2c1acdaddea3,BOA,Bank of Abyssinia Mobile,com.boa.boaMobileBanking,1,Horrible customer service and app crashes Horrible!!,Horrible customer service and app crashes Horrible!!,2025-01-15T11:24:17,24.11.22,,,2,google_play,2025-11-30T16:15:08.107712
3f2731c8-a1f4-4e60-9a4b-25c3c3b261cd,BOA,Bank of Abyssinia Mobile,com.boa.boaMobileBanking,5,You've improved from the previous one! Also try to add dark mode.,You've improved from the previous one! Also try to add dark mode.,2024-01-17T15:24:25,24.01.09,,,33,google_play,2025-11-30T16:15:08.107712
a56b1202-a6db-405b-aba1-586a16bc417d,BOA,Bank of Abyssinia Mobile,com.boa.boaMobileBanking,5,please open my mobile app,please open my mobile app,2025-09-10T14:43:30,25.09.03,,,0,google_play,2025-11-30T16:15:08.107712
f3cb13b7-59a4-4910-8373-e7a7f3f9d1e9,BOA,Bank of Abyssinia Mobile,com.boa.boaMobileBanking,1,Very poor app b/c highly slow to open the app,Very poor app b/c highly slow to open the app,2024-08-12T06:56:44,24.07.04,,,0,google_play,2025-11-30T16:15:08.107712
d464302a-7f6f-4dba-9b61-62dea5eab2f1,BOA,Bank of Abyssinia Mobile,com.boa.boaMobileBanking,1,It is not downloading. It stops at 79 % . Why ?,It is not downloading. It stops at 79 % . Why ?,2024-01-23T12:26:01,,,,5,google_play,2025-11-30T16:15:08.107712
8a4d9c01-9e5a-4732-a8ab-9341930b30c8,BOA,Bank of Abyssinia Mobile,com.boa.boaMobileBanking,3,"the app isn't working after it asked me the password it starts loading, but it doesn't open","the app isn't working after it asked me the password it starts loading, but it doesn't open",2025-04-20T20:05:21,25.03.07,,,5,google_play,2025-11-30T16:15:08.107712
516c40dc-9a1e-4bd8-9c73-78272f1f5852,BOA,Bank of Abyssinia Mobile,com.boa.boaMobileBanking,1,The most terrible mobel banking app in the world it is not working ones in a week,The most terrible mobel banking app in the world it is not working ones in a week,2024-04-13T13:53:01,,,,0,google_play,2025-11-30T16:15:08.107712
4168ab29-8b6c-4b99-ad76-1b805f5085ce,BOA,Bank of Abyssinia Mobile,com.boa.boaMobileBanking,1,Was good at first but now i couldn't reach my apollo account in the mobile banking app,Was good at first but now i couldn't reach my apollo account in the mobile banking app,2024-03-03T10:11:06,24.02.07,,,0,google_play,2025-11-30T16:15:08.107712
1cb67da1-9919-4e19-a07e-2b19e0c5db96,BOA,Bank of Abyssinia Mobile,com.boa.boaMobileBanking,5,Simplify your life by using the Abyssinia app I like it because it is comfortable and safe,Simplify your life by using the Abyssinia app I like it because it is comfortable and safe,2024-04-11T19:58:47,,,,5,google_play,2025-11-30T16:15:08.107712
b9471f3a-2e46-4397-a4df-f466c05a21cc,BOA,Bank of Abyssinia Mobile,com.boa.boaMobileBanking,2,Very poor app. Its Always cresh and not compatible,Very poor app. Its Always cresh and not compatible,2024-07-13T17:10:50,24.07.04,,,0,google_play,2025-11-30T16:15:08.107712
54b35b06-8d9f-426d-b60e-8ca7759b37f3,BOA,Bank of Abyssinia Mobile,com.boa.boaMobileBanking,5,This application is relatively good even if some times interpreted.But apolo is difficult application please improve it.,This application is relatively good even if some times interpreted.But apolo is difficult application please improve it.,2024-04-28T19:08:25,24.04.22,,,5,google_play,2025-11-30T16:15:08.107712
bed82c38-8d93-4c7f-a0e4-6dbe6499b6ab,BOA,Bank of Abyssinia Mobile,com.boa.boaMobileBanking,5,Tnx for updating the app its easy and fadt,Tnx for updating the app its easy and fadt,2024-02-04T09:39:18,24.01.09,,,4,google_play,2025-11-30T16:15:08.107712
03f0fe5d-707c-4c39-9ae8-ece08ca633f1,BOA,Bank of Abyssinia Mobile,com.boa.boaMobileBanking,1,"From Ethiopian Internet banking Abbisiniya Internet banking application is the most worst boring and slower app, please fix that","From Ethiopian Internet banking Abbisiniya Internet banking application is the most worst boring and slower app, please fix that",2024-05-01T21:10:10,24.04.22,,,0,google_play,2025-11-30T16:15:08.107712
2f3457f8-3dd9-461e-aeda-9453265796f8,BOA,Bank of Abyssinia Mobile,com.boa.boaMobileBanking,1,Why do u force me to Turn OFF developers option just to use your app its not fair and am not using ur app anymore,Why do u force me to Turn OFF developers option just to use your app its not fair and am not using ur app anymore,2024-05-10T17:31:05,,,,0,google_play,2025-11-30T16:15:08.107712
a84791b9-6811-4e81-9461-b4e880dee4d6,BOA,Bank of Abyssinia Mobile,com.boa.boaMobileBanking,3,That's too good application but try to add more alternatives and futures or possibilitys for your customers,That's too good application but try to add more alternatives and futures or possibilitys for your customers,2024-09-25T20:18:13,,,,0,google_play,2025-11-30T16:15:08.107712
563a42d4-d018-4147-a6d9-a62d36a30772,BOA,Bank of Abyssinia Mobile,com.boa.boaMobileBanking,1,"Ultimately, the worst mobile banking experience ever left me feeling exasperated and disillusioned.Its a nightmare","Ultimately, the worst mobile banking experience ever left me feeling exasperated and disillusioned.Its a nightmare",2024-04-13T13:47:52,,,,0,google_play,2025-11-30T16:15:08.107712
b4f29388-db8b-4ce7-9539-82a8c57b071a,BOA,Bank of Abyssinia Mobile,com.boa.boaMobileBanking,1,I'm living out of country how may I download and use mobile banking? It asks me the Ethiopia phone number and I can't receive text to confirm because I'm out side the country. So please lete know if I can use while I'm outside the country. Thanks,I'm living out of country how may I download and use mobile banking? It asks me the Ethiopia phone number and I can't receive text to confirm because I'm out side the country. So please lete know if I can use while I'm outside the country. Thanks,2024-10-04T04:30:33,24.09.30,,,1,google_play,2025-11-30T16:15:08.107712
681654a7-15e4-4539-ad2f-4adcf5cd12dc,BOA,Bank of Abyssinia Mobile,com.boa.boaMobileBanking,3,Not working properly always loading !,Not working properly always loading !,2024-02-04T13:28:42,24.01.09,,,1,google_play,2025-11-30T16:15:08.107712
8312e6d0-3b41-4061-b83f-54f6fcb4317a,BOA,Bank of Abyssinia Mobile,com.boa.boaMobileBanking,1,"the worst app ever,","the worst app ever,",2025-10-30T19:09:22,25.09.03,,,0,google_play,2025-11-30T16:15:08.107712
b4b477f6-5c81-4d01-bff7-90499955e93e,BOA,Bank of Abyssinia Mobile,com.boa.boaMobileBanking,1,Frequently crashing fix it please,Frequently crashing fix it please,2024-05-01T06:39:38,,,,0,google_play,2025-11-30T16:15:08.107712
0d777606-9d9a-4baf-91be-b21bfb65fa47,BOA,Bank of Abyssinia Mobile,com.boa.boaMobileBanking,1,The update app is the worest one when i compare with past.,The update app is the worest one when i compare with past.,2024-04-28T22:14:58,24.04.26,,,3,google_play,2025-11-30T16:15:08.107712
43551474-c422-4f7c-8dbf-372fb417a4b9,BOA,Bank of Abyssinia Mobile,com.boa.boaMobileBanking,5,It is easy to use and very fast app,It is easy to use and very fast app,2024-02-23T08:05:02,24.02.07,,,3,google_play,2025-11-30T16:15:08.107712
7c7a7f33-9bee-47e4-a0f7-2069f36c33de,BOA,Bank of Abyssinia Mobile,com.boa.boaMobileBanking,1,It's not working for 3days. Come on as a big bank in Ethiopia this is unprofessionallism from boa,It's not working for 3days. Come on as a big bank in Ethiopia this is unprofessionallism from boa,2024-05-15T14:42:42,24.05.07,,,1,google_play,2025-11-30T16:15:08.107712
861dcf64-11ac-4109-9416-dca7c303cdf9,BOA,Bank of Abyssinia Mobile,com.boa.boaMobileBanking,1,Plz fix the Apps ....screenshot lovation hide from glarey share botten not work😔😔,Plz fix the Apps ....screenshot lovation hide from glarey share botten not work😔😔,2024-08-30T12:05:08,24.07.04,,,1,google_play,2025-11-30T16:15:08.107712
afad642f-39c4-4db0-adbf-5fbe7143f960,BOA,Bank of Abyssinia Mobile,com.boa.boaMobileBanking,5,it is a good app,it is a good app,2025-11-18T07:47:47,25.09.03,,,0,google_play,2025-11-30T16:15:08.107712
529fe570-b1aa-48b7-b349-444b98c1fce7,BOA,Bank of Abyssinia Mobile,com.boa.boaMobileBanking,1,It has good features but sometimes it doesn't work...0,It has good features but sometimes it doesn't work...0,2025-03-02T15:02:17,24.11.22,,,1,google_play,2025-11-30T16:15:08.107712
622762e8-14b9-42eb-b807-8960278d8b34,BOA,Bank of Abyssinia Mobile,com.boa.boaMobileBanking,3,What is that disable developer option I have never seen any app commands.,What is that disable developer option I have never seen any app commands.,2024-05-22T09:03:55,24.05.07,,,0,google_play,2025-11-30T16:15:08.107712
eae7a9f2-f89c-40dc-afe9-97e29649a502,BOA,Bank of Abyssinia Mobile,com.boa.boaMobileBanking,3,"Why is the app asking me to remove developer options? Why does it matter what I do with my phone , this is unacceptable! Fix this","Why is the app asking me to remove developer options? Why does it matter what I do with my phone , this is unacceptable! Fix this",2024-05-06T19:00:37,24.04.26,,,1,google_play,2025-11-30T16:15:08.107712
ed1e11a1-995e-4255-a461-9d227c04a962,BOA,Bank of Abyssinia Mobile,com.boa.boaMobileBanking,1,It is the worst app that I have ever downloaded. It crushes every time I log in 👎 👎 👎 👎 👎 👎 👎 👎 👎 👎 👎 👎 👎 👎,It is the worst app that I have ever downloaded. It crushes every time I log in 👎 👎 👎 👎 👎 👎 👎 👎 👎 👎 👎 👎 👎 👎,2024-02-14T10:12:58,24.02.07,,,2,google_play,2025-11-30T16:15:08.107712
71a6f4cf-221a-4aa3-94c3-030aaa61e644,BOA,Bank of Abyssinia Mobile,com.boa.boaMobileBanking,5,This the best mobile banking App BOA mobile banking included all digital banking features and we can access the most companies and sectors with this App. Thanks for giving this services Keep going .,This the best mobile banking App BOA mobile banking included all digital banking features and we can access the most companies and sectors with this App. Thanks for giving this services Keep going .,2024-04-12T14:09:02,24.02.07,,,7,google_play,2025-11-30T16:15:08.107712
0382f8e0-e971-4b72-8392-b9aca8d61d7e,BOA,Bank of Abyssinia Mobile,com.boa.boaMobileBanking,1,I bought a mobile card on this app but I didn't receive it and it took my money and I didn't get my money back.,I bought a mobile card on this app but I didn't receive it and it took my money and I didn't get my money back.,2024-09-21T13:34:07,24.07.04,,,0,google_play,2025-11-30T16:15:08.107712
c33b61e9-53db-4349-9ffb-a0d8a5a59051,BOA,Bank of Abyssinia Mobile,com.boa.boaMobileBanking,1,"How many hours should I wait after transferring money to telebirr, please do something about the transfer delay issue I need my money when ever.","How many hours should I wait after transferring money to telebirr, please do something about the transfer delay issue I need my money when ever.",2024-09-15T19:36:11,24.07.04,,,0,google_play,2025-11-30T16:15:08.107712
3af6db50-c93f-4916-bc9b-8ce248f59a4e,BOA,Bank of Abyssinia Mobile,com.boa.boaMobileBanking,1,I can't believe that Abyssinia develop this kind of trash app it have a lot of issues 👎👎👎,I can't believe that Abyssinia develop this kind of trash app it have a lot of issues 👎👎👎,2024-07-13T10:27:20,24.07.04,,,0,google_play,2025-11-30T16:15:08.107712
814106ac-2d4b-409a-b367-f8686985ee7c,BOA,Bank of Abyssinia Mobile,com.boa.boaMobileBanking,5,It's good app tnx for u new update it's very easy to using this app they add some future tnx Abyssinia bank,It's good app tnx for u new update it's very easy to using this app they add some future tnx Abyssinia bank,2024-04-18T15:02:06,24.02.07,,,4,google_play,2025-11-30T16:15:08.107712
196ffa19-91c5-4f11-9427-cff840f683e1,BOA,Bank of Abyssinia Mobile,com.boa.boaMobileBanking,5,its best app but its don't working in poor connection area so,its best app but its don't working in poor connection area so,2024-07-03T15:11:03,24.05.07,,,1,google_play,2025-11-30T16:15:08.107712
5f80fcab-9967-4c8a-8e42-fe8ecfca0f11,BOA,Bank of Abyssinia Mobile,com.boa.boaMobileBanking,1,Error occurred try again for 5 days tele birr user not found ለራሴ አዝዤ,Error occurred try again for 5 days tele birr user not found ለራሴ አዝዤ,2024-07-08T21:19:38,24.07.04,,,0,google_play,2025-11-30T16:15:08.107712
e086cf56-30a1-4650-b7c7-492dbab0f831,BOA,Bank of Abyssinia Mobile,com.boa.boaMobileBanking,1,"This app crashes everytime, please fix it","This app crashes everytime, please fix it",2024-11-12T13:08:59,24.09.30,,,0,google_play,2025-11-30T16:15:08.107712
832b99c0-0dd5-46ce-9c81-fa0b789e31cd,BOA,Bank of Abyssinia Mobile,com.boa.boaMobileBanking,4,Best app but after the update the screenshot not working,Best app but after the update the screenshot not working,2024-02-19T10:07:26,24.02.07,"Dear customer, try the download button on the acknowledgment screen. Thank you!",2024-02-22T13:53:02,5,google_play,2025-11-30T16:15:08.107712
594ad1b3-589b-43aa-9936-04d0f57eefc4,BOA,Bank of Abyssinia Mobile,com.boa.boaMobileBanking,1,You make the app worse . Asif it is update you make us install it as new then you create us problems,You make the app worse . Asif it is update you make us install it as new then you create us problems,2024-02-02T19:37:03,,,,3,google_play,2025-11-30T16:15:08.107712
95b8d5aa-aa79-40a8-b250-6bf68f7b9782,BOA,Bank of Abyssinia Mobile,com.boa.boaMobileBanking,2,"It's not working as it was , so much need to improve, it was the best but not anymore","It's not working as it was , so much need to improve, it was the best but not anymore",2024-08-01T18:04:25,24.07.04,,,0,google_play,2025-11-30T16:15:08.107712
bdbcfd9c-7cf2-48d8-9ddc-ae048d9cf9ab,BOA,Bank of Abyssinia Mobile,com.boa.boaMobileBanking,2,"you guys keep on releasing unstable app, now it won't login","you guys keep on releasing unstable app, now it won't login",2024-04-30T10:11:44,24.04.26,,,0,google_play,2025-11-30T16:15:08.107712
dd17878a-6b55-4bb7-9896-74753abaebb4,BOA,Bank of Abyssinia Mobile,com.boa.boaMobileBanking,1,Crash... glitch... crash... blame connection... crash... crash again. Please fix it,Crash... glitch... crash... blame connection... crash... crash again. Please fix it,2024-05-02T21:59:16,24.04.26,,,3,google_play,2025-11-30T16:15:08.107712
56e4df5e-cfd9-4c86-b9b7-ec322a07674e,BOA,Bank of Abyssinia Mobile,com.boa.boaMobileBanking,1,The worst banking app ever. Never works!,The worst banking app ever. Never works!,2024-12-14T06:45:35,,,,0,google_play,2025-11-30T16:15:08.107712
2fd189ac-a04c-4c92-9029-9576cba36175,BOA,Bank of Abyssinia Mobile,com.boa.boaMobileBanking,1,"Such a junk application, its not working at all. Waste of time","Such a junk application, its not working at all. Waste of time",2024-04-30T11:43:48,24.04.26,,,2,google_play,2025-11-30T16:15:08.107712
769aa7f0-de68-4bd0-ab4b-d6038d9836be,BOA,Bank of Abyssinia Mobile,com.boa.boaMobileBanking,5,Much better and easy to access then the last boa app,Much better and easy to access then the last boa app,2024-02-05T07:05:07,24.01.09,,,5,google_play,2025-11-30T16:15:08.107712
b3a22053-e2b9-47e6-8083-a2e73a7c6bed,BOA,Bank of Abyssinia Mobile,com.boa.boaMobileBanking,2,after i typed in my password it says successfully logged out ...and goes back to the first page,after i typed in my password it says successfully logged out ...and goes back to the first page,2025-04-04T11:38:08,25.03.07,,,2,google_play,2025-11-30T16:15:08.107712
56402226-89f9-4f56-9761-e0dfeed5718b,BOA,Bank of Abyssinia Mobile,com.boa.boaMobileBanking,1,so poor app to use can't start up when open the app,so poor app to use can't start up when open the app,2024-08-08T09:48:54,24.07.04,,,0,google_play,2025-11-30T16:15:08.107712
9756a397-2464-40d6-8eab-d269c119aa9e,BOA,Bank of Abyssinia Mobile,com.boa.boaMobileBanking,1,Please fix the app i doesn't belongs to Abbssinya Bank Name,Please fix the app i doesn't belongs to Abbssinya Bank Name,2024-05-22T04:01:58,24.05.07,,,0,google_play,2025-11-30T16:15:08.107712
a492c617-efd4-469f-8854-169233ae09c0,BOA,Bank of Abyssinia Mobile,com.boa.boaMobileBanking,1,It doesnt send birr immediately to anything,It doesnt send birr immediately to anything,2024-02-17T10:09:39,24.02.07,"Dear customer, We are sorry for the inconvenience please contact us at 8397 and share as much information as you can. We will investigate your case. Thank you!",2024-02-22T13:54:55,1,google_play,2025-11-30T16:15:08.107712
03bcdbc8-adcf-4f5d-b155-1001f6debab5,BOA,Bank of Abyssinia Mobile,com.boa.boaMobileBanking,1,Not yet completely working this App. i don't know when is it will be working properly! Its Sad!!!,Not yet completely working this App. i don't know when is it will be working properly! Its Sad!!!,2024-07-31T22:20:53,24.07.04,,,1,google_play,2025-11-30T16:15:08.107712
7d468428-1ccb-4528-9984-9324db9b9d2b,BOA,Bank of Abyssinia Mobile,com.boa.boaMobileBanking,1,bro the worst app made by human kind!! as a software engineer it make me so sad seeing enterprise as big as BOA make apps like this. it is a disgrace for our country!!,bro the worst app made by human kind!! as a software engineer it make me so sad seeing enterprise as big as BOA make apps like this. it is a disgrace for our country!!,2025-03-05T13:03:56,,,,0,google_play,2025-11-30T16:15:08.107712
3c7477cb-cd09-40b0-828e-9086cba2e596,BOA,Bank of Abyssinia Mobile,com.boa.boaMobileBanking,1,"This is not functional at all, it takes forever to make a transaction,please improve it.","This is not functional at all, it takes forever to make a transaction,please improve it.",2024-04-24T16:54:31,,,,0,google_play,2025-11-30T16:15:08.107712
27e12500-c856-43d9-a2bb-97c7e02274da,BOA,Bank of Abyssinia Mobile,com.boa.boaMobileBanking,1,App good. how money transfer tele birr agents,App good. how money transfer tele birr agents,2024-02-12T08:00:36,24.01.09,,,0,google_play,2025-11-30T16:15:08.107712
6cab78a7-bc92-43b8-84c8-f997d3c31726,BOA,Bank of Abyssinia Mobile,com.boa.boaMobileBanking,2,I Don't Like It Once U Open It's open did Not Ask U The Pin when u get back Not Safty the Old Version Is More Secured,I Don't Like It Once U Open It's open did Not Ask U The Pin when u get back Not Safty the Old Version Is More Secured,2024-02-06T13:25:34,24.01.09,,,0,google_play,2025-11-30T16:15:08.107712
47952a57-6612-4e48-93e5-2c33b47ac246,BOA,Bank of Abyssinia Mobile,com.boa.boaMobileBanking,1,"The worst app. Can't even login to my device. Phone : Pexel7a, version : android 13.","The worst app. Can't even login to my device. Phone : Pexel7a, version : android 13.",2024-01-16T15:05:29,24.01.09,,,14,google_play,2025-11-30T16:15:08.107712
f736ba52-844f-46ef-9164-1803171f7177,BOA,Bank of Abyssinia Mobile,com.boa.boaMobileBanking,1,How to download or screenshot of payment receipt...what kinda worst app ever 🤮🤮🤢,How to download or screenshot of payment receipt...what kinda worst app ever 🤮🤮🤢,2024-09-11T13:19:05,24.07.04,,,0,google_play,2025-11-30T16:15:08.107712
45dd47e8-7308-43f4-85b0-76c8cdd9a4ad,BOA,Bank of Abyssinia Mobile,com.boa.boaMobileBanking,1,I can't update the enable button not open.,I can't update the enable button not open.,2024-04-24T15:53:55,,,,0,google_play,2025-11-30T16:15:08.107712
d465f71e-39dc-4e94-bcbf-06310974347c,BOA,Bank of Abyssinia Mobile,com.boa.boaMobileBanking,1,Annoying it doesn't work totally,Annoying it doesn't work totally,2024-05-01T14:13:56,24.04.26,,,1,google_play,2025-11-30T16:15:08.107712
d20381f3-dc64-4b48-a98e-5434843b19c5,BOA,Bank of Abyssinia Mobile,com.boa.boaMobileBanking,5,The Bank I always love 😘 and work with them is priceless,The Bank I always love 😘 and work with them is priceless,2024-04-24T13:31:58,,,,4,google_play,2025-11-30T16:15:08.107712
ffc76c90-7d65-45e7-8c47-a4c5bd029b0e,BOA,Bank of Abyssinia Mobile,com.boa.boaMobileBanking,4,You have made a great application that is easy to use,You have made a great application that is easy to use,2024-02-08T20:53:46,24.02.07,,,5,google_play,2025-11-30T16:15:08.107712
000ef73f-978b-4c50-a44a-9c57cbc5c69e,BOA,Bank of Abyssinia Mobile,com.boa.boaMobileBanking,5,A massive improvement from the previous app. More modern and actually works,A massive improvement from the previous app. More modern and actually works,2024-02-03T11:04:16,24.01.09,,,6,google_play,2025-11-30T16:15:08.107712
95a7177d-a323-4a17-98ad-9f94ea147686,BOA,Bank of Abyssinia Mobile,com.boa.boaMobileBanking,1,The poorest mobile banking survice ever. Only error reports frequently,The poorest mobile banking survice ever. Only error reports frequently,2024-07-16T15:37:32,24.07.04,,,0,google_play,2025-11-30T16:15:08.107712
4d7d0be8-49b8-4ee8-9ce8-5058080ca462,BOA,Bank of Abyssinia Mobile,com.boa.boaMobileBanking,2,OTP should be inserted manually. not working on my phone,OTP should be inserted manually. not working on my phone,2024-04-02T21:37:11,,,,0,google_play,2025-11-30T16:15:08.107712
b640cc87-df88-4b6b-9b9f-13fe0bdd5dfa,BOA,Bank of Abyssinia Mobile,com.boa.boaMobileBanking,1,"this app does no work on Samsung a51, it just gives a preview of the logo","this app does no work on Samsung a51, it just gives a preview of the logo",2025-05-11T18:07:08,24.09.30,,,0,google_play,2025-11-30T16:15:08.107712
fed38ae4-068f-426e-83ec-1a7dbfc18e52,BOA,Bank of Abyssinia Mobile,com.boa.boaMobileBanking,5,Very good app its easy to use,Very good app its easy to use,2024-02-15T15:40:32,,"Hi, thank you very much for your feedback.",2024-02-22T13:56:24,3,google_play,2025-11-30T16:15:08.107712
a9a7f141-8faa-4f42-8499-665d2c965fa7,BOA,Bank of Abyssinia Mobile,com.boa.boaMobileBanking,5,It is good &fast to open!!,It is good &fast to open!!,2024-02-14T13:04:49,24.02.07,,,2,google_play,2025-11-30T16:15:08.107712
1c136806-0ba1-4fcb-9ad8-f0f92a596867,BOA,Bank of Abyssinia Mobile,com.boa.boaMobileBanking,1,Not reliable always with some issues,Not reliable always with some issues,2024-04-22T05:24:08,24.02.07,,,1,google_play,2025-11-30T16:15:08.107712
cd1656d1-afc8-4a2b-9f3b-91fbfa587b84,BOA,Bank of Abyssinia Mobile,com.boa.boaMobileBanking,5,The updated version is nice one BOA always #1 bank,The updated version is nice one BOA always #1 bank,2024-02-10T15:41:28,24.02.07,,,3,google_play,2025-11-30T16:15:08.107712
9035f28b-9646-4fe9-80e1-6b6926b0289e,BOA,Bank of Abyssinia Mobile,com.boa.boaMobileBanking,5,Nice app and it's easy to use,Nice app and it's easy to use,2025-02-21T10:41:42,24.11.22,,,2,google_play,2025-11-30T16:15:08.107712
a7a625eb-2758-4439-b790-c7f6e62cae95,BOA,Bank of Abyssinia Mobile,com.boa.boaMobileBanking,1,all the time updated but im not satisfy by boa mobile bancking 😡😡😡,all the time updated but im not satisfy by boa mobile bancking 😡😡😡,2024-05-02T16:11:18,24.04.26,,,1,google_play,2025-11-30T16:15:08.107712
bb41fa2e-2552-494f-a3dd-81da22ebba6c,BOA,Bank of Abyssinia Mobile,com.boa.boaMobileBanking,1,The application is extremely slow.,The application is extremely slow.,2024-03-16T17:38:57,24.02.07,,,1,google_play,2025-11-30T16:15:08.107712
5d940978-07d3-41d9-81b1-74867eb724a3,BOA,Bank of Abyssinia Mobile,com.boa.boaMobileBanking,3,The App's crash always.. Error.....,The App's crash always.. Error.....,2024-09-27T15:25:54,24.07.04,,,0,google_play,2025-11-30T16:15:08.107712
3eb5e2aa-da9c-4879-b7fa-51d605d32cf5,BOA,Bank of Abyssinia Mobile,com.boa.boaMobileBanking,1,The keyboard not Working please fix it,The keyboard not Working please fix it,2024-02-13T22:05:06,24.02.07,,,0,google_play,2025-11-30T16:15:08.107712
be349d45-280d-4ecf-8d23-71c407bd38c6,BOA,Bank of Abyssinia Mobile,com.boa.boaMobileBanking,1,"It's not working totally, what a useless app is it,","It's not working totally, what a useless app is it,",2024-07-31T12:54:39,24.07.04,,,0,google_play,2025-11-30T16:15:08.107712
06ad47bd-3a6a-45b4-ae10-6dd4170bc254,BOA,Bank of Abyssinia Mobile,com.boa.boaMobileBanking,2,Whenever I try to sign in app close please fixed it out,Whenever I try to sign in app close please fixed it out,2025-01-21T17:34:22,24.11.22,,,0,google_play,2025-11-30T16:15:08.107712
01c3d316-3dbc-4e5c-9a71-8ed4fecc7233,BOA,Bank of Abyssinia Mobile,com.boa.boaMobileBanking,2,"screenshot isn't working, Please modify it","screenshot isn't working, Please modify it",2024-07-22T16:38:15,24.07.04,,,0,google_play,2025-11-30T16:15:08.107712
c3b78417-6822-48b0-8c40-6f5f96d0e2b2,BOA,Bank of Abyssinia Mobile,com.boa.boaMobileBanking,3,Always do update and that is annoying,Always do update and that is annoying,2025-01-27T07:11:12,24.05.07,,,0,google_play,2025-11-30T16:15:08.107712
986b160c-cade-4ae5-918e-eddd2802d4d8,BOA,Bank of Abyssinia Mobile,com.boa.boaMobileBanking,2,After update it doesn't work well,After update it doesn't work well,2024-07-09T09:48:40,24.07.04,,,0,google_play,2025-11-30T16:15:08.107712
3a05c496-6385-4903-b2f5-54f69bdd8ee7,BOA,Bank of Abyssinia Mobile,com.boa.boaMobileBanking,5,Update to the simplest way it requires the developer option on and off why this is,Update to the simplest way it requires the developer option on and off why this is,2024-10-04T08:18:27,24.09.30,,,58,google_play,2025-11-30T16:15:08.107712
b5697919-6864-4081-be34-38240941d26f,BOA,Bank of Abyssinia Mobile,com.boa.boaMobileBanking,4,The new version is really nice. Keep it up,The new version is really nice. Keep it up,2024-01-18T18:37:35,24.01.09,,,11,google_play,2025-11-30T16:15:08.107712
e9072e9a-76dc-49d1-b423-cb64c4656802,BOA,Bank of Abyssinia Mobile,com.boa.boaMobileBanking,1,this version is not working for me I cannot even buy card. I cannot send money,this version is not working for me I cannot even buy card. I cannot send money,2025-03-30T14:27:26,25.03.07,,,2,google_play,2025-11-30T16:15:08.107712
f7eaa18a-f1ea-4477-b0c8-2832899d5424,BOA,Bank of Abyssinia Mobile,com.boa.boaMobileBanking,5,This new version of the app is really great. Loved it!,This new version of the app is really great. Loved it!,2024-01-15T05:31:07,24.01.09,,,26,google_play,2025-11-30T16:15:08.107712
fc50f8d9-0d2f-495f-8786-1e4670d229c7,BOA,Bank of Abyssinia Mobile,com.boa.boaMobileBanking,5,slow only some times the wey it is veary nice app,slow only some times the wey it is veary nice app,2024-06-05T00:26:08,24.05.07,,,1,google_play,2025-11-30T16:15:08.107712
7172704c-d6ab-4ee6-8c06-7e540a7d5fc7,BOA,Bank of Abyssinia Mobile,com.boa.boaMobileBanking,3,so far good but always it lugs,so far good but always it lugs,2024-08-17T18:16:57,24.07.04,,,0,google_play,2025-11-30T16:15:08.107712
f29e5f00-a934-4d73-9406-178808bedfef,BOA,Bank of Abyssinia Mobile,com.boa.boaMobileBanking,1,Keeps crashing everytime what a disaster,Keeps crashing everytime what a disaster,2024-05-01T09:44:16,24.04.26,,,1,google_play,2025-11-30T16:15:08.107712
22099d9b-0b99-4bbc-90bf-ff60acab4e5c,BOA,Bank of Abyssinia Mobile,com.boa.boaMobileBanking,3,The app is not properly working.,The app is not properly working.,2024-04-28T18:45:52,24.04.26,,,2,google_play,2025-11-30T16:15:08.107712
2bace31c-d24b-4c81-bf20-05e5e8e4748e,BOA,Bank of Abyssinia Mobile,com.boa.boaMobileBanking,5,A little faster than before . Thanks,A little faster than before . Thanks,2024-03-05T13:54:04,24.02.07,,,1,google_play,2025-11-30T16:15:08.107712
6446c637-4d71-4aa9-b09c-abcc44110734,BOA,Bank of Abyssinia Mobile,com.boa.boaMobileBanking,1,i find it interesting specially in reciept downloading,i find it interesting specially in reciept downloading,2024-11-12T14:43:41,,,,0,google_play,2025-11-30T16:15:08.107712
57c27d13-bb76-473e-becb-fc6217ddd0bd,BOA,Bank of Abyssinia Mobile,com.boa.boaMobileBanking,1,ምን ሆናችው ነው ግን ?በጣም ቀርፋፋ ነው፡ቢያንስ እንኳን እንደ Apollo ቢፈጥን ። I'm more 15years customers in your bank but due your Application i decide to shift for other bank like CBE OR TELEBIRR PLEASE FIX THE SPEED,ምን ሆናችው ነው ግን ?በጣም ቀርፋፋ ነው፡ቢያንስ እንኳን እንደ Apollo ቢፈጥን ። I'm more 15years customers in your bank but due your Application i decide to shift for other bank like CBE OR TELEBIRR PLEASE FIX THE SPEED,2024-01-17T23:12:28,24.01.09,,,11,google_play,2025-11-30T16:15:08.107712
d80c22c9-edd1-4e95-98c5-862949bb45f6,BOA,Bank of Abyssinia Mobile,com.boa.boaMobileBanking,5,Great UI UX Design !!!,Great UI UX Design !!!,2024-05-09T19:51:50,,,,1,google_play,2025-11-30T16:15:08.107712
b96d31a2-9360-43ab-ba3c-a44b324f8288,BOA,Bank of Abyssinia Mobile,com.boa.boaMobileBanking,1,considering the fact the bank is huge this app really bad you could do better,considering the fact the bank is huge this app really bad you could do better,2025-03-25T16:33:59,,,,1,google_play,2025-11-30T16:15:08.107712
42e6b999-2d95-4374-bf40-93c60d08c58f,BOA,Bank of Abyssinia Mobile,com.boa.boaMobileBanking,2,It's good when i've downloaded at first. But now it doesn't work well,It's good when i've downloaded at first. But now it doesn't work well,2024-05-20T22:29:06,24.05.07,,,0,google_play,2025-11-30T16:15:08.107712
2a694e53-fdeb-4880-b4db-e3d52971f932,BOA,Bank of Abyssinia Mobile,com.boa.boaMobileBanking,2,worst banking app i have ever used. Try to modify it,worst banking app i have ever used. Try to modify it,2024-03-19T08:54:14,24.02.07,,,1,google_play,2025-11-30T16:15:08.107712
ed313595-7211-44a8-9b42-defd7503aebc,BOA,Bank of Abyssinia Mobile,com.boa.boaMobileBanking,1,Nice looking app but a terrible user experience.,Nice looking app but a terrible user experience.,2024-09-03T16:30:49,24.07.04,,,0,google_play,2025-11-30T16:15:08.107712
161dbde7-f447-412e-abf3-8ae5e7ba5012,BOA,Bank of Abyssinia Mobile,com.boa.boaMobileBanking,5,Best mobile app in the country,Best mobile app in the country,2025-08-14T06:04:30,25.05.03,,,0,google_play,2025-11-30T16:15:08.107712
c2fd1b46-bfd0-4f9d-84a0-823e74713dae,BOA,Bank of Abyssinia Mobile,com.boa.boaMobileBanking,4,good App and user friendly.,good App and user friendly.,2024-05-01T20:02:45,24.04.26,,,4,google_play,2025-11-30T16:15:08.107712
3e2451bc-4507-498e-b0d2-66d211889072,BOA,Bank of Abyssinia Mobile,com.boa.boaMobileBanking,1,It is always crushing it loged me out all the time,It is always crushing it loged me out all the time,2024-04-28T16:16:38,24.04.22,,,0,google_play,2025-11-30T16:15:08.107712
6308cb59-e418-4559-80e1-b53d44ce7c9a,BOA,Bank of Abyssinia Mobile,com.boa.boaMobileBanking,5,my fav app,my fav app,2025-11-07T06:04:39,25.09.03,,,0,google_play,2025-11-30T16:15:08.107712
6a7a5c64-4056-404d-b37e-60bf1d6ee90a,BOA,Bank of Abyssinia Mobile,com.boa.boaMobileBanking,5,best of best,best of best,2025-11-10T17:25:19,25.09.03,,,0,google_play,2025-11-30T16:15:08.107712
5af4e484-25a8-4612-a21f-78d14133c52d,BOA,Bank of Abyssinia Mobile,com.boa.boaMobileBanking,1,Is it necessary to switch off developer options every time to use mobile banking?🤔🤔😡😡😡,Is it necessary to switch off developer options every time to use mobile banking?🤔🤔😡😡😡,2024-08-04T12:53:44,24.07.04,,,0,google_play,2025-11-30T16:15:08.107712
695331e7-0600-4a44-805b-255770e5f33b,BOA,Bank of Abyssinia Mobile,com.boa.boaMobileBanking,5,Fast and reliable,Fast and reliable,2024-11-18T16:58:47,24.09.30,,,1,google_play,2025-11-30T16:15:08.107712
8707cb4a-9436-4fde-83e5-e08f2a36e035,BOA,Bank of Abyssinia Mobile,com.boa.boaMobileBanking,3,The onky defect is that it is too slow,The onky defect is that it is too slow,2024-04-25T11:55:44,,,,0,google_play,2025-11-30T16:15:08.107712
bffe6663-e88f-4a08-97bc-e6ea6b2d8227,BOA,Bank of Abyssinia Mobile,com.boa.boaMobileBanking,1,keeps freezing at the front page.,keeps freezing at the front page.,2025-08-10T16:35:29,25.05.03,,,0,google_play,2025-11-30T16:15:08.107712
4f204bc2-3713-4db3-81a5-dca33fa239b5,BOA,Bank of Abyssinia Mobile,com.boa.boaMobileBanking,1,Sorry to say it is very poor apps I have decided to suspend the BoA account,Sorry to say it is very poor apps I have decided to suspend the BoA account,2024-04-25T10:26:05,24.04.22,,,1,google_play,2025-11-30T16:15:08.107712
63c608e3-85ac-46ab-a948-1ab4a81bd575,BOA,Bank of Abyssinia Mobile,com.boa.boaMobileBanking,5,I have been using this app for two years.It is amazing.,I have been using this app for two years.It is amazing.,2025-01-31T22:18:26,24.11.22,,,3,google_play,2025-11-30T16:15:08.107712
56e691a9-fdd9-469b-a8b0-d495312cda48,BOA,Bank of Abyssinia Mobile,com.boa.boaMobileBanking,5,It's very good but sometimes isn't work probably,It's very good but sometimes isn't work probably,2024-07-12T17:10:09,24.07.04,,,1,google_play,2025-11-30T16:15:08.107712
cad446e3-e47d-4b8f-a47e-771cf8771aca,BOA,Bank of Abyssinia Mobile,com.boa.boaMobileBanking,2,I think I remember it worked once upon time...,I think I remember it worked once upon time...,2024-05-02T17:19:27,24.04.26,,,1,google_play,2025-11-30T16:15:08.107712
f07f9c2b-112a-4fe7-9187-0da7683616bc,BOA,Bank of Abyssinia Mobile,com.boa.boaMobileBanking,1,It doesn't work on my 2 devices A05 and A34 😡,It doesn't work on my 2 devices A05 and A34 😡,2024-12-02T19:19:07,24.11.22,,,1,google_play,2025-11-30T16:15:08.107712
f5d98801-653a-42db-b567-7ec99f5f76cb,BOA,Bank of Abyssinia Mobile,com.boa.boaMobileBanking,1,The best bank with the worst application and ussd service.,The best bank with the worst application and ussd service.,2024-04-30T08:05:29,24.04.26,,,0,google_play,2025-11-30T16:15:08.107712
fe2fcc2e-a065-4210-a48b-4ea4e93f383e,BOA,Bank of Abyssinia Mobile,com.boa.boaMobileBanking,2,This App is Getting worse and worse with every update,This App is Getting worse and worse with every update,2025-07-11T12:03:44,25.05.03,,,1,google_play,2025-11-30T16:15:08.107712
2267893c-a4cc-4618-b016-e0743aea27e2,BOA,Bank of Abyssinia Mobile,com.boa.boaMobileBanking,1,I don't get why this app is developed it is not functional at all !!,I don't get why this app is developed it is not functional at all !!,2024-05-12T16:48:54,24.05.07,,,0,google_play,2025-11-30T16:15:08.107712
d65cb095-4aad-44b5-ace2-de0e6be51444,BOA,Bank of Abyssinia Mobile,com.boa.boaMobileBanking,1,The previous version is better it doesn't work,The previous version is better it doesn't work,2024-08-04T08:16:27,24.07.04,,,0,google_play,2025-11-30T16:15:08.107712
f9d522b2-ef61-43ea-bdff-9ccf70b88498,BOA,Bank of Abyssinia Mobile,com.boa.boaMobileBanking,1,Poor application. It turned off by itself,Poor application. It turned off by itself,2024-07-23T15:06:20,24.07.04,,,0,google_play,2025-11-30T16:15:08.107712
158fd686-a553-4c44-b769-f1a9438fc9a2,BOA,Bank of Abyssinia Mobile,com.boa.boaMobileBanking,1,Worst application relative to other Ethiopia mobile banking app,Worst application relative to other Ethiopia mobile banking app,2024-05-06T17:44:10,24.04.26,,,0,google_play,2025-11-30T16:15:08.107712
52ada943-791a-40f9-95b3-30f8919e1518,BOA,Bank of Abyssinia Mobile,com.boa.boaMobileBanking,3,This app is so annoying as the previous version.,This app is so annoying as the previous version.,2024-04-30T18:21:07,24.04.26,,,0,google_play,2025-11-30T16:15:08.107712
390e85e9-72a5-4a7f-b68c-72f94c586fda,BOA,Bank of Abyssinia Mobile,com.boa.boaMobileBanking,3,The app is not good need a few work,The app is not good need a few work,2024-06-11T13:09:00,24.02.07,,,1,google_play,2025-11-30T16:15:08.107712
