review_id,bank,app_name,pkg,score,content,content_clean,at,review_created_version,reply_content,replied_at,thumbs_up_count,source,scrape_run_id
1ebb9f31-ce77-4149-826a-697d986e9ff1,CBE,Commercial Bank of Ethiopia Mobile,com.combanketh.mobilebanking,1,"WHAT A USELESS APP! Transfers, wallet payments, other banks — nothing works. Updated, restarted, cleared cache, reinstalled — still useless. Crashed and forced me to visit a branch just to log in 3 times. One of the biggest banks in the country can’t fix issues a junior developer could solve. Completely unreliable. Big bank , Zero functionality!","WHAT A USELESS APP! Transfers, wallet payments, other banks — nothing works. Updated, restarted, cleared cache, reinstalled — still useless. Crashed and forced me to visit a branch just to log in 3 times. One of the biggest banks in the country can’t fix issues a junior developer could solve. Completely unreliable. Big bank , Zero functionality!",2025-09-13T14:13:44,5.2.1,,,979,google_play,2025-11-30T16:15:08.107712
6c72590a-6064-4aac-a5b5-a23df953162d,CBE,Commercial Bank of Ethiopia Mobile,com.combanketh.mobilebanking,2,"Most of the time when I try to open the app, it does not load. The circle keeps spinning as if it is trying to open, and get a message saying "" 2 attempts left for offline login"". This seems to mean that the app cannot connect to the internet, even though I have a stable internet connection, and all other stuff work properly.","Most of the time when I try to open the app, it does not load. The circle keeps spinning as if it is trying to open, and get a message saying "" 2 attempts left for offline login"". This seems to mean that the app cannot connect to the internet, even though I have a stable internet connection, and all other stuff work properly.",2025-09-24T16:27:11,5.2.1,,,62,google_play,2025-11-30T16:15:08.107712
651c86bc-2cf3-436e-a85c-39c55709db15,CBE,Commercial Bank of Ethiopia Mobile,com.combanketh.mobilebanking,5,"I use the Commercial Bank of Ethiopia mobile app, and it’s fantastic! The interface is user-friendly, making it easy to check balances and transfer money. I love the bill payment feature, and the security measures give me peace of mind. Overall, it’s a reliable app that has simplified my banking experience. Highly recommend!","I use the Commercial Bank of Ethiopia mobile app, and it’s fantastic! The interface is user-friendly, making it easy to check balances and transfer money. I love the bill payment feature, and the security measures give me peace of mind. Overall, it’s a reliable app that has simplified my banking experience. Highly recommend!",2025-08-22T16:40:53,5.2.1,,,1161,google_play,2025-11-30T16:15:08.107712
6028469c-5c00-4864-a85e-7e158387f160,CBE,Commercial Bank of Ethiopia Mobile,com.combanketh.mobilebanking,4,"It is good app and really user friendly , but it not possible to start service after the app is uninstalled or device phone is changed. So please make it easy for us, after once you set us the requirements in your office we should have to use it only by install and launch it. We do not have to visit the near by branch office every time for such silly businesses but important things. in addition to that why is that for hidding senders name or account number How can I know who tranfers to me???","It is good app and really user friendly , but it not possible to start service after the app is uninstalled or device phone is changed. So please make it easy for us, after once you set us the requirements in your office we should have to use it only by install and launch it. We do not have to visit the near by branch office every time for such silly businesses but important things. in addition to that why is that for hidding senders name or account number How can I know who tranfers to me???",2025-09-05T09:12:26,5.2.1,,,247,google_play,2025-11-30T16:15:08.107712
7b8f021c-6d11-4a06-8c68-37062d975778,CBE,Commercial Bank of Ethiopia Mobile,com.combanketh.mobilebanking,4,"I love this app. really, but with some downsides too. Screenshot is mandatory after every transaction as to me, I need screenshots not downloaded recipient. It would be even better if transaction history is available via this app for months that we can access directly or via calender ways. Thanks.","I love this app. really, but with some downsides too. Screenshot is mandatory after every transaction as to me, I need screenshots not downloaded recipient. It would be even better if transaction history is available via this app for months that we can access directly or via calender ways. Thanks.",2025-08-22T18:54:42,5.2.1,,,65,google_play,2025-11-30T16:15:08.107712
f0204617-22df-40be-b694-f82be6c12632,CBE,Commercial Bank of Ethiopia Mobile,com.combanketh.mobilebanking,1,"Although the UI is simple and easy to use. That does not mean anything if information is not consistent throughout the app, and most services are down most of the time. Also, I see that forcing the user to turn off Android Dev Settings to use the app is unnecessary and creates inconvenience for users who want to use their devices for Android development 🙄. If you have certain security requirements, you would rather prefer to restrict the minSdk (since recent android releases are secure).","Although the UI is simple and easy to use. That does not mean anything if information is not consistent throughout the app, and most services are down most of the time. Also, I see that forcing the user to turn off Android Dev Settings to use the app is unnecessary and creates inconvenience for users who want to use their devices for Android development 🙄. If you have certain security requirements, you would rather prefer to restrict the minSdk (since recent android releases are secure).",2025-07-16T19:26:27,5.1.0,,,1125,google_play,2025-11-30T16:15:08.107712
4cc29da3-9526-44f0-a60f-e4e8cbca0889,CBE,Commercial Bank of Ethiopia Mobile,com.combanketh.mobilebanking,3,"The app was great while it was active. However, after the app did an update, I lost connection with a message ""Network Error"". Please try to fix it as there are many clients of CBE using this app globally from abroad countries.","The app was great while it was active. However, after the app did an update, I lost connection with a message ""Network Error"". Please try to fix it as there are many clients of CBE using this app globally from abroad countries.",2025-09-21T21:07:25,5.2.1,,,19,google_play,2025-11-30T16:15:08.107712
0edb4624-c49a-4b38-9676-15795535cad4,CBE,Commercial Bank of Ethiopia Mobile,com.combanketh.mobilebanking,3,"The App is very good in its interface and user friendly. But it could be a pro app had it had additional feature that let us run multiple accounts on a single phone with an option of ""additional"" account!","The App is very good in its interface and user friendly. But it could be a pro app had it had additional feature that let us run multiple accounts on a single phone with an option of ""additional"" account!",2025-09-19T09:26:17,5.2.1,,,20,google_play,2025-11-30T16:15:08.107712
e5b8ce29-2766-4fbc-935a-7a45e4471edd,CBE,Commercial Bank of Ethiopia Mobile,com.combanketh.mobilebanking,5,"this app is pretty good. The recent one was the nicest. however after the update, it restricts me from taking a screenshot. i would be happy if you remove screenshots restriction policy from this app. why I gave it five stars was because of the past performances of this app. keep in mind to remove the screenshot restriction policy from this app. and also it has no self authorizations. once uninstalled it needs extra sim cards and wants to visit nearby banks in person.","this app is pretty good. The recent one was the nicest. however after the update, it restricts me from taking a screenshot. i would be happy if you remove screenshots restriction policy from this app. why I gave it five stars was because of the past performances of this app. keep in mind to remove the screenshot restriction policy from this app. and also it has no self authorizations. once uninstalled it needs extra sim cards and wants to visit nearby banks in person.",2025-08-20T06:51:02,5.2.1,,,913,google_play,2025-11-30T16:15:08.107712
a02f8c55-349e-4153-952e-b9fd9857015e,CBE,Commercial Bank of Ethiopia Mobile,com.combanketh.mobilebanking,5,"I would like to give you some feedback on Current update, its very nice and easy to use👍 but in some button there is still not improved For example while iwant to check my recent Txn it not well sequenced and arranged or some txn may not appear ... becouse of this i see many of users of this app discomferted maily merchants and those make High txn daily. improve and miximize the txn shown to 300 up to 500. make Searchable Recent txn button! All in all the bank i Relly on! CBE my bank !","I would like to give you some feedback on Current update, its very nice and easy to use👍 but in some button there is still not improved For example while iwant to check my recent Txn it not well sequenced and arranged or some txn may not appear ... becouse of this i see many of users of this app discomferted maily merchants and those make High txn daily. improve and miximize the txn shown to 300 up to 500. make Searchable Recent txn button! All in all the bank i Relly on! CBE my bank !",2025-08-29T21:06:10,5.2.1,,,23,google_play,2025-11-30T16:15:08.107712
e09cd140-b7c6-4789-95f9-6c9af4ecdd64,CBE,Commercial Bank of Ethiopia Mobile,com.combanketh.mobilebanking,1,"The new update is very bugged. can't view the names of account holders I previously had transactions with, and more recently, its almost impossible to load money to telebirr, always says unable to connect...please fix asap","The new update is very bugged. can't view the names of account holders I previously had transactions with, and more recently, its almost impossible to load money to telebirr, always says unable to connect...please fix asap",2025-08-22T21:19:37,5.2.1,,,28,google_play,2025-11-30T16:15:08.107712
cf460082-aaf9-4a02-a229-4028cdf95a91,CBE,Commercial Bank of Ethiopia Mobile,com.combanketh.mobilebanking,5,"Amazing, Delightful and Seamless Mobile Banking Application, I have ever Experienced!! Indeed, I feel Great Proud to be part of your Stakeholder! My First Choice Bank, Commercial Bank of Ethiopia, The Pioneer and Leading in Digital Banking Services in Ethiopia! Five stars ⭐⭐⭐⭐⭐ are little to you! Thank you so much🙏","Amazing, Delightful and Seamless Mobile Banking Application, I have ever Experienced!! Indeed, I feel Great Proud to be part of your Stakeholder! My First Choice Bank, Commercial Bank of Ethiopia, The Pioneer and Leading in Digital Banking Services in Ethiopia! Five stars ⭐⭐⭐⭐⭐ are little to you! Thank you so much🙏",2025-09-06T19:38:32,5.2.1,,,42,google_play,2025-11-30T16:15:08.107712
4eedb003-2dca-4470-a9d0-c2b6c3ec41ea,CBE,Commercial Bank of Ethiopia Mobile,com.combanketh.mobilebanking,3,3 stars because I can't see all my transaction history apart from the recents and a refresh button has been removed from the Recents activity. The app should allow clients to view all of the transactions not just recents.,3 stars because I can't see all my transaction history apart from the recents and a refresh button has been removed from the Recents activity. The app should allow clients to view all of the transactions not just recents.,2025-10-11T07:21:33,5.2.1,,,6,google_play,2025-11-30T16:15:08.107712
aea499ca-d250-4cec-89d0-2b04c8caf16c,CBE,Commercial Bank of Ethiopia Mobile,com.combanketh.mobilebanking,2,"lately I am facing a problem with the app ,and the problem is when log in and inter my pin it doesn't work at all and says 'can't sync' why does it say that I was working fine a few day ago and also it says when I enter my pin 'change your pin to 6 digit pin and it doesn't allow me to change it please solve what is the problem with the app ?","lately I am facing a problem with the app ,and the problem is when log in and inter my pin it doesn't work at all and says 'can't sync' why does it say that I was working fine a few day ago and also it says when I enter my pin 'change your pin to 6 digit pin and it doesn't allow me to change it please solve what is the problem with the app ?",2025-10-04T18:25:23,5.2.1,,,6,google_play,2025-11-30T16:15:08.107712
67398692-d12e-4229-9f88-67f25f1a7336,CBE,Commercial Bank of Ethiopia Mobile,com.combanketh.mobilebanking,2,"The app has a nice design and useful features like balance check and transfers, but it’s unstable and often fails to connect. It also forces users to turn off Developer Options, which is unnecessary — other banking apps work fine without that. Many people use Developer Mode for normal reasons. Please fix performance issues, remove this restriction, and add biometric login for better security and convenience","The app has a nice design and useful features like balance check and transfers, but it’s unstable and often fails to connect. It also forces users to turn off Developer Options, which is unnecessary — other banking apps work fine without that. Many people use Developer Mode for normal reasons. Please fix performance issues, remove this restriction, and add biometric login for better security and convenience",2025-10-19T08:00:38,5.2.1,,,10,google_play,2025-11-30T16:15:08.107712
9c02c8ba-3634-4363-b888-e60ce895ba7a,CBE,Commercial Bank of Ethiopia Mobile,com.combanketh.mobilebanking,4,"it is very nice. but i have a serious suggestion when you send to other cbe birr customer, it does not show the name of the recipient befor it actually send the money. please improve this","it is very nice. but i have a serious suggestion when you send to other cbe birr customer, it does not show the name of the recipient befor it actually send the money. please improve this",2025-10-10T13:57:42,5.2.1,,,8,google_play,2025-11-30T16:15:08.107712
e6e9c63c-25e0-4df4-bf79-142536d808e9,CBE,Commercial Bank of Ethiopia Mobile,com.combanketh.mobilebanking,3,"I like the application very much because it is user friendly and makes transactions easiest, especially for business matters. But, these few days I faced difficulties of opening it. I tried to uninstall and re install the app, and re verified at the nearest cbe center. But still failed to use all the functions. It says 'none available'. Any suggestions please!","I like the application very much because it is user friendly and makes transactions easiest, especially for business matters. But, these few days I faced difficulties of opening it. I tried to uninstall and re install the app, and re verified at the nearest cbe center. But still failed to use all the functions. It says 'none available'. Any suggestions please!",2023-06-05T19:45:04,4.4.0,,,637,google_play,2025-11-30T16:15:08.107712
398ac276-dd9c-4eb7-8edb-0ce30a96ab22,CBE,Commercial Bank of Ethiopia Mobile,com.combanketh.mobilebanking,3,CBE needs to show transaction fees before the transaction is confirmed and not after. This is a big issue as fees are no longer insignificant.,CBE needs to show transaction fees before the transaction is confirmed and not after. This is a big issue as fees are no longer insignificant.,2025-11-03T09:00:51,5.2.1,,,0,google_play,2025-11-30T16:15:08.107712
5c93655e-e7c7-4467-887e-703513adfc36,CBE,Commercial Bank of Ethiopia Mobile,com.combanketh.mobilebanking,2,"I have been using this app for almost four years now. In the beginning, it was working fine. Sometime later, it gets difficult to create a connection to my account, and could not manage to make and see transactions on my account. After updating it lately, Jul 2020, I was glad this app came with some user interface improvements, and the connection was quite fast. Not longer than two weeks, the app starts to get stuck, and it cannot even show me the UI properly. As a result, I have a useless app on my cell phone, hoping that [you] will soon come with updates.","I have been using this app for almost four years now. In the beginning, it was working fine. Sometime later, it gets difficult to create a connection to my account, and could not manage to make and see transactions on my account. After updating it lately, Jul 2020, I was glad this app came with some user interface improvements, and the connection was quite fast. Not longer than two weeks, the app starts to get stuck, and it cannot even show me the UI properly. As a result, I have a useless app on my cell phone, hoping that [you] will soon come with updates.",2020-09-03T09:29:59,4.1,,,435,google_play,2025-11-30T16:15:08.107712
1dcb4848-76ec-416d-a554-36a7340f3ee1,CBE,Commercial Bank of Ethiopia Mobile,com.combanketh.mobilebanking,3,"Application UI and new features are better than the previous version. I found a minor bugs though. I couldn't transfer to an account from the beneficiary list, it says None Available; There is still so much to do with the localization; Instead of ሰኔ it says ጁን and more like this; date conversion is missing also. If this minor things are fixed it will be much better.","Application UI and new features are better than the previous version. I found a minor bugs though. I couldn't transfer to an account from the beneficiary list, it says None Available; There is still so much to do with the localization; Instead of ሰኔ it says ጁን and more like this; date conversion is missing also. If this minor things are fixed it will be much better.",2020-11-05T13:22:13,4.2,,,426,google_play,2025-11-30T16:15:08.107712
264a79eb-f934-4bf9-ac6b-8246464eedb6,CBE,Commercial Bank of Ethiopia Mobile,com.combanketh.mobilebanking,4,"Most of the time, in the 'Recents' button the app becomes stuck and doesn't show up details of transactions and doesn't even scroll down; should be solved. Second, the app doesn't save the last pop-up screen when a transaction is complete. Third, there is no telebirr transfer to other person option and the app by default lets you to only own telebirr transfer.","Most of the time, in the 'Recents' button the app becomes stuck and doesn't show up details of transactions and doesn't even scroll down; should be solved. Second, the app doesn't save the last pop-up screen when a transaction is complete. Third, there is no telebirr transfer to other person option and the app by default lets you to only own telebirr transfer.",2022-10-06T05:48:25,4.3.2,,,604,google_play,2025-11-30T16:15:08.107712
bed1e8b6-e466-4047-9b5b-d7df6228a4ff,CBE,Commercial Bank of Ethiopia Mobile,com.combanketh.mobilebanking,5,"it's very nice simple and convenient app! but I have only one comment on double verifications after the finger prints. even thought its good for makin' it more secure, Its not neccessary to double verify after the finger print verification. no need to verify by pin again. thank you!","it's very nice simple and convenient app! but I have only one comment on double verifications after the finger prints. even thought its good for makin' it more secure, Its not neccessary to double verify after the finger print verification. no need to verify by pin again. thank you!",2025-08-22T11:53:34,5.2.1,,,18,google_play,2025-11-30T16:15:08.107712
e5e7f832-6759-4005-9df6-5f8d6b354551,CBE,Commercial Bank of Ethiopia Mobile,com.combanketh.mobilebanking,4,"The app has some issues I updated recently and now I am not able to send funds to my telebirr wallet, also we need to have a place we save our contacts where we usually send money to, after update I keep loosing all the important accounts.","The app has some issues I updated recently and now I am not able to send funds to my telebirr wallet, also we need to have a place we save our contacts where we usually send money to, after update I keep loosing all the important accounts.",2025-08-23T12:30:48,5.2.1,,,18,google_play,2025-11-30T16:15:08.107712
ee52ec44-d6c1-4ea9-ab62-527d87ecb202,CBE,Commercial Bank of Ethiopia Mobile,com.combanketh.mobilebanking,1,"This app stooped working after i updated it. It says change password and i did, but it doesn't open with the new password. I don't like it.","This app stooped working after i updated it. It says change password and i did, but it doesn't open with the new password. I don't like it.",2025-08-23T01:30:08,5.2.1,,,18,google_play,2025-11-30T16:15:08.107712
9b341221-1506-43b6-9476-9eab4ef84ff8,CBE,Commercial Bank of Ethiopia Mobile,com.combanketh.mobilebanking,1,"URGENT FIX REQUIRED!!! The app does not work anymore! Account balance is not displayed. Trying to use any service on the app shows error ""None available"". What is the point of an internet/mobile banking app if you cannot carry out banking services from your fingertips? I also don't want to reinstall because CBE activation code can only be recieved in the bank, which sounds very ridiculous. These days, banks send OTP to email, so customers can manage their account anywhere in the world.","URGENT FIX REQUIRED!!! The app does not work anymore! Account balance is not displayed. Trying to use any service on the app shows error ""None available"". What is the point of an internet/mobile banking app if you cannot carry out banking services from your fingertips? I also don't want to reinstall because CBE activation code can only be recieved in the bank, which sounds very ridiculous. These days, banks send OTP to email, so customers can manage their account anywhere in the world.",2023-12-26T16:00:07,5.0.2,,,1669,google_play,2025-11-30T16:15:08.107712
8542d4c5-ec4e-4720-9a82-df371badc73d,CBE,Commercial Bank of Ethiopia Mobile,com.combanketh.mobilebanking,2,"The CBE mobile banking app is a time-saver, but it needs several improvements, like adding fingerprint authentication. It's risky when people see me entering my PIN. Additionally, the fees are unreasonable. You could learn from Tele Birr, which adjusts fees based on the transaction amount. However, the CBEMB app charges a flat 10 birr fee for amounts between 5 and 1000 birr, which I think is unfair.","The CBE mobile banking app is a time-saver, but it needs several improvements, like adding fingerprint authentication. It's risky when people see me entering my PIN. Additionally, the fees are unreasonable. You could learn from Tele Birr, which adjusts fees based on the transaction amount. However, the CBEMB app charges a flat 10 birr fee for amounts between 5 and 1000 birr, which I think is unfair.",2024-09-04T08:02:47,,,,120,google_play,2025-11-30T16:15:08.107712
a7721fe5-89e1-42e9-a487-283e7095a6eb,CBE,Commercial Bank of Ethiopia Mobile,com.combanketh.mobilebanking,1,"Still needs development on several features.... For example - bank statements available online. The text feature of available balance and debited/credited notifications is very old school and involves too much digital trail. App doesn't always work, could be due to network issues in Ethiopia though. Another major issue is an error message is displayed when transferring from CBE to other banks. Ive almost lost a few thousands doing this once. Always cross check your balances.","Still needs development on several features.... For example - bank statements available online. The text feature of available balance and debited/credited notifications is very old school and involves too much digital trail. App doesn't always work, could be due to network issues in Ethiopia though. Another major issue is an error message is displayed when transferring from CBE to other banks. Ive almost lost a few thousands doing this once. Always cross check your balances.",2024-08-27T09:44:29,5.0.4,,,105,google_play,2025-11-30T16:15:08.107712
66ff0693-963b-4cf8-b470-23a46d10398e,CBE,Commercial Bank of Ethiopia Mobile,com.combanketh.mobilebanking,4,"I think it is a good app to use easily. However, I have one more comment: the app does not automatically sync or update the balance in real time. Please review this issue. For example, when someone transfers money, the receiver's app does not sync automatically. It requires the user to manually initiate an update to see the current balance.","I think it is a good app to use easily. However, I have one more comment: the app does not automatically sync or update the balance in real time. Please review this issue. For example, when someone transfers money, the receiver's app does not sync automatically. It requires the user to manually initiate an update to see the current balance.",2025-09-04T13:52:49,,,,9,google_play,2025-11-30T16:15:08.107712
6e59b9f4-f3f4-4481-8cea-cf0e7d58e220,CBE,Commercial Bank of Ethiopia Mobile,com.combanketh.mobilebanking,1,the app constantly glitches and won't stop loading despite having a decent connection and a cleared cache. telebirr is way better,the app constantly glitches and won't stop loading despite having a decent connection and a cleared cache. telebirr is way better,2025-11-10T11:21:30,5.2.1,,,0,google_play,2025-11-30T16:15:08.107712
e6c7037c-9169-4360-8805-abf6adf7908c,CBE,Commercial Bank of Ethiopia Mobile,com.combanketh.mobilebanking,4,"With each update the app is getting slower and slower, specially when requesting transaction history. And I wish the logging process could be done easily. When someone changes a phone, it makes it mandatory to consult the branch and that makes it not to be self assisted. Hope you could fix it. Please add an option of transferring to other TeleBirr numbers other than the ""Own telebirr"" option. It id very limiting now a days","With each update the app is getting slower and slower, specially when requesting transaction history. And I wish the logging process could be done easily. When someone changes a phone, it makes it mandatory to consult the branch and that makes it not to be self assisted. Hope you could fix it. Please add an option of transferring to other TeleBirr numbers other than the ""Own telebirr"" option. It id very limiting now a days",2023-08-11T09:02:24,4.4.0,,,380,google_play,2025-11-30T16:15:08.107712
79293336-209d-496f-8805-79557d4704f2,CBE,Commercial Bank of Ethiopia Mobile,com.combanketh.mobilebanking,4,The upgread is perfect and loved the new system could be accessed from any branch if u face problem in the application. The other thing if possible to add would be to expand the number of transaction be looked for all transaction back to a month period at list this will help review most transactions if there needs any review. The only problem I saw is that once a phone number is attached to another bank account # you need to provide another phone number to get the service. The rest is excellent,The upgread is perfect and loved the new system could be accessed from any branch if u face problem in the application. The other thing if possible to add would be to expand the number of transaction be looked for all transaction back to a month period at list this will help review most transactions if there needs any review. The only problem I saw is that once a phone number is attached to another bank account # you need to provide another phone number to get the service. The rest is excellent,2020-07-31T13:15:47,4.1,,,68,google_play,2025-11-30T16:15:08.107712
b6b20563-1305-4c44-90f4-a5b726bc9c61,CBE,Commercial Bank of Ethiopia Mobile,com.combanketh.mobilebanking,1,"Suddenly the cbe application I was using stopped working and called callcenter, I was told it's because it expired and I should vist any branch to fix it. So I went to CBE Silassie branch.After filling a form they gave me, I sat down and waited until they finish fixing 2 customer's case who arrived before me. But then when it was my turn ppl who came after me with same mobile banking and even Atm card cases were finishing up and leaving I had to get back to my work so I left.with no service.why?","Suddenly the cbe application I was using stopped working and called callcenter, I was told it's because it expired and I should vist any branch to fix it. So I went to CBE Silassie branch.After filling a form they gave me, I sat down and waited until they finish fixing 2 customer's case who arrived before me. But then when it was my turn ppl who came after me with same mobile banking and even Atm card cases were finishing up and leaving I had to get back to my work so I left.with no service.why?",2025-10-16T09:32:51,5.2.1,,,2,google_play,2025-11-30T16:15:08.107712
fc5dec73-4055-497c-abe9-b3e72a9eb973,CBE,Commercial Bank of Ethiopia Mobile,com.combanketh.mobilebanking,4,The app is user friendly. But i want some amendment or include option of sending money to other tele birr like other cbe birr.,The app is user friendly. But i want some amendment or include option of sending money to other tele birr like other cbe birr.,2025-09-18T18:58:07,5.2.1,,,11,google_play,2025-11-30T16:15:08.107712
93fb8392-2f3c-437e-aa58-3b0b34a99b01,CBE,Commercial Bank of Ethiopia Mobile,com.combanketh.mobilebanking,1,This app dash board is disturbing me. it is not showing me traxation and my balance while displaying others option on dashboard. I think it is a risk full app😭😭😭🤤🤤,This app dash board is disturbing me. it is not showing me traxation and my balance while displaying others option on dashboard. I think it is a risk full app😭😭😭🤤🤤,2025-10-15T10:21:58,5.2.1,,,5,google_play,2025-11-30T16:15:08.107712
4997b3bc-486e-4392-abb9-bea943f100d5,CBE,Commercial Bank of Ethiopia Mobile,com.combanketh.mobilebanking,4,it will be more better if the app have the feature receipt verifying from QR CODE SCREENSHOT IMAGES FROM gallery ... currently IT WORKS ONLY FROM DIRECT CAMERA CAPTURING,it will be more better if the app have the feature receipt verifying from QR CODE SCREENSHOT IMAGES FROM gallery ... currently IT WORKS ONLY FROM DIRECT CAMERA CAPTURING,2025-09-23T07:32:51,5.2.1,,,9,google_play,2025-11-30T16:15:08.107712
0d6f2b91-6c64-4226-9260-0a13a22ab3bd,CBE,Commercial Bank of Ethiopia Mobile,com.combanketh.mobilebanking,5,its easy to use and more secured than the previous one. i love it and appreciate commercial bank of ethiopia for every time update.,its easy to use and more secured than the previous one. i love it and appreciate commercial bank of ethiopia for every time update.,2025-10-16T18:22:14,5.2.1,,,5,google_play,2025-11-30T16:15:08.107712
9fe63693-8e5e-4c86-9d29-ff31afd057bf,CBE,Commercial Bank of Ethiopia Mobile,com.combanketh.mobilebanking,3,this app is very useful but sometimes when you want to see specific transactions it didn't work so that way i gave 3,this app is very useful but sometimes when you want to see specific transactions it didn't work so that way i gave 3,2025-09-20T14:07:39,5.2.1,,,11,google_play,2025-11-30T16:15:08.107712
50b3ec22-c555-40a9-bc10-7f72fb5a81c2,CBE,Commercial Bank of Ethiopia Mobile,com.combanketh.mobilebanking,5,It is amazing app but it is more better if it is possible to transfer from account to other telebirr,It is amazing app but it is more better if it is possible to transfer from account to other telebirr,2025-09-22T13:19:44,5.2.1,,,9,google_play,2025-11-30T16:15:08.107712
8b466649-63ed-4f72-b0c0-132add6b6c95,CBE,Commercial Bank of Ethiopia Mobile,com.combanketh.mobilebanking,3,"I am trying to access this app on my Android phone, but sometimes doesn't work. so kindly try to improve it.","I am trying to access this app on my Android phone, but sometimes doesn't work. so kindly try to improve it.",2025-10-07T17:02:25,5.2.1,,,5,google_play,2025-11-30T16:15:08.107712
191335e8-5187-41aa-88a3-db0c23c49beb,CBE,Commercial Bank of Ethiopia Mobile,com.combanketh.mobilebanking,1,"The most unreliable banking app i ever used, the transactions are stuck halfway and i can't access my money then when you call the call center they ask that you wait 3-5 business days before they return the money what is the point off having a banking app if the transactions are unreliable and incomplete I'd rate less if i could.","The most unreliable banking app i ever used, the transactions are stuck halfway and i can't access my money then when you call the call center they ask that you wait 3-5 business days before they return the money what is the point off having a banking app if the transactions are unreliable and incomplete I'd rate less if i could.",2025-06-25T08:26:58,4.3.2,,,9,google_play,2025-11-30T16:15:08.107712
b6fa2156-34bf-44c3-a426-99521f790a04,CBE,Commercial Bank of Ethiopia Mobile,com.combanketh.mobilebanking,1,"once it is uninstalled, you need to visit a nearby bank. you go there and they ask you to have a new sim card which hasn't been used before. so you should buy a new sim card and you go back to them with a new sim card, when you reach there service provider says authentication pin is not arrive, the system is not working come back tomorrow.","once it is uninstalled, you need to visit a nearby bank. you go there and they ask you to have a new sim card which hasn't been used before. so you should buy a new sim card and you go back to them with a new sim card, when you reach there service provider says authentication pin is not arrive, the system is not working come back tomorrow.",2025-11-05T17:04:20,,,,0,google_play,2025-11-30T16:15:08.107712
3933ac15-719f-4050-a1a1-33217bebf895,CBE,Commercial Bank of Ethiopia Mobile,com.combanketh.mobilebanking,3,"The app is awesome. But there are many things to highlight.For example, When spending money from the account , a confirmation text message must be sent to the account holder. Also the fact that, the PIN is only four digits is not safe enough for security, if it is more than eight digits and includes numbers and symbols, it will be cool.","The app is awesome. But there are many things to highlight.For example, When spending money from the account , a confirmation text message must be sent to the account holder. Also the fact that, the PIN is only four digits is not safe enough for security, if it is more than eight digits and includes numbers and symbols, it will be cool.",2023-01-29T14:15:01,4.3.2,,,164,google_play,2025-11-30T16:15:08.107712
1fa93fa3-ddb4-4d48-be83-938b9040120c,CBE,Commercial Bank of Ethiopia Mobile,com.combanketh.mobilebanking,2,"The previous version is much better than this one. I used it for more than six years without any problem. But now I'm having a serious trouble with the updated app. I don't know why it takes him forever to refresh and load the home page once you sign in. And if it fails to load, it never recovers. I only see some UI changes. Really disappointed","The previous version is much better than this one. I used it for more than six years without any problem. But now I'm having a serious trouble with the updated app. I don't know why it takes him forever to refresh and load the home page once you sign in. And if it fails to load, it never recovers. I only see some UI changes. Really disappointed",2021-01-01T19:50:49,4.2,,,659,google_play,2025-11-30T16:15:08.107712
a662acd2-c894-4fbe-a5f7-091bf2fd1be0,CBE,Commercial Bank of Ethiopia Mobile,com.combanketh.mobilebanking,1,"In fact, it's a good app to make our daily life easier! However, I have encountered several times issues with this app. 1. It's not always working with network error, even though the network is good on my phone. 2. It happened to me several times that when I transfer money to someone's account, I doubled the transfer! Or in another word, my money sent two times. If I wanted to send 10,000, I found that sent 20,000 because of the APP error. I hope this will be fixed soon.","In fact, it's a good app to make our daily life easier! However, I have encountered several times issues with this app. 1. It's not always working with network error, even though the network is good on my phone. 2. It happened to me several times that when I transfer money to someone's account, I doubled the transfer! Or in another word, my money sent two times. If I wanted to send 10,000, I found that sent 20,000 because of the APP error. I hope this will be fixed soon.",2023-09-04T15:44:38,4.4.0,,,94,google_play,2025-11-30T16:15:08.107712
f0dd744a-9409-4619-9800-7ea501571b09,CBE,Commercial Bank of Ethiopia Mobile,com.combanketh.mobilebanking,1,"everytime you uninstall the app you have to reach them out physically. very oldy! if that's one of security layer, they'd check for fraud attempt via app source directly(source:- app store, play store ... etc) implicitly ! we are in 2025, physical presence for every app install is traditional(traditionally very rare).","everytime you uninstall the app you have to reach them out physically. very oldy! if that's one of security layer, they'd check for fraud attempt via app source directly(source:- app store, play store ... etc) implicitly ! we are in 2025, physical presence for every app install is traditional(traditionally very rare).",2025-06-04T20:33:36,5.1.0,,,50,google_play,2025-11-30T16:15:08.107712
708d6d27-0ccc-4118-8346-116cf3e7a8ac,CBE,Commercial Bank of Ethiopia Mobile,com.combanketh.mobilebanking,2,doesn't work unless with data doesn't refresh fast other wise functions ok but after the update transferring to telebirr is not working,doesn't work unless with data doesn't refresh fast other wise functions ok but after the update transferring to telebirr is not working,2025-08-23T12:16:14,5.2.1,,,20,google_play,2025-11-30T16:15:08.107712
c55fa126-6810-4210-9182-d97108bde183,CBE,Commercial Bank of Ethiopia Mobile,com.combanketh.mobilebanking,1,"It's very good in reminding the account numbers you have been used, but Need to show recipient history whenever you want to present it.or it has to have a search on options for a spesfic time you want to look for receipts with out going for account details at bank. if you lost your receipt without downloading it and need to look sometime a while you can't get in simple search on the app.","It's very good in reminding the account numbers you have been used, but Need to show recipient history whenever you want to present it.or it has to have a search on options for a spesfic time you want to look for receipts with out going for account details at bank. if you lost your receipt without downloading it and need to look sometime a while you can't get in simple search on the app.",2025-02-15T18:26:07,5.0.9,,,1047,google_play,2025-11-30T16:15:08.107712
3a8b9d4b-7f8a-4a46-b151-23c83380bf5c,CBE,Commercial Bank of Ethiopia Mobile,com.combanketh.mobilebanking,1,"Its hard to trust this application coz while transfering money it transfers two times to the same account after only one transfer click and sometimes it says error but it actualy have transfered the money, so i only use it if it is mandatory unless its better to go to the bank, so it still doesn't solve the problem not to go to the bank, i am sure it have some systematic errors","Its hard to trust this application coz while transfering money it transfers two times to the same account after only one transfer click and sometimes it says error but it actualy have transfered the money, so i only use it if it is mandatory unless its better to go to the bank, so it still doesn't solve the problem not to go to the bank, i am sure it have some systematic errors",2022-03-01T13:01:03,4.3.1,,,137,google_play,2025-11-30T16:15:08.107712
546f92f4-9b13-4445-8e81-3df2be55d78c,CBE,Commercial Bank of Ethiopia Mobile,com.combanketh.mobilebanking,4,"It is a very basic app. Banks nowadays offer many services through their app. I suggest you add the abilty to get statements, the ability to freeze the card if stolen or when traveling. The abilty to use the card while traveling. I have noticed that if Ieave Ethiopia it is not possible to pay my bills back home. So in general the app is very helpful and eased the burden of carrying money arroubd in Ethiopia, please improve it further.","It is a very basic app. Banks nowadays offer many services through their app. I suggest you add the abilty to get statements, the ability to freeze the card if stolen or when traveling. The abilty to use the card while traveling. I have noticed that if Ieave Ethiopia it is not possible to pay my bills back home. So in general the app is very helpful and eased the burden of carrying money arroubd in Ethiopia, please improve it further.",2023-07-24T10:25:04,4.4.0,,,158,google_play,2025-11-30T16:15:08.107712
7ed7b42c-e976-454d-9651-5be2cc9f4fb6,CBE,Commercial Bank of Ethiopia Mobile,com.combanketh.mobilebanking,3,It works very well. I have two issues though 1/ it is not possible to transfer accounts in other Banks. 2/ the exoress money sending function dies not work as neither the recipient nor the sender get the secret number but the money will alrwady be sent. I had to go throgh a very lengthy process to get the money back with the transfer fee already deducted. In the end I lost three days plus the transfer fee for teying to send money fast. Other than these issues it does the rest of the job well.,It works very well. I have two issues though 1/ it is not possible to transfer accounts in other Banks. 2/ the exoress money sending function dies not work as neither the recipient nor the sender get the secret number but the money will alrwady be sent. I had to go throgh a very lengthy process to get the money back with the transfer fee already deducted. In the end I lost three days plus the transfer fee for teying to send money fast. Other than these issues it does the rest of the job well.,2021-09-15T09:35:12,4.3,,,140,google_play,2025-11-30T16:15:08.107712
8b89f96f-0ff7-4617-bf74-964ceaa72bb6,CBE,Commercial Bank of Ethiopia Mobile,com.combanketh.mobilebanking,1,"Currently the app is not working becuase I think they forgot to update it. It always shows'sync failed''. And there is no customer service online. People living abroad are having problems. It is a big shame. It is very annoying and not user friendly, People are using CBE just becuase salary is transferd there. The app is a total failur.","Currently the app is not working becuase I think they forgot to update it. It always shows'sync failed''. And there is no customer service online. People living abroad are having problems. It is a big shame. It is very annoying and not user friendly, People are using CBE just becuase salary is transferd there. The app is a total failur.",2022-02-06T13:37:54,,,,324,google_play,2025-11-30T16:15:08.107712
96904a6f-8f61-46b1-b5f3-c9292747a7d0,CBE,Commercial Bank of Ethiopia Mobile,com.combanketh.mobilebanking,2,"I have been using this app for more than a year it came with best version, but now after the last update it's not working well as before. It can't sync, the connection is not working at all. I can't see recent transactions and make any transfer , all the features are not working, I hope you will come with a better update soon.","I have been using this app for more than a year it came with best version, but now after the last update it's not working well as before. It can't sync, the connection is not working at all. I can't see recent transactions and make any transfer , all the features are not working, I hope you will come with a better update soon.",2020-09-12T10:56:54,4.2,,,347,google_play,2025-11-30T16:15:08.107712
227c05f4-f142-4a08-8665-9f823e222e7c,CBE,Commercial Bank of Ethiopia Mobile,com.combanketh.mobilebanking,1,"This app has several issues based on my experience. Below are the problems that I encountered: 1. The app frequently crashes. 2. It only shows a limited transaction record history (25 transactions). 3. You can't access the transaction records after 8:00 pm and on Sundays. 4. It displays a ""payment failed"" message. It would be greatly appreciated if you could address these issues","This app has several issues based on my experience. Below are the problems that I encountered: 1. The app frequently crashes. 2. It only shows a limited transaction record history (25 transactions). 3. You can't access the transaction records after 8:00 pm and on Sundays. 4. It displays a ""payment failed"" message. It would be greatly appreciated if you could address these issues",2024-08-25T06:52:04,5.0.4,,,1293,google_play,2025-11-30T16:15:08.107712
2f62e041-3e77-454f-815d-c7423cc574b8,CBE,Commercial Bank of Ethiopia Mobile,com.combanketh.mobilebanking,3,"Sometimes it brings a contradicting notifications. First I saw an internet poll form. After I filled it, another message comes that advises users not fill any forms sent or bank did not send such documents. Sometimes the app gets stack without any prior notices. It happened quite numerical times with me. Otherwise great app. I think a followup maintenance and improvements needed","Sometimes it brings a contradicting notifications. First I saw an internet poll form. After I filled it, another message comes that advises users not fill any forms sent or bank did not send such documents. Sometimes the app gets stack without any prior notices. It happened quite numerical times with me. Otherwise great app. I think a followup maintenance and improvements needed",2024-03-09T14:39:44,5.0.4,,,889,google_play,2025-11-30T16:15:08.107712
ce51505a-bc18-4bb4-985b-69282db6deb1,CBE,Commercial Bank of Ethiopia Mobile,com.combanketh.mobilebanking,1,"Poor application. Let me list down if you could update the main features. It say error while the money has already sent. We can't get the transaction record (it has limited date) or somtimes the listed record transactions and the details are not the same while we enter to see further details. So if you can, try to see telebirr application and how much simple it is then try to update frequently.","Poor application. Let me list down if you could update the main features. It say error while the money has already sent. We can't get the transaction record (it has limited date) or somtimes the listed record transactions and the details are not the same while we enter to see further details. So if you can, try to see telebirr application and how much simple it is then try to update frequently.",2024-07-02T06:17:14,,,,237,google_play,2025-11-30T16:15:08.107712
667433cd-d4b2-4fbf-bf81-a1566a010aab,CBE,Commercial Bank of Ethiopia Mobile,com.combanketh.mobilebanking,1,The app keeps on crushing & I can't log in or access my account. Went to the bank for trouble shooting. The customer service was very poor and I told to reinstall the app and enter new activation key. I did and after starting to work for few hours again the prob is there and the app is still crushing and not working. Such poor service is unexpected from a big statd owned bank. You should fix the problem ASAP.,The app keeps on crushing & I can't log in or access my account. Went to the bank for trouble shooting. The customer service was very poor and I told to reinstall the app and enter new activation key. I did and after starting to work for few hours again the prob is there and the app is still crushing and not working. Such poor service is unexpected from a big statd owned bank. You should fix the problem ASAP.,2019-03-05T23:47:44,,,,46,google_play,2025-11-30T16:15:08.107712
ebdece63-2793-4840-80c3-7b5bb983a361,CBE,Commercial Bank of Ethiopia Mobile,com.combanketh.mobilebanking,5,"I love this app. It's simple to use and syncs fast. The only issue I had was the balance shows only what's on the ledger, there is no way to tell what the actual balance is. I learn about the difference between the two balance types the hard way on an ATM machine. I would love to see that fixed in your next update.","I love this app. It's simple to use and syncs fast. The only issue I had was the balance shows only what's on the ledger, there is no way to tell what the actual balance is. I learn about the difference between the two balance types the hard way on an ATM machine. I would love to see that fixed in your next update.",2021-09-25T10:17:19,4.3,,,1206,google_play,2025-11-30T16:15:08.107712
24ffdfc1-a50b-4dd4-a102-370a052442b5,CBE,Commercial Bank of Ethiopia Mobile,com.combanketh.mobilebanking,4,"It is a nice app compared to the previous one. I appreciate you have included local language but the details in the Amharic section will return to English mode, please fix that problem plus additional local language will increase its usability. Also it would be nice if the terms and conditions agreements, security tips, charge and transfer limits.... are included in the app.","It is a nice app compared to the previous one. I appreciate you have included local language but the details in the Amharic section will return to English mode, please fix that problem plus additional local language will increase its usability. Also it would be nice if the terms and conditions agreements, security tips, charge and transfer limits.... are included in the app.",2020-07-26T07:24:02,,,,34,google_play,2025-11-30T16:15:08.107712
d511ced1-d71b-466e-84e2-6169dcc99949,CBE,Commercial Bank of Ethiopia Mobile,com.combanketh.mobilebanking,4,"The 'unsubscribe' button in the CBE Android app is misplaced. It should be at the middle of the menu or somewhere else rather than at the end. The end is usually for a 'log out"" and I inadvertently touched ''unsubscribe"" many times. This could lead to customers accidentally unsubscribing from the service.","The 'unsubscribe' button in the CBE Android app is misplaced. It should be at the middle of the menu or somewhere else rather than at the end. The end is usually for a 'log out"" and I inadvertently touched ''unsubscribe"" many times. This could lead to customers accidentally unsubscribing from the service.",2024-11-11T16:17:38,5.0.4,,,41,google_play,2025-11-30T16:15:08.107712
bdcb8bb5-f596-48dd-8309-9599f3d935db,CBE,Commercial Bank of Ethiopia Mobile,com.combanketh.mobilebanking,3,"It's a great app. I've been using this app since the bank launched it. As a long-term user, I would like to point out things that need to be improved. 1. Deleting money transfer history should be the user's choice. 2. There should be an option to download an in-depth transfer history for each transfer activity , just as there is posiblity to download a single time transfer recit. Do that and get 5 star.","It's a great app. I've been using this app since the bank launched it. As a long-term user, I would like to point out things that need to be improved. 1. Deleting money transfer history should be the user's choice. 2. There should be an option to download an in-depth transfer history for each transfer activity , just as there is posiblity to download a single time transfer recit. Do that and get 5 star.",2022-03-18T16:07:57,4.3.1,,,358,google_play,2025-11-30T16:15:08.107712
f6bd7e63-ed19-4a2d-aef6-72532b0d62bc,CBE,Commercial Bank of Ethiopia Mobile,com.combanketh.mobilebanking,1,"It is a service that is not expected from such a large institution. I saw that your work is very complicated. The user does not understand well your application. In general, you have many problems. This application is not convenient for the end user. For instance I can't access my account from abroad what I depsited amount and transfer from my account to any any one .It is a shame.","It is a service that is not expected from such a large institution. I saw that your work is very complicated. The user does not understand well your application. In general, you have many problems. This application is not convenient for the end user. For instance I can't access my account from abroad what I depsited amount and transfer from my account to any any one .It is a shame.",2024-10-16T15:02:47,5.0.4,,,111,google_play,2025-11-30T16:15:08.107712
e7f2bdc0-b2b1-4186-b144-c173d8598412,CBE,Commercial Bank of Ethiopia Mobile,com.combanketh.mobilebanking,4,"It is a good and progressive app through the updates. I think the app should further solve its bugs like 1. It doesn't download or share attachment on android 12 and 11, it used to work on android 10. 2. Sometimes transactions seem like they have failed and there are no records, but the transactions actually have passed this is a very serious issue, because people will try the transaction again which will end up doubling the payment.","It is a good and progressive app through the updates. I think the app should further solve its bugs like 1. It doesn't download or share attachment on android 12 and 11, it used to work on android 10. 2. Sometimes transactions seem like they have failed and there are no records, but the transactions actually have passed this is a very serious issue, because people will try the transaction again which will end up doubling the payment.",2022-09-15T08:45:28,4.3.2,,,336,google_play,2025-11-30T16:15:08.107712
544cf531-5360-4c9e-80ee-a232bf954823,CBE,Commercial Bank of Ethiopia Mobile,com.combanketh.mobilebanking,5,"I really love this app,it is amazing. It is more flexible than any other banks app. The only and main problem that I encountered with this app is,if it is uninstalled from this devices, I have to go to the bank and mostly the specific barank the account is opened to reconfigur again. This is very unpractical in most cases,since people are traveling and very busy in their day to day activities. Kindly consider to change this option.","I really love this app,it is amazing. It is more flexible than any other banks app. The only and main problem that I encountered with this app is,if it is uninstalled from this devices, I have to go to the bank and mostly the specific barank the account is opened to reconfigur again. This is very unpractical in most cases,since people are traveling and very busy in their day to day activities. Kindly consider to change this option.",2023-09-11T12:34:18,5.0.2,,,2729,google_play,2025-11-30T16:15:08.107712
693eb7b1-9a9e-496a-ace1-29cc5f9266ac,CBE,Commercial Bank of Ethiopia Mobile,com.combanketh.mobilebanking,1,"This application is really bad. It is slow and doesn't work properly. It doesn't show recent activities. Using this app I transfered money to a friend and after showing deduction on my account, the money didn't reach the other end,the activity is not reflected on my recent transactions either. The worst app ever. It doesn't work outside of Ethiopia.","This application is really bad. It is slow and doesn't work properly. It doesn't show recent activities. Using this app I transfered money to a friend and after showing deduction on my account, the money didn't reach the other end,the activity is not reflected on my recent transactions either. The worst app ever. It doesn't work outside of Ethiopia.",2021-05-31T15:49:53,4.2,,,47,google_play,2025-11-30T16:15:08.107712
7d68d33b-b337-4119-a381-9ad93f9ddd8b,CBE,Commercial Bank of Ethiopia Mobile,com.combanketh.mobilebanking,2,as if the update of march 19 i can't take a screenshot in the app. i can just save it as file and that is so annoying. i used to save all screenshot in my gallery in one folder now with the extra steps added i have to save the file go to file and then screenshot it. the solution is to allow the screenshot to be save in to gallery automatically. i wish you give this review attention and resolve the issue shortly.,as if the update of march 19 i can't take a screenshot in the app. i can just save it as file and that is so annoying. i used to save all screenshot in my gallery in one folder now with the extra steps added i have to save the file go to file and then screenshot it. the solution is to allow the screenshot to be save in to gallery automatically. i wish you give this review attention and resolve the issue shortly.,2025-03-19T11:13:39,5.1.0,,,99,google_play,2025-11-30T16:15:08.107712
e61e79a4-1273-48d3-89db-790fd47e72a4,CBE,Commercial Bank of Ethiopia Mobile,com.combanketh.mobilebanking,3,"I'm blind. I have been using this service since 2008 EC. More or less both versions are accessible to our screen reader, talkback. However, after updating the app, its account tab couldn't display second account which is connected via CBE account. Secondly after transfering money, it shows save and share options but doesn't work.","I'm blind. I have been using this service since 2008 EC. More or less both versions are accessible to our screen reader, talkback. However, after updating the app, its account tab couldn't display second account which is connected via CBE account. Secondly after transfering money, it shows save and share options but doesn't work.",2022-05-23T18:56:26,4.3.1,,,136,google_play,2025-11-30T16:15:08.107712
3a42a486-2d17-4c26-aae5-b50e4e021f41,CBE,Commercial Bank of Ethiopia Mobile,com.combanketh.mobilebanking,5,"Good mobile banking application except some bugs. For instance, when I transfer money from account to account, an error message called 'already existed account' appears. But the money was transferred without any confirmation message. If I was not aware of that, I tried multiple times and sent the money multiple times too.","Good mobile banking application except some bugs. For instance, when I transfer money from account to account, an error message called 'already existed account' appears. But the money was transferred without any confirmation message. If I was not aware of that, I tried multiple times and sent the money multiple times too.",2023-01-06T19:50:49,4.3.2,,,28,google_play,2025-11-30T16:15:08.107712
5bc12181-2b28-48e2-b454-b4b120ad2b26,CBE,Commercial Bank of Ethiopia Mobile,com.combanketh.mobilebanking,4,"Really I troubled to use this application since last week, I've been using it more than 2 years. I don't know what's wrong with it now. It can't synchronize, even can't see any update in my account. I tried to repair and manage in setting, but not possible. Also you don't have any means of online communication/ chat. Could you please tell me what to do?","Really I troubled to use this application since last week, I've been using it more than 2 years. I don't know what's wrong with it now. It can't synchronize, even can't see any update in my account. I tried to repair and manage in setting, but not possible. Also you don't have any means of online communication/ chat. Could you please tell me what to do?",2021-04-18T16:35:14,4.2,,,113,google_play,2025-11-30T16:15:08.107712
28350142-42f5-4948-bbd0-aa3584b45bcb,CBE,Commercial Bank of Ethiopia Mobile,com.combanketh.mobilebanking,1,"I'll give 5 stars when the app has the function to see more than just a couple of transactions. Right now, you can not even go back one month and see prior transaction. That is a standard banking function that also CBE should have. Because of that only 1 Start.","I'll give 5 stars when the app has the function to see more than just a couple of transactions. Right now, you can not even go back one month and see prior transaction. That is a standard banking function that also CBE should have. Because of that only 1 Start.",2025-06-25T21:47:39,5.1.0,,,20,google_play,2025-11-30T16:15:08.107712
513341fc-8932-4ee5-b1c8-b947f834eb91,CBE,Commercial Bank of Ethiopia Mobile,com.combanketh.mobilebanking,1,"I have bad experience since I started using this app. I get ""none available "" error message while there is good internet connection. And I went to my branch two times to activate the app. There should be some way to activate without physically going to the branch. Anyway, it should be improved much from what it is now!!!","I have bad experience since I started using this app. I get ""none available "" error message while there is good internet connection. And I went to my branch two times to activate the app. There should be some way to activate without physically going to the branch. Anyway, it should be improved much from what it is now!!!",2021-05-02T12:48:44,4.2,,,81,google_play,2025-11-30T16:15:08.107712
05a1c5c2-11c1-4c17-92c3-b42703565be5,CBE,Commercial Bank of Ethiopia Mobile,com.combanketh.mobilebanking,4,Easy to use and a lot of functionalities! Keep your eyes on two things: 1. The transactions shown in the Recent section are messed up (every time I refresh it it shows different output of order and messed transaction list) 2. What if we can transfer to other Telebirr number Finally the transaction fee for transfers made other than CBE acc is expensive.,Easy to use and a lot of functionalities! Keep your eyes on two things: 1. The transactions shown in the Recent section are messed up (every time I refresh it it shows different output of order and messed transaction list) 2. What if we can transfer to other Telebirr number Finally the transaction fee for transfers made other than CBE acc is expensive.,2024-05-28T12:03:07,5.0.4,,,83,google_play,2025-11-30T16:15:08.107712
e83b2d32-a305-4408-9c87-40f05b650185,CBE,Commercial Bank of Ethiopia Mobile,com.combanketh.mobilebanking,1,this is absolute trash why because it's not Woking most time the servers are down even though I'm using 4g data Internet they steal not working they use to work with out even data package now it's trash can't even send money,this is absolute trash why because it's not Woking most time the servers are down even though I'm using 4g data Internet they steal not working they use to work with out even data package now it's trash can't even send money,2025-11-09T15:24:52,5.2.1,,,0,google_play,2025-11-30T16:15:08.107712
3c30aa12-7f92-49c8-8986-69ed8b81f79f,CBE,Commercial Bank of Ethiopia Mobile,com.combanketh.mobilebanking,1,"fast and convenient app, thanks for your dedication as a bank to provide good options to your cuatomers.","fast and convenient app, thanks for your dedication as a bank to provide good options to your cuatomers.",2025-11-19T06:28:14,5.2.1,,,0,google_play,2025-11-30T16:15:08.107712
9b9850c0-7914-49c8-a51c-7265775accfe,CBE,Commercial Bank of Ethiopia Mobile,com.combanketh.mobilebanking,1,not allowing to transfer and showing current statement updates.,not allowing to transfer and showing current statement updates.,2025-11-19T16:51:36,5.2.1,,,0,google_play,2025-11-30T16:15:08.107712
8ce158a7-24be-43cf-9010-cf586ac0e65f,CBE,Commercial Bank of Ethiopia Mobile,com.combanketh.mobilebanking,1,"I have seen lots of issues on this app one of them is you can't use them in multiple device and you have to go to the place you opened your account in order to get mobile banking even if you change you device you have to go to the branch to activate it, why can't you just make it easy like the others banking system in Ethiopia. You should learn from abbisinia and dashen to be honest","I have seen lots of issues on this app one of them is you can't use them in multiple device and you have to go to the place you opened your account in order to get mobile banking even if you change you device you have to go to the branch to activate it, why can't you just make it easy like the others banking system in Ethiopia. You should learn from abbisinia and dashen to be honest",2022-10-18T13:29:27,4.3.2,,,10,google_play,2025-11-30T16:15:08.107712
fe581ce0-d9b6-4838-9c32-8d98de12f16e,CBE,Commercial Bank of Ethiopia Mobile,com.combanketh.mobilebanking,3,"The app is good. However, whenever you changed your phone it requires authorization ID, approaching a branch is mandatory. The password reset option should be available to the user by adding other security details like user name, biometrics, account number, etc.","The app is good. However, whenever you changed your phone it requires authorization ID, approaching a branch is mandatory. The password reset option should be available to the user by adding other security details like user name, biometrics, account number, etc.",2023-03-10T19:54:58,4.4.0,,,97,google_play,2025-11-30T16:15:08.107712
60f6ea4f-9a0d-4d52-bca1-0eb21df216c5,CBE,Commercial Bank of Ethiopia Mobile,com.combanketh.mobilebanking,1,"It only works at the first glance(only after installation and configuration). After that all the transfer options, utilities, top up doesn't work. It just say doesn't sync. Even the balance bord keeps loading and doesn't show the current balance.... Very poor experience ☹️😥.","It only works at the first glance(only after installation and configuration). After that all the transfer options, utilities, top up doesn't work. It just say doesn't sync. Even the balance bord keeps loading and doesn't show the current balance.... Very poor experience ☹️😥.",2020-09-04T23:50:20,4.1,,,39,google_play,2025-11-30T16:15:08.107712
f56cce50-bc83-4d3f-b672-39c3d86316ba,CBE,Commercial Bank of Ethiopia Mobile,com.combanketh.mobilebanking,4,"The old one was very bad and clumsy. every time I tried to login there was a problem with synchronization, because of that I was close to clear my account from CBE and open a new one in privet bank, as they cares about their customers. In other hand the new one is perfect and shows a little bit reformation in the Headquarter and this makes us to trust this bank again.","The old one was very bad and clumsy. every time I tried to login there was a problem with synchronization, because of that I was close to clear my account from CBE and open a new one in privet bank, as they cares about their customers. In other hand the new one is perfect and shows a little bit reformation in the Headquarter and this makes us to trust this bank again.",2020-08-01T22:13:26,4.1,,,103,google_play,2025-11-30T16:15:08.107712
b6c8fbb9-2d9f-4b14-b62d-7341a7b97f8f,CBE,Commercial Bank of Ethiopia Mobile,com.combanketh.mobilebanking,1,"The app is not friendly usable . For example, it asks you verification key as soon as you download it. There is no description where or how to get verification key. This is crazy. I never seen any app ask you verification key at the start . confusing app. No more try waste of time.","The app is not friendly usable . For example, it asks you verification key as soon as you download it. There is no description where or how to get verification key. This is crazy. I never seen any app ask you verification key at the start . confusing app. No more try waste of time.",2020-11-11T05:37:37,4.2,,,73,google_play,2025-11-30T16:15:08.107712
d534ceba-f6ba-417e-a67d-26ac1e543e65,CBE,Commercial Bank of Ethiopia Mobile,com.combanketh.mobilebanking,5,"I have not seen anything like it in the Ethiopian banking industry. It is very easy to use, fast, and offers a wide range of services. However, I would like to suggest a future modification: currently, the app only displays transactions for one month. It would be beneficial if it could show transactions for more than one month, including yearly transactions. Please consider this request. Thank you, Commercial Bank of Ethiopia, for this innovative app.","I have not seen anything like it in the Ethiopian banking industry. It is very easy to use, fast, and offers a wide range of services. However, I would like to suggest a future modification: currently, the app only displays transactions for one month. It would be beneficial if it could show transactions for more than one month, including yearly transactions. Please consider this request. Thank you, Commercial Bank of Ethiopia, for this innovative app.",2024-07-19T17:51:55,5.0.4,,,753,google_play,2025-11-30T16:15:08.107712
0790562b-6dd1-459b-9d93-9e41e282ab64,CBE,Commercial Bank of Ethiopia Mobile,com.combanketh.mobilebanking,5,"It is a great app so far specially the speed is good. But it is important to know who send you money, so you should also show the sender's name if the receiver is in the sender's beneficiary list, because it shows the nick name of the receiver not the sender's name. Thank you.","It is a great app so far specially the speed is good. But it is important to know who send you money, so you should also show the sender's name if the receiver is in the sender's beneficiary list, because it shows the nick name of the receiver not the sender's name. Thank you.",2023-05-23T04:07:06,4.4.0,,,354,google_play,2025-11-30T16:15:08.107712
8a9453e3-602f-4509-8582-102d4fc66dcf,CBE,Commercial Bank of Ethiopia Mobile,com.combanketh.mobilebanking,2,Good app but it fail to send on time the commission money is unnecessary and also their are some bug like recent transaction page don't show the recent one ...... Try to improve it's back system as a bank system people want it in different situations so it has to work every time as could as possible if you don't get it when you want why we use mobile banking not branch service as I conclusion personally I like the bank because it is CBE but not their digital banking system Thanks,Good app but it fail to send on time the commission money is unnecessary and also their are some bug like recent transaction page don't show the recent one ...... Try to improve it's back system as a bank system people want it in different situations so it has to work every time as could as possible if you don't get it when you want why we use mobile banking not branch service as I conclusion personally I like the bank because it is CBE but not their digital banking system Thanks,2024-05-12T11:34:54,5.0.4,,,106,google_play,2025-11-30T16:15:08.107712
228920a5-a48b-4e75-b7fc-dcae32c14b4e,CBE,Commercial Bank of Ethiopia Mobile,com.combanketh.mobilebanking,4,"Since I started using this app it. Really helped me a lot. The CBE started some years ago and it is good progress, other foreign banks has money years experience and and the technology is theirs. Yes some inconvenience can occur the bank have to simplify it fast. Keep on going!!!","Since I started using this app it. Really helped me a lot. The CBE started some years ago and it is good progress, other foreign banks has money years experience and and the technology is theirs. Yes some inconvenience can occur the bank have to simplify it fast. Keep on going!!!",2022-12-15T07:22:45,4.3.2,,,24,google_play,2025-11-30T16:15:08.107712
27531fa4-3867-457e-a7c5-05ad1c75fa9b,CBE,Commercial Bank of Ethiopia Mobile,com.combanketh.mobilebanking,3,"The recent update automatically turns the developers option on, and when one starts the app, a message pops up saying the app does not work with the developers option on. So, one has to go to the settings and manually turn the developers option off. Otherwise the app doesn't work.","The recent update automatically turns the developers option on, and when one starts the app, a message pops up saying the app does not work with the developers option on. So, one has to go to the settings and manually turn the developers option off. Otherwise the app doesn't work.",2025-01-01T18:58:12,5.0.8,,,262,google_play,2025-11-30T16:15:08.107712
50ffac9d-437d-4d26-af4f-b6b0153d55fd,CBE,Commercial Bank of Ethiopia Mobile,com.combanketh.mobilebanking,5,this app has developed in a very good ways but there are some comments I need to make 1- preventing the screenshot likely not good for someone like me coz I need to make screenshot for quicker evidence. 2-it would be good if you make us to access recent transaction histories for 30 days coz we don't have to go to the Bank's in person to see old transactions or add colander category so user can easily access old transactions through colanders.,this app has developed in a very good ways but there are some comments I need to make 1- preventing the screenshot likely not good for someone like me coz I need to make screenshot for quicker evidence. 2-it would be good if you make us to access recent transaction histories for 30 days coz we don't have to go to the Bank's in person to see old transactions or add colander category so user can easily access old transactions through colanders.,2025-05-31T20:21:18,5.1.0,,,899,google_play,2025-11-30T16:15:08.107712
9b73facb-1aa0-4adf-b330-95bd49dfd936,CBE,Commercial Bank of Ethiopia Mobile,com.combanketh.mobilebanking,3,"App needs lots of updates to accomodate more demographic for Ethiopians leaving overseas. - Ability to use user name and password to use the application. People leaving over seas if they lose their phone, they can't have access to the application again unless u got to Ethiopia and activated it on the new phone! That's rediocoulus. - This application seems like it's a transfer application, not a bank application. I should be able to do more things such as viewing bank statements and more....","App needs lots of updates to accomodate more demographic for Ethiopians leaving overseas. - Ability to use user name and password to use the application. People leaving over seas if they lose their phone, they can't have access to the application again unless u got to Ethiopia and activated it on the new phone! That's rediocoulus. - This application seems like it's a transfer application, not a bank application. I should be able to do more things such as viewing bank statements and more....",2024-08-21T14:30:56,5.0.4,,,12,google_play,2025-11-30T16:15:08.107712
c3739029-ab5f-4272-92d6-7a301c78fc48,CBE,Commercial Bank of Ethiopia Mobile,com.combanketh.mobilebanking,3,"I really like this app as it is being updated from time to time and includes multiple payment options. In particular, giving a receipt makes it even more preferable. However, when it is refreshed, it does not show the history of credit and deposit in order and, I am of the opinion that it is better if the recent history is fixed respectively according to the transaction date in the future because there is a problem of confusion.","I really like this app as it is being updated from time to time and includes multiple payment options. In particular, giving a receipt makes it even more preferable. However, when it is refreshed, it does not show the history of credit and deposit in order and, I am of the opinion that it is better if the recent history is fixed respectively according to the transaction date in the future because there is a problem of confusion.",2024-09-12T18:03:36,5.0.4,,,167,google_play,2025-11-30T16:15:08.107712
d1cbd4f1-17ca-471d-9dda-fd9ffc08f9c9,CBE,Commercial Bank of Ethiopia Mobile,com.combanketh.mobilebanking,5,It is a a much better App than other Private Banks. But you have to include the following options; 1. The Bank Statement should be Unlimited. It should allow to see all Transactions by Tracing Back. No Need to Limit it with only one Page Transaction (May be 10Page). 2. You have to Work on transferring Money to other Banks too. You can ask additional payment for it. But the Service will be Essential for Us.,It is a a much better App than other Private Banks. But you have to include the following options; 1. The Bank Statement should be Unlimited. It should allow to see all Transactions by Tracing Back. No Need to Limit it with only one Page Transaction (May be 10Page). 2. You have to Work on transferring Money to other Banks too. You can ask additional payment for it. But the Service will be Essential for Us.,2021-09-21T06:46:23,4.3,,,174,google_play,2025-11-30T16:15:08.107712
047ab6ed-fbb2-4f88-ab6b-7fa4c1e7d2fd,CBE,Commercial Bank of Ethiopia Mobile,com.combanketh.mobilebanking,5,some time when make transfer from Mobile account to other cbebirr wallet no show customer name so please check it......thanks my cbe.. cbebirr application very nice application wallet,some time when make transfer from Mobile account to other cbebirr wallet no show customer name so please check it......thanks my cbe.. cbebirr application very nice application wallet,2025-09-20T18:56:30,5.2.1,,,5,google_play,2025-11-30T16:15:08.107712
d38d8b3c-ea51-4a79-8300-450d0270fb3d,CBE,Commercial Bank of Ethiopia Mobile,com.combanketh.mobilebanking,2,"it's not work correctly when it's needed sometimes, but it works sometimes though","it's not work correctly when it's needed sometimes, but it works sometimes though",2025-10-16T20:14:45,5.2.1,,,1,google_play,2025-11-30T16:15:08.107712
baa7bd9e-79b8-4af7-9b9c-478091559a88,CBE,Commercial Bank of Ethiopia Mobile,com.combanketh.mobilebanking,4,"I love it so much for its nice user interface and massive improvement. One much important thing it lacks is that, it synchronizes #ONLY-ONE account per app. For this reason, people (customers) who had >/= 2 accounts for different reasons, are obliged to visit the local CBE branch, which is unadvisable especially during COVID-19 era. I hope you will do your best on it.","I love it so much for its nice user interface and massive improvement. One much important thing it lacks is that, it synchronizes #ONLY-ONE account per app. For this reason, people (customers) who had >/= 2 accounts for different reasons, are obliged to visit the local CBE branch, which is unadvisable especially during COVID-19 era. I hope you will do your best on it.",2020-08-01T23:21:37,4.1,,,167,google_play,2025-11-30T16:15:08.107712
ea29dc1c-fa1b-46b9-9b9c-dc69f2641c47,CBE,Commercial Bank of Ethiopia Mobile,com.combanketh.mobilebanking,3,"The Most worrying thing of this Application is, while you confirm Transfer and hit ok, it prompted ""Connection error"" but actually if you see your balance the transfer was already done. This is serious bugg which you need to update and make security amendment's. I personally send twice one day , if the reciepent wasn't kind enough, imagine what will happen. Serious problem which needs Attention.","The Most worrying thing of this Application is, while you confirm Transfer and hit ok, it prompted ""Connection error"" but actually if you see your balance the transfer was already done. This is serious bugg which you need to update and make security amendment's. I personally send twice one day , if the reciepent wasn't kind enough, imagine what will happen. Serious problem which needs Attention.",2022-02-12T09:30:08,4.3.1,,,204,google_play,2025-11-30T16:15:08.107712
4bfb46b5-9f75-4921-8378-08262932b189,CBE,Commercial Bank of Ethiopia Mobile,com.combanketh.mobilebanking,2,"I've been using this app for quite some time now and recently I've been seeing some unusual bugs, like saying error repository report, not syncing when I transfer to another account but then when I try it again, sent complete but has sent to that account twice... deducted twice...this needs to fixed ASAP...","I've been using this app for quite some time now and recently I've been seeing some unusual bugs, like saying error repository report, not syncing when I transfer to another account but then when I try it again, sent complete but has sent to that account twice... deducted twice...this needs to fixed ASAP...",2023-08-03T19:32:04,4.4.0,,,34,google_play,2025-11-30T16:15:08.107712
16771b61-840b-488e-b3d7-6006d298b3f9,CBE,Commercial Bank of Ethiopia Mobile,com.combanketh.mobilebanking,1,"As a financial app, the app should be more sensetive for any action. When i do some transaction, it shows error message. But the transaction already done at the back. If you see error messages, it may not be error. Automatically stop doing any action see your balance and wait for your sms.","As a financial app, the app should be more sensetive for any action. When i do some transaction, it shows error message. But the transaction already done at the back. If you see error messages, it may not be error. Automatically stop doing any action see your balance and wait for your sms.",2022-11-01T07:24:35,4.3.2,,,19,google_play,2025-11-30T16:15:08.107712
ad2d3d2d-88e5-422d-91a7-4e80e185a32e,CBE,Commercial Bank of Ethiopia Mobile,com.combanketh.mobilebanking,4,"Its nice user interface...I hope you fix synchronisation fail problems that is common in before apk. In before apk if you are in middle of try to send the money and unfortunately internet is disconnected or someone is call you , the application say to you synchronisation is fail ..try to restart my phone or off and on internet the application never work again.. I call 951 but never get any support .","Its nice user interface...I hope you fix synchronisation fail problems that is common in before apk. In before apk if you are in middle of try to send the money and unfortunately internet is disconnected or someone is call you , the application say to you synchronisation is fail ..try to restart my phone or off and on internet the application never work again.. I call 951 but never get any support .",2020-06-28T20:12:09,4.1,,,31,google_play,2025-11-30T16:15:08.107712
1851fb0d-c940-4c97-a338-7b1a9a8ef553,CBE,Commercial Bank of Ethiopia Mobile,com.combanketh.mobilebanking,5,Numbers 2 and 3 don't write during pin verification.,Numbers 2 and 3 don't write during pin verification.,2025-11-05T19:58:03,5.2.1,,,0,google_play,2025-11-30T16:15:08.107712
f6f0289e-3003-4556-81d9-27f96964036c,CBE,Commercial Bank of Ethiopia Mobile,com.combanketh.mobilebanking,3,"The review page keeps loading, and even sync is completed. The history page always shows old/unknown transactions. ...... Edited: I guess the loading page means it expires and needs to go to the nearest bank and ask for an extension for another 3 years. Upgrade to 3 stars .","The review page keeps loading, and even sync is completed. The history page always shows old/unknown transactions. ...... Edited: I guess the loading page means it expires and needs to go to the nearest bank and ask for an extension for another 3 years. Upgrade to 3 stars .",2024-12-30T12:20:21,5.0.7,,,199,google_play,2025-11-30T16:15:08.107712
af16e571-1b17-4134-8f1b-f59c36c2d2ef,CBE,Commercial Bank of Ethiopia Mobile,com.combanketh.mobilebanking,2,"This has so many bugs and doesn't update transaction logs in time, to make it worse it shows error message when you send money but deducts from account at same time but never lets you know that the transaction was successful. And it has very annoying greeting notification.","This has so many bugs and doesn't update transaction logs in time, to make it worse it shows error message when you send money but deducts from account at same time but never lets you know that the transaction was successful. And it has very annoying greeting notification.",2024-08-09T10:14:24,,,,20,google_play,2025-11-30T16:15:08.107712
3cfb8758-f050-42e6-ae79-ba637527da9e,CBE,Commercial Bank of Ethiopia Mobile,com.combanketh.mobilebanking,5,"In the previous, I gave 4 🌟 for this app based on my evaluation. This app was without biometric security and may be exposed to cheaters unexpectedly. It is solved now. You can add verification security on the setting app. But there is something problem still with verification. It must prevent logging in without correct input fingerprint.","In the previous, I gave 4 🌟 for this app based on my evaluation. This app was without biometric security and may be exposed to cheaters unexpectedly. It is solved now. You can add verification security on the setting app. But there is something problem still with verification. It must prevent logging in without correct input fingerprint.",2024-12-20T09:46:42,5.0.7,,,3011,google_play,2025-11-30T16:15:08.107712
2746c645-156a-4871-ad73-9094918aa153,CBE,Commercial Bank of Ethiopia Mobile,com.combanketh.mobilebanking,4,"It's good app, it is simple to use. It would be better if there was more recent records on the ""recents"" toolbar. It is only about 17 deposit and withdrawal recent records displayed to the user while others are deleted automatically.","It's good app, it is simple to use. It would be better if there was more recent records on the ""recents"" toolbar. It is only about 17 deposit and withdrawal recent records displayed to the user while others are deleted automatically.",2022-03-28T09:18:51,4.3.1,,,128,google_play,2025-11-30T16:15:08.107712
383a6845-98b7-4d0f-9e95-d99be6a0e147,CBE,Commercial Bank of Ethiopia Mobile,com.combanketh.mobilebanking,1,"You guys really need to improve the app. I know there are lots of users, more than any other bank. But still look at telebirr. There is an issue of receiving text when money is deposited. Buying airline ticket is a Hussle. The app in its current state doesn't represent the giant CBE!!","You guys really need to improve the app. I know there are lots of users, more than any other bank. But still look at telebirr. There is an issue of receiving text when money is deposited. Buying airline ticket is a Hussle. The app in its current state doesn't represent the giant CBE!!",2023-07-14T08:09:36,4.4.0,,,118,google_play,2025-11-30T16:15:08.107712
908fa9ec-6911-4bdf-9a76-ae876772c62e,CBE,Commercial Bank of Ethiopia Mobile,com.combanketh.mobilebanking,1,I tried to transfer a payment to my friend. The app did not show me any confirmation of a payment I belived as the payment was not sent to my friend so I tried many times. At the end I have found out that my account was out of balance. Its A Crazy And Unreliable App.,I tried to transfer a payment to my friend. The app did not show me any confirmation of a payment I belived as the payment was not sent to my friend so I tried many times. At the end I have found out that my account was out of balance. Its A Crazy And Unreliable App.,2021-06-03T14:23:41,4.2,,,15,google_play,2025-11-30T16:15:08.107712
485fe2be-e4bb-42c2-8475-73b76354db67,CBE,Commercial Bank of Ethiopia Mobile,com.combanketh.mobilebanking,1,"The app doesn't have more option. I expected more and convinient features than other local banks mobile app however i found it poor. Pls add option where clients can check statment back dated, ....etc u need to advace the security like disabling screen shots from mobile device. I recommend you to bench mark Wells Fargo app.","The app doesn't have more option. I expected more and convinient features than other local banks mobile app however i found it poor. Pls add option where clients can check statment back dated, ....etc u need to advace the security like disabling screen shots from mobile device. I recommend you to bench mark Wells Fargo app.",2021-09-14T16:39:43,4.3,,,37,google_play,2025-11-30T16:15:08.107712
6ea78d33-ffec-4a27-ad7a-17718a383198,CBE,Commercial Bank of Ethiopia Mobile,com.combanketh.mobilebanking,4,"Although it is a great, quick, and simple tool to use for a variety of financial transaction purposes, an upgrade of biometrics and a six-digit pin code option should be introduced for increased security. More importantly, it would be great if it could provide an online cash receipt voucher for printout.","Although it is a great, quick, and simple tool to use for a variety of financial transaction purposes, an upgrade of biometrics and a six-digit pin code option should be introduced for increased security. More importantly, it would be great if it could provide an online cash receipt voucher for printout.",2023-08-01T14:44:12,,,,13,google_play,2025-11-30T16:15:08.107712
091524f0-4a82-4caf-992a-e6a8ad14164a,CBE,Commercial Bank of Ethiopia Mobile,com.combanketh.mobilebanking,2,I have been using the previous version of this app. My android version is 6.0 but unfortunately this new update support android 7.0 or higher. I don't know why you choose to do that. Most famous app here in google play are still support devices starting from version 4.0. considering most of the users to be from Ethiopia I don't think you will target almost all of the customers with the current lowest version support. Please address this issues we are facing.,I have been using the previous version of this app. My android version is 6.0 but unfortunately this new update support android 7.0 or higher. I don't know why you choose to do that. Most famous app here in google play are still support devices starting from version 4.0. considering most of the users to be from Ethiopia I don't think you will target almost all of the customers with the current lowest version support. Please address this issues we are facing.,2020-09-11T15:26:04,1.0,,,19,google_play,2025-11-30T16:15:08.107712
24550474-adc1-4385-8743-0fe8f1864540,CBE,Commercial Bank of Ethiopia Mobile,com.combanketh.mobilebanking,1,"Old version was very friendly to use. Now we can't see the #Reason The #transaction history (very limited) and now it crash every time it's opened. More over, the last update prevents us from taking #screenshots. Thanks for the developers as they are getting more stupid than ever.","Old version was very friendly to use. Now we can't see the #Reason The #transaction history (very limited) and now it crash every time it's opened. More over, the last update prevents us from taking #screenshots. Thanks for the developers as they are getting more stupid than ever.",2025-03-21T20:23:26,5.1.0,,,62,google_play,2025-11-30T16:15:08.107712
a8dbb10b-e66b-4365-b722-17cec134c7c8,CBE,Commercial Bank of Ethiopia Mobile,com.combanketh.mobilebanking,3,"CBE, please fix this app or you'll be left behind. Considering this was one of the first banking apps in Ethiopia, most bugs should have been fixed by now. But bugs still abound. It worked from outside Ethiopia but not for long. I haven't been able to use it (from outside Ethiopia) for the past 4 weeks. No updates visible. Nothing against the country that I dearly love. But this app is the one-eyed version as far as banking apps go. You know... a one-eyed man is a king...","CBE, please fix this app or you'll be left behind. Considering this was one of the first banking apps in Ethiopia, most bugs should have been fixed by now. But bugs still abound. It worked from outside Ethiopia but not for long. I haven't been able to use it (from outside Ethiopia) for the past 4 weeks. No updates visible. Nothing against the country that I dearly love. But this app is the one-eyed version as far as banking apps go. You know... a one-eyed man is a king...",2021-06-28T15:55:52,4.3,,,148,google_play,2025-11-30T16:15:08.107712
f4a2e962-0c5a-4e88-95ea-a0520fed1a5c,CBE,Commercial Bank of Ethiopia Mobile,com.combanketh.mobilebanking,2,"I used it for the past 2 years. I live outside of Ethiopia, so it was very convenient to deposit or transfer money to and from my account. However, recently i kept getting ""None available"" message and not even able to see my balance or pull out people previous account information. So i uninstall and installed it, now it is asking me a key code whice you normally get it from ur bank. As i said,I live outside of Ethio, so unable to use this app anymore.","I used it for the past 2 years. I live outside of Ethiopia, so it was very convenient to deposit or transfer money to and from my account. However, recently i kept getting ""None available"" message and not even able to see my balance or pull out people previous account information. So i uninstall and installed it, now it is asking me a key code whice you normally get it from ur bank. As i said,I live outside of Ethio, so unable to use this app anymore.",2023-12-03T18:28:28,5.0.2,,,940,google_play,2025-11-30T16:15:08.107712
12218bd1-3921-45fe-8ecf-05ac7d7cb4a3,CBE,Commercial Bank of Ethiopia Mobile,com.combanketh.mobilebanking,5,I appreciated by this app. But it can't send money to inactive account and pending authorization account. Please develop more. I have long experience( more than 3 years) with former version and ussd *889#. This latter version is better than both. Keep it up!thank you. is there any payment for using cbe mobile bank? Please explain,I appreciated by this app. But it can't send money to inactive account and pending authorization account. Please develop more. I have long experience( more than 3 years) with former version and ussd *889#. This latter version is better than both. Keep it up!thank you. is there any payment for using cbe mobile bank? Please explain,2020-12-06T15:50:10,4.2,With every new app version we are introducing new features and improving existing ones. We are sure that your feedback will only help us improve further.,2020-10-28T18:46:46,193,google_play,2025-11-30T16:15:08.107712
2f2c87df-7501-425d-8e68-bc05216cd340,CBE,Commercial Bank of Ethiopia Mobile,com.combanketh.mobilebanking,1,"The app was updated 7 days ago. Since then it doesn't show the balance and seems like it is trying to update but the update never show a result even if after the green indicator shows sync finished and all the links for the different transaction say ""none available"".","The app was updated 7 days ago. Since then it doesn't show the balance and seems like it is trying to update but the update never show a result even if after the green indicator shows sync finished and all the links for the different transaction say ""none available"".",2023-04-03T18:27:45,4.4.0,,,77,google_play,2025-11-30T16:15:08.107712
ceca6531-d52e-4f24-b61a-1f804b5897b2,CBE,Commercial Bank of Ethiopia Mobile,com.combanketh.mobilebanking,3,"From the UX perspective it can be better, it's old and it's not obvious where you can find some things","From the UX perspective it can be better, it's old and it's not obvious where you can find some things",2025-09-22T14:21:18,5.2.1,,,34,google_play,2025-11-30T16:15:08.107712
df6a85c2-2e6a-4509-aced-e0b11f4c9590,CBE,Commercial Bank of Ethiopia Mobile,com.combanketh.mobilebanking,1,"The inconvenience of this app is that it requires developer options to be turned off. This hinders my ability to customize my phone as some of the customization can only be done in the developer options. Also, it didn't have this requirement before, so why now? And please return it how it was because this should not be an issue. Also, when a transaction is completed before it used to allow me to save the image of the completed transaction, now it doesn't, so please fix that also.","The inconvenience of this app is that it requires developer options to be turned off. This hinders my ability to customize my phone as some of the customization can only be done in the developer options. Also, it didn't have this requirement before, so why now? And please return it how it was because this should not be an issue. Also, when a transaction is completed before it used to allow me to save the image of the completed transaction, now it doesn't, so please fix that also.",2025-01-01T12:06:39,,,,33,google_play,2025-11-30T16:15:08.107712
372f2c5a-61f8-493e-906a-44a47462272f,CBE,Commercial Bank of Ethiopia Mobile,com.combanketh.mobilebanking,2,"Add customer service please other than calling 951. Why would you have a mobile app but not an online text-based customer service? Why? Disappointing And I will never use the top-up feature again, I have been trying to recharge my safaricom balance but your app would say time out and then credit my account but never recharge my balance, why? Where is my money? Do you expect me to call 951 at midnight?","Add customer service please other than calling 951. Why would you have a mobile app but not an online text-based customer service? Why? Disappointing And I will never use the top-up feature again, I have been trying to recharge my safaricom balance but your app would say time out and then credit my account but never recharge my balance, why? Where is my money? Do you expect me to call 951 at midnight?",2025-02-08T20:15:57,5.0.9,,,19,google_play,2025-11-30T16:15:08.107712
f4536334-6f9f-4766-b44b-e12bfb665da1,CBE,Commercial Bank of Ethiopia Mobile,com.combanketh.mobilebanking,4,Sometimes I make transactions twice because of repository failed issue Its annoying The app gets too busy it may also be closed when the recent option is clicked. After making a transaction there is a download option but it says can't save the image. Other than this issues the app is user friendly,Sometimes I make transactions twice because of repository failed issue Its annoying The app gets too busy it may also be closed when the recent option is clicked. After making a transaction there is a download option but it says can't save the image. Other than this issues the app is user friendly,2022-12-29T14:43:33,,,,21,google_play,2025-11-30T16:15:08.107712
88e7f4bf-cc48-49f3-80f4-6e2901894772,CBE,Commercial Bank of Ethiopia Mobile,com.combanketh.mobilebanking,4,"The app is great and easy to use. My issue is that, it some times show error message indicating failed transfer transaction, but when I check my balance later it actually made the transaction. This incident happened to me twice.","The app is great and easy to use. My issue is that, it some times show error message indicating failed transfer transaction, but when I check my balance later it actually made the transaction. This incident happened to me twice.",2022-12-16T11:59:18,4.3.2,,,72,google_play,2025-11-30T16:15:08.107712
ee4d489f-04f2-428c-80bf-e795c79582fe,CBE,Commercial Bank of Ethiopia Mobile,com.combanketh.mobilebanking,1,"After the recent updates, I am unable to download a receipt. I can't see the names of account holders I've previously transacted with. Very important. Please fix it asap.","After the recent updates, I am unable to download a receipt. I can't see the names of account holders I've previously transacted with. Very important. Please fix it asap.",2025-11-03T08:43:33,,,,1,google_play,2025-11-30T16:15:08.107712
9e6b8e08-8acf-4e1f-a179-a5a703ff2ebc,CBE,Commercial Bank of Ethiopia Mobile,com.combanketh.mobilebanking,2,"The CBE app has been highly unreliable in recent weeks. It frequently fails to work properly on both Ethio Telecom and Safaricom networks, whether using Wi-Fi or mobile data. This week, the system was down entirely for extended periods, making it very difficult to access banking services. The app only functions intermittently, and the lack of consistency is frustrating. I hope the issues are addressed soon, and that any non-technical influences are removed from such essential services.","The CBE app has been highly unreliable in recent weeks. It frequently fails to work properly on both Ethio Telecom and Safaricom networks, whether using Wi-Fi or mobile data. This week, the system was down entirely for extended periods, making it very difficult to access banking services. The app only functions intermittently, and the lack of consistency is frustrating. I hope the issues are addressed soon, and that any non-technical influences are removed from such essential services.",2025-05-25T09:54:25,5.1.0,,,114,google_play,2025-11-30T16:15:08.107712
0da46255-e83e-4566-8605-add4af1cdf45,CBE,Commercial Bank of Ethiopia Mobile,com.combanketh.mobilebanking,1,"Won't update my account balance, severely out of sync. When I checked at the ATM it was a completely different number. General cbe problem, but the transactions take 10 days to post from a POS transaction. Makes t extremely difficult to use.","Won't update my account balance, severely out of sync. When I checked at the ATM it was a completely different number. General cbe problem, but the transactions take 10 days to post from a POS transaction. Makes t extremely difficult to use.",2023-12-14T06:29:14,5.0.2,,,557,google_play,2025-11-30T16:15:08.107712
d16d1ed4-9b1c-4faa-9695-cba2aa6064a3,CBE,Commercial Bank of Ethiopia Mobile,com.combanketh.mobilebanking,1,Commission paid 5 birr that alot even if I didn't do any transactions they still cut 5 birr soon I will run out money because of this o regret using this. I'm student I don't make money they have to consider what they doing not just that after first time using it they will take/cut 50 birr for fee that unreasonable. DONT USE THIS APP !!!!!!!!!!!!!!!!!!!!!!!!!!!!!!!!!!!!!!!!!!!!!!!!!!!!!!!!!!!!!!!!!!!!!!!!!!!!!!!!!! I HAVE SCREENSHOT FOR EVIDENCE DONT REPLY ME THIS IS accusations,Commission paid 5 birr that alot even if I didn't do any transactions they still cut 5 birr soon I will run out money because of this o regret using this. I'm student I don't make money they have to consider what they doing not just that after first time using it they will take/cut 50 birr for fee that unreasonable. DONT USE THIS APP !!!!!!!!!!!!!!!!!!!!!!!!!!!!!!!!!!!!!!!!!!!!!!!!!!!!!!!!!!!!!!!!!!!!!!!!!!!!!!!!!! I HAVE SCREENSHOT FOR EVIDENCE DONT REPLY ME THIS IS accusations,2023-12-03T19:46:51,5.0.2,,,16,google_play,2025-11-30T16:15:08.107712
8637fab1-44c4-4b1d-930d-138fad9cd7ec,CBE,Commercial Bank of Ethiopia Mobile,com.combanketh.mobilebanking,1,"The app got dumber in the last update. Poorly organized, redundant item across different categories. I wrote this review with my phone barred from calls because I couldn't settle my bill from your old ""utilities"" or the newly added ""utility"" tab.","The app got dumber in the last update. Poorly organized, redundant item across different categories. I wrote this review with my phone barred from calls because I couldn't settle my bill from your old ""utilities"" or the newly added ""utility"" tab.",2024-03-06T12:08:57,5.0.4,,,158,google_play,2025-11-30T16:15:08.107712
7544d1f2-4ae1-4fd4-a935-cdb7b9b62cfc,CBE,Commercial Bank of Ethiopia Mobile,com.combanketh.mobilebanking,5,"I love this app, it is easy to use and makes my life easier. Sometimes it says time out but sends money and sends agin. To send for other banks it is almost difficult and for other telbirr customers not totally possible yet. If these issues solved, the app is supper 5 star.","I love this app, it is easy to use and makes my life easier. Sometimes it says time out but sends money and sends agin. To send for other banks it is almost difficult and for other telbirr customers not totally possible yet. If these issues solved, the app is supper 5 star.",2022-12-12T19:09:28,,,,23,google_play,2025-11-30T16:15:08.107712
5ccbd3c4-b837-4ec5-b57c-8ab86f3cf3ac,CBE,Commercial Bank of Ethiopia Mobile,com.combanketh.mobilebanking,2,"First this app was pretty good and well connection while transferring money, but now there's no such a worst mob app ever while transferring money it corrupts due to the network and took the amount of money you were transferring from your account then after seconds interruptions it's shows that the money is transferred (this case happens especially to telebirrr wallet) then after you report the issue to the CBE customer service they refund your money to your CBE account after 3-5 days.","First this app was pretty good and well connection while transferring money, but now there's no such a worst mob app ever while transferring money it corrupts due to the network and took the amount of money you were transferring from your account then after seconds interruptions it's shows that the money is transferred (this case happens especially to telebirrr wallet) then after you report the issue to the CBE customer service they refund your money to your CBE account after 3-5 days.",2025-01-08T23:02:00,5.0.8,,,71,google_play,2025-11-30T16:15:08.107712
023f1e6b-8f3d-4269-b956-b9cae7b268fd,CBE,Commercial Bank of Ethiopia Mobile,com.combanketh.mobilebanking,3,Its good. But recently i have been having some problems. The app is transferring my money for a second time after i do. It shows the first transfer has failed and i usually do it again. Then after it shows that i have made two transfers. Could you fix this. Thank you,Its good. But recently i have been having some problems. The app is transferring my money for a second time after i do. It shows the first transfer has failed and i usually do it again. Then after it shows that i have made two transfers. Could you fix this. Thank you,2022-09-15T03:28:19,4.3.2,,,28,google_play,2025-11-30T16:15:08.107712
42671987-cf3d-4a24-82fd-0326d041e49a,CBE,Commercial Bank of Ethiopia Mobile,com.combanketh.mobilebanking,3,"The app is unresponsive the time when the fragments are attached. It is just like shivering. Still, I can't download the transaction history instead it just toasted me can't save. Please consider all this things. But I would recommed you to use a tab layout. This is because, consider I am using latest Samsung 🤔 device, how do you think that your app is running on other damn devices like techno and itel ? It is horrible.","The app is unresponsive the time when the fragments are attached. It is just like shivering. Still, I can't download the transaction history instead it just toasted me can't save. Please consider all this things. But I would recommed you to use a tab layout. This is because, consider I am using latest Samsung 🤔 device, how do you think that your app is running on other damn devices like techno and itel ? It is horrible.",2022-08-26T18:45:26,4.3.2,,,121,google_play,2025-11-30T16:15:08.107712
1bb5cafa-691f-4582-a788-f905aa368fd7,CBE,Commercial Bank of Ethiopia Mobile,com.combanketh.mobilebanking,4,Quick transaction and no delays Sometimes ithasa glitch butost of the time great. And the glitch is out side working hours it said transaction failure while your balance is reduced So if you haven't noticed you repeat the same process and your balance gets reduced every time.,Quick transaction and no delays Sometimes ithasa glitch butost of the time great. And the glitch is out side working hours it said transaction failure while your balance is reduced So if you haven't noticed you repeat the same process and your balance gets reduced every time.,2024-02-10T05:37:16,5.0.2,,,6,google_play,2025-11-30T16:15:08.107712
6e467e77-c7b7-4324-bb9f-4c2790968986,CBE,Commercial Bank of Ethiopia Mobile,com.combanketh.mobilebanking,1,"why is it every time the app is updated history of previous account numbers keeps missing , WHY??","why is it every time the app is updated history of previous account numbers keeps missing , WHY??",2025-08-21T21:03:16,5.2.1,,,9,google_play,2025-11-30T16:15:08.107712
25513166-320a-4379-8a9a-1aa4a667e95c,CBE,Commercial Bank of Ethiopia Mobile,com.combanketh.mobilebanking,1,"Very unsafe! The password is stored in the phone, which is very unsafe. And once you entered the password, there is no timeout nor ask for password while making transaction. Therefore, if you have stolen your phone, you may end-up loosing your money","Very unsafe! The password is stored in the phone, which is very unsafe. And once you entered the password, there is no timeout nor ask for password while making transaction. Therefore, if you have stolen your phone, you may end-up loosing your money",2021-10-13T20:16:23,4.3,,,37,google_play,2025-11-30T16:15:08.107712
0785e713-24f0-41f8-9401-028ccd61d21e,CBE,Commercial Bank of Ethiopia Mobile,com.combanketh.mobilebanking,1,"This is the worst App I ever seen. Every time CBE does small patches or updates, the app doesn't work and you have to go to your branch in person to get the update and verification on your phone. It is totally unacceptable. I am living abroad and because of their problems I can't make payments and transfers. I send my representative(""ተወካይ"") to Addis Ababa Branch with his full-representation paper (""ሙሉ ውክልና"") but the staff working at mobile banking services is not willing to fix the problem.","This is the worst App I ever seen. Every time CBE does small patches or updates, the app doesn't work and you have to go to your branch in person to get the update and verification on your phone. It is totally unacceptable. I am living abroad and because of their problems I can't make payments and transfers. I send my representative(""ተወካይ"") to Addis Ababa Branch with his full-representation paper (""ሙሉ ውክልና"") but the staff working at mobile banking services is not willing to fix the problem.",2023-01-06T01:09:19,4.3.2,,,26,google_play,2025-11-30T16:15:08.107712
07631370-ea19-456d-b7cc-d248d21e118c,CBE,Commercial Bank of Ethiopia Mobile,com.combanketh.mobilebanking,1,List of transactions can't load over months and years..,List of transactions can't load over months and years..,2025-08-23T11:46:27,5.2.1,,,9,google_play,2025-11-30T16:15:08.107712
e328e00c-1abe-4c88-a68a-afcb4ffd746b,CBE,Commercial Bank of Ethiopia Mobile,com.combanketh.mobilebanking,1,"I am so disappointed because the application doesn't clearly show how many birr it will charge for every transaction rather than just deducted the money , as a user we should have the right to know the amount of money that is going to be deducted. It is a very deceptive tactic , it should be improved immediately.","I am so disappointed because the application doesn't clearly show how many birr it will charge for every transaction rather than just deducted the money , as a user we should have the right to know the amount of money that is going to be deducted. It is a very deceptive tactic , it should be improved immediately.",2024-12-15T06:02:03,5.0.4,,,2,google_play,2025-11-30T16:15:08.107712
8fbd641c-bf53-4a50-bf06-ecebeac3b6fe,CBE,Commercial Bank of Ethiopia Mobile,com.combanketh.mobilebanking,1,"I’ve been using the CBE mobile banking app, and overall, I appreciate its features. However, I’ve noticed that when I turn on the developer options on my device, the app stops functioning properly. It would be great if you could look into this issue, as I often need to access developer settings for other applications. Thank you for your attention to this matter!","I’ve been using the CBE mobile banking app, and overall, I appreciate its features. However, I’ve noticed that when I turn on the developer options on my device, the app stops functioning properly. It would be great if you could look into this issue, as I often need to access developer settings for other applications. Thank you for your attention to this matter!",2025-01-29T16:02:20,5.0.9,,,699,google_play,2025-11-30T16:15:08.107712
9ac36812-00ce-4af7-a85d-9a25dc13b093,CBE,Commercial Bank of Ethiopia Mobile,com.combanketh.mobilebanking,3,"1. Withdrawal messages are not received regularly 2. Apps need to be more friendly use in terms of operation, 3. Apps lack some advanced security features, Additional comment: 4. Now that we are using modern technology, requirements for Bank Book should fade away with time. Some Branch offices do not entertain customers w/out Bank Book. Thanks and best regards","1. Withdrawal messages are not received regularly 2. Apps need to be more friendly use in terms of operation, 3. Apps lack some advanced security features, Additional comment: 4. Now that we are using modern technology, requirements for Bank Book should fade away with time. Some Branch offices do not entertain customers w/out Bank Book. Thanks and best regards",2022-03-08T06:54:10,4.3.1,,,15,google_play,2025-11-30T16:15:08.107712
094f1e52-28a3-4fe0-ba39-21c69f1eb527,CBE,Commercial Bank of Ethiopia Mobile,com.combanketh.mobilebanking,1,needs improvement. can't see who makes the transfers the name should be seen when the detail is selected. also i have different accounts in my name and i can only use my phone for one account only ? mobile banking has become easy ....commercial banks of Ethiopia......you need to keep up!!!,needs improvement. can't see who makes the transfers the name should be seen when the detail is selected. also i have different accounts in my name and i can only use my phone for one account only ? mobile banking has become easy ....commercial banks of Ethiopia......you need to keep up!!!,2018-11-07T17:45:31,1.0,,,22,google_play,2025-11-30T16:15:08.107712
fa982fc5-7be0-461a-a78d-c3732df6ac89,CBE,Commercial Bank of Ethiopia Mobile,com.combanketh.mobilebanking,1,"What a trash app! Trash! Trash! Trash! Whenever you want to use the app after once you uninstall it, or receive it from someone else, it will ask you for a new verification. Again, after you clear the cache and data, you will be required to ask a verification code from the nearby bank physically too! What a shame! Never use this app! Your account pass code is unsecure in this app. STOP using this app! I Do!","What a trash app! Trash! Trash! Trash! Whenever you want to use the app after once you uninstall it, or receive it from someone else, it will ask you for a new verification. Again, after you clear the cache and data, you will be required to ask a verification code from the nearby bank physically too! What a shame! Never use this app! Your account pass code is unsecure in this app. STOP using this app! I Do!",2024-09-10T20:55:08,5.0.4,,,17,google_play,2025-11-30T16:15:08.107712
46335135-7df4-4127-b9d0-f0464966b331,CBE,Commercial Bank of Ethiopia Mobile,com.combanketh.mobilebanking,4,When I started using the app for the first time I like it. But through time it started annoying me😠 Because it doesn't update the transaction history immediately. I remember one day I transferred 17000 to another account but I can't took screenshots of transportation history. It says repository........! It needs urgent system maintenance ‼️,When I started using the app for the first time I like it. But through time it started annoying me😠 Because it doesn't update the transaction history immediately. I remember one day I transferred 17000 to another account but I can't took screenshots of transportation history. It says repository........! It needs urgent system maintenance ‼️,2022-09-28T22:13:27,,,,23,google_play,2025-11-30T16:15:08.107712
b2d096d3-50f3-4f26-9fdf-9f08f5b8bf47,CBE,Commercial Bank of Ethiopia Mobile,com.combanketh.mobilebanking,2,It functions to the most part until you need it. The most common flaw is when you send money to another bank account. It shows error but the money is actually gone. I paid twice at least 4 times because of this.,It functions to the most part until you need it. The most common flaw is when you send money to another bank account. It shows error but the money is actually gone. I paid twice at least 4 times because of this.,2024-08-29T13:13:16,5.0.4,,,14,google_play,2025-11-30T16:15:08.107712
75c186e2-5d20-4c07-ab82-4ae1f5987910,CBE,Commercial Bank of Ethiopia Mobile,com.combanketh.mobilebanking,3,"The application is good but sometimes it doesn't respond my issues ie: Transfer,. In addition to this the application don't show my balance instade it only shows transaction history. If possible it's better if z app were able to show z exact balance sheet and fix a problem of not responding, if so I will rate z app ***** by adding z remaining 2 ** 10 Q.","The application is good but sometimes it doesn't respond my issues ie: Transfer,. In addition to this the application don't show my balance instade it only shows transaction history. If possible it's better if z app were able to show z exact balance sheet and fix a problem of not responding, if so I will rate z app ***** by adding z remaining 2 ** 10 Q.",2021-10-11T16:15:28,4.3,,,35,google_play,2025-11-30T16:15:08.107712
d449e369-b08e-4dbf-aefd-5c8ea0f5103b,CBE,Commercial Bank of Ethiopia Mobile,com.combanketh.mobilebanking,2,"For starters,the app is by far better than the previous one.It has better graphics,fast synchronization and it's easy to use.But what I don't understand is that first why is it so difficult for you guys to add a ""forgot pin"" link in the login page? Why is it every time a user forgots his/her pin,they had to go to their branch? it's very frustrating and not expected from a banking app of such a giant bank.Secondly,the ""Accounts"" and ""Recents"" sub menus at the bottom have exactly the same features","For starters,the app is by far better than the previous one.It has better graphics,fast synchronization and it's easy to use.But what I don't understand is that first why is it so difficult for you guys to add a ""forgot pin"" link in the login page? Why is it every time a user forgots his/her pin,they had to go to their branch? it's very frustrating and not expected from a banking app of such a giant bank.Secondly,the ""Accounts"" and ""Recents"" sub menus at the bottom have exactly the same features",2020-08-02T13:08:42,,,,14,google_play,2025-11-30T16:15:08.107712
3ea6f6ab-8b91-4bd0-b2b9-48e07e896e14,CBE,Commercial Bank of Ethiopia Mobile,com.combanketh.mobilebanking,1,Poor application most times it says error while sending then it actually sent money so u have to double check if its an error or it sent cash. recent transaction don't update as fast sometimes it even misplaces date and bring forth a transaction done a day or 2 back at the top.the only thing remotely good is the UI interface,Poor application most times it says error while sending then it actually sent money so u have to double check if its an error or it sent cash. recent transaction don't update as fast sometimes it even misplaces date and bring forth a transaction done a day or 2 back at the top.the only thing remotely good is the UI interface,2024-04-12T14:57:16,5.0.4,,,801,google_play,2025-11-30T16:15:08.107712
bbe3e5b3-9305-4a68-b21e-83b272610e7a,CBE,Commercial Bank of Ethiopia Mobile,com.combanketh.mobilebanking,5,"The CBE Mobile Banking App has truly exceeded my expectations. It offers a seamless and reliable banking experience right at my fingertips. From checking my account balance to transferring funds, the app performs flawlessly every time. It's impressive.","The CBE Mobile Banking App has truly exceeded my expectations. It offers a seamless and reliable banking experience right at my fingertips. From checking my account balance to transferring funds, the app performs flawlessly every time. It's impressive.",2023-12-16T07:43:38,,,,33,google_play,2025-11-30T16:15:08.107712
422b4547-c045-47ca-aec9-84191286a6d7,CBE,Commercial Bank of Ethiopia Mobile,com.combanketh.mobilebanking,5,"Amazing, very friendly and awesome application. Only one drwaback is that you are not willy to make it active after blocking the mobile banking via 951. I am not still using once blocked. You send me to the branch banks but they don't have enough skill to help.","Amazing, very friendly and awesome application. Only one drwaback is that you are not willy to make it active after blocking the mobile banking via 951. I am not still using once blocked. You send me to the branch banks but they don't have enough skill to help.",2024-05-12T16:24:57,5.0.4,,,635,google_play,2025-11-30T16:15:08.107712
3075b2ab-3259-4869-a5ac-87d70212240c,CBE,Commercial Bank of Ethiopia Mobile,com.combanketh.mobilebanking,3,"The app is always buggy, you've to fix: 1. Transfer history. 2. The double(duplicate) transfer issue which everyone faces, were it gives our error and I've to transfer for a second time thinking it didn't work and both transferred transfers go through.","The app is always buggy, you've to fix: 1. Transfer history. 2. The double(duplicate) transfer issue which everyone faces, were it gives our error and I've to transfer for a second time thinking it didn't work and both transferred transfers go through.",2023-05-29T15:12:17,4.4.0,,,374,google_play,2025-11-30T16:15:08.107712
3e15ee1e-efc9-46d6-b032-750657ec49a2,CBE,Commercial Bank of Ethiopia Mobile,com.combanketh.mobilebanking,4,Th app is great. But you can't make the same amount of payment with the same reason more that once. It will show an error but sometimes it transfer with the error. It should be fixed on the next update.,Th app is great. But you can't make the same amount of payment with the same reason more that once. It will show an error but sometimes it transfer with the error. It should be fixed on the next update.,2023-04-11T16:03:32,,,,13,google_play,2025-11-30T16:15:08.107712
00c3fe7b-dc0f-4d8f-beb1-3c27edd23042,CBE,Commercial Bank of Ethiopia Mobile,com.combanketh.mobilebanking,3,"the App is one of the BEST things to have in Ethiopia but one of major problems is shows incorrect statements and incorrect available balance, merchants and supermarkets doesn't deduct right away 😑 deductible may come after weeks or month, once u already forgot about it and so many things to work on. please take it seriously Thanks 😊","the App is one of the BEST things to have in Ethiopia but one of major problems is shows incorrect statements and incorrect available balance, merchants and supermarkets doesn't deduct right away 😑 deductible may come after weeks or month, once u already forgot about it and so many things to work on. please take it seriously Thanks 😊",2022-11-16T09:47:42,4.3.2,,,12,google_play,2025-11-30T16:15:08.107712
42f4a54c-d50f-4b74-99f7-0edbe69fe74a,CBE,Commercial Bank of Ethiopia Mobile,com.combanketh.mobilebanking,1,"How can I trust a bank that doesn't have a cyber crime reporting mechanism. I recently traveled out of the country. After a week I got a text message stating that more than 1000bir withdrawn from my account without my knowledge. When I tried to download the receipt, it doesn't even work. I only know it was transfered to a Wegagen bank account via a POS machine. Please be carefull and take a lesson from me. 😡😡😡","How can I trust a bank that doesn't have a cyber crime reporting mechanism. I recently traveled out of the country. After a week I got a text message stating that more than 1000bir withdrawn from my account without my knowledge. When I tried to download the receipt, it doesn't even work. I only know it was transfered to a Wegagen bank account via a POS machine. Please be carefull and take a lesson from me. 😡😡😡",2024-09-16T06:50:24,,,,2,google_play,2025-11-30T16:15:08.107712
c0caedf3-4a0b-4c32-94f8-d6a3bb6d3f17,CBE,Commercial Bank of Ethiopia Mobile,com.combanketh.mobilebanking,5,"Good job to the CBE team on this mobile app! It's designed in a way that's simple and intuitive to navigate, which is great for everyone. It effectively handles the essential banking tasks I need to perform regularly. It's a practical and reliable tool that makes everyday banking much more convenient. Thank you for this useful application.","Good job to the CBE team on this mobile app! It's designed in a way that's simple and intuitive to navigate, which is great for everyone. It effectively handles the essential banking tasks I need to perform regularly. It's a practical and reliable tool that makes everyday banking much more convenient. Thank you for this useful application.",2025-04-04T21:18:47,5.1.0,,,1375,google_play,2025-11-30T16:15:08.107712
35d5d914-be32-48c9-9362-c384bf386e98,CBE,Commercial Bank of Ethiopia Mobile,com.combanketh.mobilebanking,3,"Nothing is working after the last update. Please fix it. With the previous version, when transfering money, it shows error message while the transfer is already made. It is causing unnecessary double transfers.","Nothing is working after the last update. Please fix it. With the previous version, when transfering money, it shows error message while the transfer is already made. It is causing unnecessary double transfers.",2023-10-12T12:21:24,5.0.2,,,901,google_play,2025-11-30T16:15:08.107712
05373320-5899-4027-8113-b248839d7650,CBE,Commercial Bank of Ethiopia Mobile,com.combanketh.mobilebanking,1,"This app is not set up for diaspora users. It works fine until you needed a new verification code, or you change your cell phone and try to use the app on the new phone. You will not be able to get the verification key that it is asking for just for changing your phone. It requires you to go the nearest branch to get the verification key. For me this will be travelling to Ethiopia from USA just to get this code. Even my sister - a joint aact holder & has my Power of Attorney, could not help me.","This app is not set up for diaspora users. It works fine until you needed a new verification code, or you change your cell phone and try to use the app on the new phone. You will not be able to get the verification key that it is asking for just for changing your phone. It requires you to go the nearest branch to get the verification key. For me this will be travelling to Ethiopia from USA just to get this code. Even my sister - a joint aact holder & has my Power of Attorney, could not help me.",2024-10-10T23:27:52,5.0.4,,,11,google_play,2025-11-30T16:15:08.107712
c597b8a3-7664-4732-9f35-c0ce40a6891e,CBE,Commercial Bank of Ethiopia Mobile,com.combanketh.mobilebanking,4,"Broadly speaking, it is good app. But recently I have noticed a problem when trying to see the recent transactions it becomes very slow and sluggish even closes and also have seen this on my friends' phone. So, this should be corrected asap and speed should be core feature","Broadly speaking, it is good app. But recently I have noticed a problem when trying to see the recent transactions it becomes very slow and sluggish even closes and also have seen this on my friends' phone. So, this should be corrected asap and speed should be core feature",2022-06-25T06:15:44,4.3.2,,,207,google_play,2025-11-30T16:15:08.107712
a9be2334-1777-43d7-92e2-5f6a4649ceb5,CBE,Commercial Bank of Ethiopia Mobile,com.combanketh.mobilebanking,1,"It's full of crashing features, can't sync real time need 3,4 touching doesn't work many times. In fact it's not working now I'm afraid if I uninstalled it I will be forced to go to the branch to activate it again so here I'm stuck with the app unable to access my money","It's full of crashing features, can't sync real time need 3,4 touching doesn't work many times. In fact it's not working now I'm afraid if I uninstalled it I will be forced to go to the branch to activate it again so here I'm stuck with the app unable to access my money",2024-03-14T06:38:05,5.0.4,,,197,google_play,2025-11-30T16:15:08.107712
ce71bc53-deea-4faa-baf2-5f445a4b2827,CBE,Commercial Bank of Ethiopia Mobile,com.combanketh.mobilebanking,5,"It's a beautiful app. But especially when transferring from one account to another, if a receipt is prepared stating the name of the sender and the name of the recipient and the amount of the money. Also, if people make a mistake when making a transfer, it would be nice to have a system where the mistake can be reversed.","It's a beautiful app. But especially when transferring from one account to another, if a receipt is prepared stating the name of the sender and the name of the recipient and the amount of the money. Also, if people make a mistake when making a transfer, it would be nice to have a system where the mistake can be reversed.",2023-12-11T20:38:41,,,,10,google_play,2025-11-30T16:15:08.107712
8bf4df47-c266-4152-9790-4217143b3a91,CBE,Commercial Bank of Ethiopia Mobile,com.combanketh.mobilebanking,2,"Recently there is big problem when sending to safaricom, telebir, and even to cbebirr wallet could anybody who is responsible fix it, it's very frustrating it's been 5 days and my money hasn't been returned it takes it out of my account but doesn't send it to my mpesa update- they have just corrected it and sent me back the money but still I'm afraid now to send again","Recently there is big problem when sending to safaricom, telebir, and even to cbebirr wallet could anybody who is responsible fix it, it's very frustrating it's been 5 days and my money hasn't been returned it takes it out of my account but doesn't send it to my mpesa update- they have just corrected it and sent me back the money but still I'm afraid now to send again",2025-05-31T10:30:33,5.1.0,,,26,google_play,2025-11-30T16:15:08.107712
994d7016-3ead-4234-ae00-535b559932e4,CBE,Commercial Bank of Ethiopia Mobile,com.combanketh.mobilebanking,5,"Best and easy app for use than any other local bank's mobile banking system. But the system doesn't show recent transaction some times, though the transaction has done. Better to do on this and other upgrading facilities.","Best and easy app for use than any other local bank's mobile banking system. But the system doesn't show recent transaction some times, though the transaction has done. Better to do on this and other upgrading facilities.",2022-09-08T20:08:58,4.3.2,,,25,google_play,2025-11-30T16:15:08.107712
22a97918-4b67-488d-ba5b-4b3e36e939d1,CBE,Commercial Bank of Ethiopia Mobile,com.combanketh.mobilebanking,1,I have been using this app for the past 2 years and I never had faced this kind of problem The problem is when you want to transfer it always says error or account pending then you think it didn't work unfortunately when you check your balance again it's already deducted,I have been using this app for the past 2 years and I never had faced this kind of problem The problem is when you want to transfer it always says error or account pending then you think it didn't work unfortunately when you check your balance again it's already deducted,2022-11-04T21:37:38,4.3.2,,,13,google_play,2025-11-30T16:15:08.107712
64adc7dc-c597-43ab-b4d4-9e022042bf7b,CBE,Commercial Bank of Ethiopia Mobile,com.combanketh.mobilebanking,2,"As an app developer, I rely on Developer Mode to build and test apps, but this app blocks access entirely if it's enabled. This restriction is unnecessary and makes it impossible for developers to use the service. Instead of outright blocking, consider implementing enhanced security measures that don't alienate professionals who need this setting. Please reconsider this policy.","As an app developer, I rely on Developer Mode to build and test apps, but this app blocks access entirely if it's enabled. This restriction is unnecessary and makes it impossible for developers to use the service. Instead of outright blocking, consider implementing enhanced security measures that don't alienate professionals who need this setting. Please reconsider this policy.",2024-12-31T07:22:07,5.0.8,,,66,google_play,2025-11-30T16:15:08.107712
82c729b0-422b-42b2-ab5d-0ba8744c8f16,CBE,Commercial Bank of Ethiopia Mobile,com.combanketh.mobilebanking,1,The fast and easy to use app there is nothing to deny aboutt that... but it has a serious issue on showing transaction history like if i send or receive money i ll find the transaction history after a day. When the sms message is not working at some days the issue get worse like we dont have an idea how much money we have received. I dont this this issue is hard to fix for you hope you will fix it on the next update....the app deserve 4stars tbh but i just want you to see this seriously thankyou,The fast and easy to use app there is nothing to deny aboutt that... but it has a serious issue on showing transaction history like if i send or receive money i ll find the transaction history after a day. When the sms message is not working at some days the issue get worse like we dont have an idea how much money we have received. I dont this this issue is hard to fix for you hope you will fix it on the next update....the app deserve 4stars tbh but i just want you to see this seriously thankyou,2024-09-11T19:25:11,5.0.4,,,18,google_play,2025-11-30T16:15:08.107712
9757be96-192f-41b4-b635-0967a292902d,CBE,Commercial Bank of Ethiopia Mobile,com.combanketh.mobilebanking,5,"It is a very nice and easy app to use. There is only one thing i would like you to add. If you could transfer from your account to another person's telebirr account, it only works to your own phone number","It is a very nice and easy app to use. There is only one thing i would like you to add. If you could transfer from your account to another person's telebirr account, it only works to your own phone number",2024-05-02T15:04:42,5.0.4,,,952,google_play,2025-11-30T16:15:08.107712
29971f4c-59c8-4c8d-a94f-055e9a52e1c7,CBE,Commercial Bank of Ethiopia Mobile,com.combanketh.mobilebanking,5,"In the beginning, the ability to capture the history was small, now it's a great job to capture all the transactions and the user can see them, another problem is that if a transaction or transfer is made, the number of the receipt will not be downloaded when saving to avoid it, unless a screenshot is taken, it would be better if you fix this.","In the beginning, the ability to capture the history was small, now it's a great job to capture all the transactions and the user can see them, another problem is that if a transaction or transfer is made, the number of the receipt will not be downloaded when saving to avoid it, unless a screenshot is taken, it would be better if you fix this.",2023-01-25T09:11:13,,,,17,google_play,2025-11-30T16:15:08.107712
4c1f5a4a-fcfe-4808-9788-b67bc84471b0,CBE,Commercial Bank of Ethiopia Mobile,com.combanketh.mobilebanking,1,It's the worst! I just transfer from my cbe account in to my tele birr account for urgent case but unfortunately it holds. And there customer service workers told me it will be returned in to my cbe account after 3 or 5 working days if its not credited in to my telebirr account. How's that working? This bank is a pioneer in from the country. It's really annoying this happens for second time. Please amend your network services. Am totally annoyed by cbe.,It's the worst! I just transfer from my cbe account in to my tele birr account for urgent case but unfortunately it holds. And there customer service workers told me it will be returned in to my cbe account after 3 or 5 working days if its not credited in to my telebirr account. How's that working? This bank is a pioneer in from the country. It's really annoying this happens for second time. Please amend your network services. Am totally annoyed by cbe.,2024-09-07T14:54:58,,,,13,google_play,2025-11-30T16:15:08.107712
07dd5534-ea32-451f-90e0-fea64ca73c95,CBE,Commercial Bank of Ethiopia Mobile,com.combanketh.mobilebanking,1,"I have been using this app fair smoothly till the last update few days back and now it is a disaster as it repetitively says 'unable to sinc ' and when I uninstalled it and tried to re-install with proper procedure guided from my CBE branch, it again and again fails to accept verification code ...it is quite a disappointment !","I have been using this app fair smoothly till the last update few days back and now it is a disaster as it repetitively says 'unable to sinc ' and when I uninstalled it and tried to re-install with proper procedure guided from my CBE branch, it again and again fails to accept verification code ...it is quite a disappointment !",2020-09-15T19:39:40,,,,10,google_play,2025-11-30T16:15:08.107712
eac0a865-b3eb-4c04-a37b-dd0b7e93cbbb,CBE,Commercial Bank of Ethiopia Mobile,com.combanketh.mobilebanking,1,"It cannot start. The old version was working perfectly. I am currently out of Ethiopia and cannot go to the bank to see what is the problem. Now I have no access to my account and with coronavirus travel restrictions, cannot go back to Ethiopia either. Is it possible to get an authorization key so that user can remotely reinstall/register the app?","It cannot start. The old version was working perfectly. I am currently out of Ethiopia and cannot go to the bank to see what is the problem. Now I have no access to my account and with coronavirus travel restrictions, cannot go back to Ethiopia either. Is it possible to get an authorization key so that user can remotely reinstall/register the app?",2020-07-23T01:18:25,4.1,"Dear Farzad, Please try to update the app that is published on June 28",2020-06-29T12:35:25,47,google_play,2025-11-30T16:15:08.107712
f62e6afa-3471-452c-8855-d57612757b1c,CBE,Commercial Bank of Ethiopia Mobile,com.combanketh.mobilebanking,2,"1- Always mixes up sequence of transaction history and also takea very long to update those 2- doesnt generate the reciept page when you transfer to other banks, mostly displays an error image. 3- struggles to work in places with 2G connection. Generally its a good app since the USSD is a nightmare we will be ok with this.","1- Always mixes up sequence of transaction history and also takea very long to update those 2- doesnt generate the reciept page when you transfer to other banks, mostly displays an error image. 3- struggles to work in places with 2G connection. Generally its a good app since the USSD is a nightmare we will be ok with this.",2024-03-23T06:38:25,5.0.4,,,330,google_play,2025-11-30T16:15:08.107712
43aa27b3-38c1-474a-a7ab-4a726d82537d,CBE,Commercial Bank of Ethiopia Mobile,com.combanketh.mobilebanking,2,I have been using this app for long period of time & I'm very happy. because I'm also use other banks app and nothing can compare this. I know so many people using this app too & we all happier by using this app especially it gives us very helpful recently data for long period of time which is the money we sent and received with very clear info. And its reduced the time which we spend by printing statement on branches. But on this version this future shortened by limited recently data. Whyyy???,I have been using this app for long period of time & I'm very happy. because I'm also use other banks app and nothing can compare this. I know so many people using this app too & we all happier by using this app especially it gives us very helpful recently data for long period of time which is the money we sent and received with very clear info. And its reduced the time which we spend by printing statement on branches. But on this version this future shortened by limited recently data. Whyyy???,2023-03-19T22:11:48,4.4.0,,,167,google_play,2025-11-30T16:15:08.107712
aff2ec84-1179-4c94-ab8e-58585c48d270,CBE,Commercial Bank of Ethiopia Mobile,com.combanketh.mobilebanking,1,"Why doesn't it show your previous bank balances alongside the transactions! It should show previous balances too! Only shows recent transaction, it must show old transactions as well! It would be great if you could print your bank statement from the app","Why doesn't it show your previous bank balances alongside the transactions! It should show previous balances too! Only shows recent transaction, it must show old transactions as well! It would be great if you could print your bank statement from the app",2023-05-25T14:28:06,4.4.0,,,55,google_play,2025-11-30T16:15:08.107712
3102bbe3-d330-485c-9029-961f65c27f29,CBE,Commercial Bank of Ethiopia Mobile,com.combanketh.mobilebanking,3,"With your new CBE mobile app version, it is gonna be alright and much interactice I hope. However, using it in weaker internet connection is often tiring... 4 issues... 1. One thing, please allow the use to subscribe or unsubscribe from the service without the subscriber requiring him to come to your office in person.... 2. You may also introduce two-factor authorization, like if someone even has got your pin, 3. Consider includng water billing and 4.update your apps often work on improvements","With your new CBE mobile app version, it is gonna be alright and much interactice I hope. However, using it in weaker internet connection is often tiring... 4 issues... 1. One thing, please allow the use to subscribe or unsubscribe from the service without the subscriber requiring him to come to your office in person.... 2. You may also introduce two-factor authorization, like if someone even has got your pin, 3. Consider includng water billing and 4.update your apps often work on improvements",2020-06-26T15:02:20,4.0-rc1,"Dear Suleyman, We will consider your feedback,Thank you!!!",2020-06-29T20:20:17,77,google_play,2025-11-30T16:15:08.107712
a6910eb7-f2dc-4cdb-badc-65becc5513f1,CBE,Commercial Bank of Ethiopia Mobile,com.combanketh.mobilebanking,5,I love this app b/c every option in the app very clear and supportive.,I love this app b/c every option in the app very clear and supportive.,2025-10-30T16:17:03,5.2.1,,,3,google_play,2025-11-30T16:15:08.107712
d57ee705-8961-4189-a8e5-357661297d07,CBE,Commercial Bank of Ethiopia Mobile,com.combanketh.mobilebanking,1,At the biggning the app was normal and very handy. Now It's so slow and i can't even load my transactions properly. Not only the app all your customer services are declining so it's better to correct what you have done wrong. Thanks!,At the biggning the app was normal and very handy. Now It's so slow and i can't even load my transactions properly. Not only the app all your customer services are declining so it's better to correct what you have done wrong. Thanks!,2023-09-01T16:44:44,4.4.0,,,4,google_play,2025-11-30T16:15:08.107712
31bf47cd-b783-4f12-a55b-0ac45e0c2580,CBE,Commercial Bank of Ethiopia Mobile,com.combanketh.mobilebanking,1,"Always says INACTIVE, sometimes doesn't sync, other times says go to the nearest branch and when I go they take forever. How come I am not allowed to see all transactions?Mobile banking is for saving time and efficiency. Non is takingplace. Why should I be forced to use my account everyday? I should be able to use it whenever.","Always says INACTIVE, sometimes doesn't sync, other times says go to the nearest branch and when I go they take forever. How come I am not allowed to see all transactions?Mobile banking is for saving time and efficiency. Non is takingplace. Why should I be forced to use my account everyday? I should be able to use it whenever.",2024-03-30T08:54:21,5.0.4,,,32,google_play,2025-11-30T16:15:08.107712
a86df6ee-37b2-459e-af94-05a78882f4b9,CBE,Commercial Bank of Ethiopia Mobile,com.combanketh.mobilebanking,3,"The good thing is its simplicity to undertake the basic functions. Updates with improvements and fixes should have been released by now. Please fix. 5 years after last review… Issues with beneficiary are fixed. However, still unable to track transactions much less to download in appropriate formats. This feature got diminished in the latest update. Please improve and fix.","The good thing is its simplicity to undertake the basic functions. Updates with improvements and fixes should have been released by now. Please fix. 5 years after last review… Issues with beneficiary are fixed. However, still unable to track transactions much less to download in appropriate formats. This feature got diminished in the latest update. Please improve and fix.",2023-03-15T09:46:33,4.4.0,,,47,google_play,2025-11-30T16:15:08.107712
858fd447-bb59-40e6-a82d-3111bcfe2bc2,CBE,Commercial Bank of Ethiopia Mobile,com.combanketh.mobilebanking,4,"I would have given the app 5 stars if the download or share function of the last transaction confirmation is working. I wonder why you desabled it as I repeatedly obliged to screenshot the confirmation. If I were you, enable is as even pdf file to print and file. I hope you will correct by updating it.","I would have given the app 5 stars if the download or share function of the last transaction confirmation is working. I wonder why you desabled it as I repeatedly obliged to screenshot the confirmation. If I were you, enable is as even pdf file to print and file. I hope you will correct by updating it.",2022-05-30T16:34:38,4.3.1,,,18,google_play,2025-11-30T16:15:08.107712
f3c73066-2af0-410b-b20b-6ba0a5235916,CBE,Commercial Bank of Ethiopia Mobile,com.combanketh.mobilebanking,5,"I feel good, it is time and energy saving and also the first platform to digitalization of the financial issue. I want to remanid the developers to make more accessible and add more feature to it!","I feel good, it is time and energy saving and also the first platform to digitalization of the financial issue. I want to remanid the developers to make more accessible and add more feature to it!",2023-07-26T17:55:02,4.4.0,,,108,google_play,2025-11-30T16:15:08.107712
71c4a027-0884-491c-9023-58aec1553a21,CBE,Commercial Bank of Ethiopia Mobile,com.combanketh.mobilebanking,1,"The app doesn't have 1. mini statement service In my opinion, I don't have to go to cbe branch to get mini statements and transactions I have done and pay for it.why? 2. Recent transaction The app doesn't store numerous or enough recent transactions, even it doesn't store what stored properly sometimes.","The app doesn't have 1. mini statement service In my opinion, I don't have to go to cbe branch to get mini statements and transactions I have done and pay for it.why? 2. Recent transaction The app doesn't store numerous or enough recent transactions, even it doesn't store what stored properly sometimes.",2024-09-02T12:32:35,5.0.4,,,12,google_play,2025-11-30T16:15:08.107712
34f5780e-9c96-4734-a12a-bbb07cc10e00,CBE,Commercial Bank of Ethiopia Mobile,com.combanketh.mobilebanking,1,"1.Very unstable, continuously crashes. 2.There is an incredible amount of balance and transaction synchronization errors. 3.Have tries to make a transfer of 60k since yesterday still not able to due to errors popups with no message to explain error. For a bank, that is quite embarrassing and dangerous.","1.Very unstable, continuously crashes. 2.There is an incredible amount of balance and transaction synchronization errors. 3.Have tries to make a transfer of 60k since yesterday still not able to due to errors popups with no message to explain error. For a bank, that is quite embarrassing and dangerous.",2024-03-09T14:11:53,5.0.4,,,1030,google_play,2025-11-30T16:15:08.107712
d882ad7e-cb0f-4921-bb98-daf6275a2d98,CBE,Commercial Bank of Ethiopia Mobile,com.combanketh.mobilebanking,4,"It is helpful app which can be used easily but one important thing, when you send or receive a money it does not appear the hour and the minutes. You don't know if it is afternoon or morning. It is better the receipt to have date and time.","It is helpful app which can be used easily but one important thing, when you send or receive a money it does not appear the hour and the minutes. You don't know if it is afternoon or morning. It is better the receipt to have date and time.",2024-05-17T20:22:34,5.0.4,,,13,google_play,2025-11-30T16:15:08.107712
53fac8e5-b6ab-44d4-bf53-e89d415b1830,CBE,Commercial Bank of Ethiopia Mobile,com.combanketh.mobilebanking,3,"With the recent update, I faced a serious problem similar to those mentioned by others. Hence I have to uninstall and reinstall the app...and it is working well now. I strongly suggest if CBE makes a regular check and take a quick corrective actions on reviews made by customers!!!","With the recent update, I faced a serious problem similar to those mentioned by others. Hence I have to uninstall and reinstall the app...and it is working well now. I strongly suggest if CBE makes a regular check and take a quick corrective actions on reviews made by customers!!!",2019-03-14T21:38:42,2.0,,,13,google_play,2025-11-30T16:15:08.107712
e3247250-71db-4f7b-87db-8c0fdc6ae5a2,CBE,Commercial Bank of Ethiopia Mobile,com.combanketh.mobilebanking,1,"I am extremely disappointed with this App. Every time I try to change my PIN, I receive an error message saying ""unable to connect to server."" Additionally, my transaction processes always fail. As a well-known company, I expected better service from CBE.","I am extremely disappointed with this App. Every time I try to change my PIN, I receive an error message saying ""unable to connect to server."" Additionally, my transaction processes always fail. As a well-known company, I expected better service from CBE.",2023-11-11T05:03:45,,,,12,google_play,2025-11-30T16:15:08.107712
4446351c-4348-4baf-9277-244728bc7228,CBE,Commercial Bank of Ethiopia Mobile,com.combanketh.mobilebanking,5,"The old version stopped working for me and whenever that happens I had to go to my CBE branch and ask for help to get it reinstalled. I just updated it, and it worked like a charm with an elegant UI and very stable services.","The old version stopped working for me and whenever that happens I had to go to my CBE branch and ask for help to get it reinstalled. I just updated it, and it worked like a charm with an elegant UI and very stable services.",2020-08-26T11:02:12,4.1,,,34,google_play,2025-11-30T16:15:08.107712
ef42cb52-c7cd-418a-b306-62454aa1605a,CBE,Commercial Bank of Ethiopia Mobile,com.combanketh.mobilebanking,4,"It is best application for banking system. Because it's save time, and make easy all things like, paying for other, transferring mobile charging and etc... But it's good if you add mini statement option like tele birr app, it's make full.","It is best application for banking system. Because it's save time, and make easy all things like, paying for other, transferring mobile charging and etc... But it's good if you add mini statement option like tele birr app, it's make full.",2022-05-05T19:19:41,4.3.1,,,36,google_play,2025-11-30T16:15:08.107712
3cceab20-cad5-4d06-a30a-cbc86996cf1e,CBE,Commercial Bank of Ethiopia Mobile,com.combanketh.mobilebanking,2,Please it needs to be updated or do some improvement The previous version was very good as compared to this one . with this app I can't make any payment . When I try to send payment it always says You have exceeded your weekly number of transaction!!,Please it needs to be updated or do some improvement The previous version was very good as compared to this one . with this app I can't make any payment . When I try to send payment it always says You have exceeded your weekly number of transaction!!,2021-02-04T15:10:01,4.2,,,75,google_play,2025-11-30T16:15:08.107712
87ce9f6e-a160-4d05-8d51-e220d693718e,CBE,Commercial Bank of Ethiopia Mobile,com.combanketh.mobilebanking,4,"I like the app, easy to use, if possible please add some more features like calculator. Simply add one more icon with calculator function, so the users can easily do some calculation without closing the app.","I like the app, easy to use, if possible please add some more features like calculator. Simply add one more icon with calculator function, so the users can easily do some calculation without closing the app.",2024-10-15T13:45:16,5.0.4,,,5,google_play,2025-11-30T16:15:08.107712
c83ec4e0-788c-4e10-b7a2-15a6a73dc348,CBE,Commercial Bank of Ethiopia Mobile,com.combanketh.mobilebanking,4,The updated app is attractive and is working very well. Forced to revise my previous rating of 2 star to 4 star. Hope it will keep on working! Rated it excellent for the past years. Revised my review after it keeps on crashing in 2019 and installing it for a second time in less than 3 months. Please work on the problems.,The updated app is attractive and is working very well. Forced to revise my previous rating of 2 star to 4 star. Hope it will keep on working! Rated it excellent for the past years. Revised my review after it keeps on crashing in 2019 and installing it for a second time in less than 3 months. Please work on the problems.,2020-07-25T16:14:21,4.1,,,31,google_play,2025-11-30T16:15:08.107712
fffe724e-1249-45d0-9ec8-31c1369e91b2,CBE,Commercial Bank of Ethiopia Mobile,com.combanketh.mobilebanking,4,It is a very good application. It works better than any other applications i came across. I have seen much progress since the first time i started using it. Still it needs some improvement with connectivity issues.,It is a very good application. It works better than any other applications i came across. I have seen much progress since the first time i started using it. Still it needs some improvement with connectivity issues.,2023-01-03T15:15:07,4.3.2,,,48,google_play,2025-11-30T16:15:08.107712
83babb88-d572-436d-8aa0-d97adadddc41,CBE,Commercial Bank of Ethiopia Mobile,com.combanketh.mobilebanking,2,"The CBE MB app is best and updated with so many features from time to time,but it is impossible to download statements. if it is possible please add a statement download option for both the app and USSD.","The CBE MB app is best and updated with so many features from time to time,but it is impossible to download statements. if it is possible please add a statement download option for both the app and USSD.",2025-07-11T03:43:40,5.1.0,,,7,google_play,2025-11-30T16:15:08.107712
925590a7-bc1f-4814-8c18-c80ea235e39d,CBE,Commercial Bank of Ethiopia Mobile,com.combanketh.mobilebanking,5,"I am using this service from abroad, which i have active account in Ethiopia. Anytime I want support family, I easily sent funds to my CBE bank using my abroad debit or visa credit and transfer to their bank. so recommend diaspora to open bank account whenever they going back home. it helps a lot . 1st. They can easily send money from their abroad bank account to their CEB, Awash,Oromia bank whatever. 2nd, They don't need family to withdraw money for them to use it. They have privacy.","I am using this service from abroad, which i have active account in Ethiopia. Anytime I want support family, I easily sent funds to my CBE bank using my abroad debit or visa credit and transfer to their bank. so recommend diaspora to open bank account whenever they going back home. it helps a lot . 1st. They can easily send money from their abroad bank account to their CEB, Awash,Oromia bank whatever. 2nd, They don't need family to withdraw money for them to use it. They have privacy.",2025-07-25T21:52:06,5.1.0,,,17,google_play,2025-11-30T16:15:08.107712
554a5a7d-b07c-43fd-b645-6b951c9c417f,CBE,Commercial Bank of Ethiopia Mobile,com.combanketh.mobilebanking,2,"This app is not reliable for transferring money to other banks or money transfer apps. It will take your money but not deliver it, and for confirmation, it takes three days to refund.","This app is not reliable for transferring money to other banks or money transfer apps. It will take your money but not deliver it, and for confirmation, it takes three days to refund.",2025-07-02T15:24:35,5.1.0,,,3,google_play,2025-11-30T16:15:08.107712
cf02d092-27cc-4b99-ab5e-35aba79bc01a,CBE,Commercial Bank of Ethiopia Mobile,com.combanketh.mobilebanking,2,The process of updating is not functioning easily. Installing is easy than updating. Screenshot should not be prevented. it is an instant evidence needed for some transactions.,The process of updating is not functioning easily. Installing is easy than updating. Screenshot should not be prevented. it is an instant evidence needed for some transactions.,2025-08-18T10:13:42,5.1.0,,,4,google_play,2025-11-30T16:15:08.107712
ed5c359a-c50a-4f6b-bb57-c5a77c27beaa,CBE,Commercial Bank of Ethiopia Mobile,com.combanketh.mobilebanking,5,"it is so amazing app. but, it is better to update it to access without any internet fees. just make it to open by free internet service when we open data connection.","it is so amazing app. but, it is better to update it to access without any internet fees. just make it to open by free internet service when we open data connection.",2025-06-09T15:20:06,5.1.0,,,4,google_play,2025-11-30T16:15:08.107712
a9d5aab4-636f-4392-8bc6-ccad890de66e,CBE,Commercial Bank of Ethiopia Mobile,com.combanketh.mobilebanking,1,"Seriously, what’s going on with this app? The ""Pay to Beneficiary"" option is completely disabled for Android users, yet iOS users get full access without restrictions. Why are Android users being treated like second class customers? It’s the same app, the same service, but clearly not the same experience. This kind of platform bias is unacceptable, either give everyone the same features or be transparent about why you’re limiting functionality. Right now, it just feels unfair and frustrating.","Seriously, what’s going on with this app? The ""Pay to Beneficiary"" option is completely disabled for Android users, yet iOS users get full access without restrictions. Why are Android users being treated like second class customers? It’s the same app, the same service, but clearly not the same experience. This kind of platform bias is unacceptable, either give everyone the same features or be transparent about why you’re limiting functionality. Right now, it just feels unfair and frustrating.",2025-11-15T19:51:01,5.2.1,,,17,google_play,2025-11-30T16:15:08.107712
99cabfb1-1901-4b71-846c-81ae4e39736b,CBE,Commercial Bank of Ethiopia Mobile,com.combanketh.mobilebanking,3,"This ought to be a major update in a while. The graphical user interface has been well improved. However, a very important feature that used to exist in the old versions, which used to allow the user to transfer money within his own accounts in the CBE at ease has to be reinstated back.","This ought to be a major update in a while. The graphical user interface has been well improved. However, a very important feature that used to exist in the old versions, which used to allow the user to transfer money within his own accounts in the CBE at ease has to be reinstated back.",2020-06-29T07:18:26,,"Dear Awet, Thank you for the feedback,You can get own account transfer menu by calling CBE contact center (+951).",2020-06-29T12:48:24,27,google_play,2025-11-30T16:15:08.107712
be14f123-3f88-4b36-b119-1c5da58d3223,CBE,Commercial Bank of Ethiopia Mobile,com.combanketh.mobilebanking,3,"I used this app for a long time , and i like it, its user friendly, not complicated at all, and more over it makes life easier for real. But the now after some times, this app is working better only on wifi, .. its veary hard to use it with mobile data, so please do something","I used this app for a long time , and i like it, its user friendly, not complicated at all, and more over it makes life easier for real. But the now after some times, this app is working better only on wifi, .. its veary hard to use it with mobile data, so please do something",2021-06-08T05:28:05,4.3,,,58,google_play,2025-11-30T16:15:08.107712
1132baf4-1d4e-4746-834e-506b36a35e67,CBE,Commercial Bank of Ethiopia Mobile,com.combanketh.mobilebanking,5,Make it available to all smart phone. It selects some phone to be down load from play store. It also better to be transfer through xenders . Better from previous one but need some support to be available to all smart phone.,Make it available to all smart phone. It selects some phone to be down load from play store. It also better to be transfer through xenders . Better from previous one but need some support to be available to all smart phone.,2020-08-05T20:49:34,4.1,,,30,google_play,2025-11-30T16:15:08.107712
9b993599-283e-417d-a6ed-188f9caee05c,CBE,Commercial Bank of Ethiopia Mobile,com.combanketh.mobilebanking,4,"This one is better than the previous versions. But am unable to send to benficiaries, it was working on the previous versions. While working on the other features please work on this failure too. Thank u!","This one is better than the previous versions. But am unable to send to benficiaries, it was working on the previous versions. While working on the other features please work on this failure too. Thank u!",2021-08-24T09:26:49,4.3,,,32,google_play,2025-11-30T16:15:08.107712
f219bf99-4710-4f39-aa93-77f42d1045b0,CBE,Commercial Bank of Ethiopia Mobile,com.combanketh.mobilebanking,3,"It's a great application, but if you could improve it a bit, for example, by making it so that we can register and use it ourselves from the comfort of our own homes without having to go to a bank branch.","It's a great application, but if you could improve it a bit, for example, by making it so that we can register and use it ourselves from the comfort of our own homes without having to go to a bank branch.",2025-07-01T16:38:41,5.1.0,,,8,google_play,2025-11-30T16:15:08.107712
73e05f2b-a7bd-4d89-bdf8-4943603f02bf,CBE,Commercial Bank of Ethiopia Mobile,com.combanketh.mobilebanking,2,"It's very bad. It deserves 0 stars. It doesn't show some transactions,it misplace transactions,it misplace dates,it shows nonsense errors and so more. I just rate it to 2 stars for helping me a lot.","It's very bad. It deserves 0 stars. It doesn't show some transactions,it misplace transactions,it misplace dates,it shows nonsense errors and so more. I just rate it to 2 stars for helping me a lot.",2024-04-14T16:40:03,5.0.4,,,70,google_play,2025-11-30T16:15:08.107712
450024d7-e656-4c29-872f-603c1a536fe4,CBE,Commercial Bank of Ethiopia Mobile,com.combanketh.mobilebanking,4,Can't use this app after unsubscibing previous phone holders account and reinstalling. While I enter pin and activation code it says failed to authenticate and finally blocks the pin after 3 trials. I have been retried more than 3 times and finally gets stuck. Pls help.,Can't use this app after unsubscibing previous phone holders account and reinstalling. While I enter pin and activation code it says failed to authenticate and finally blocks the pin after 3 trials. I have been retried more than 3 times and finally gets stuck. Pls help.,2020-11-01T21:25:31,4.2,,,10,google_play,2025-11-30T16:15:08.107712
d8b089cb-de9a-4517-8b8d-8a2789fd177a,CBE,Commercial Bank of Ethiopia Mobile,com.combanketh.mobilebanking,5,Easy to use and not Complicated 👍,Easy to use and not Complicated 👍,2025-09-15T18:03:48,5.2.1,,,4,google_play,2025-11-30T16:15:08.107712
c61286fb-631a-440c-96fd-1dc5d09bc76e,CBE,Commercial Bank of Ethiopia Mobile,com.combanketh.mobilebanking,4,"this new update(Mar 19,2025) is great in fixing bugs, stability and smooth experience I'll give u that but it came with a big shortcoming which is not allowing to take screenshot. I can't screenshot neither my balance nor the transaction or anything within the app, i understand it's for security reasons but please bring that back, allow us to take screenshot we need that. Thanks.","this new update(Mar 19,2025) is great in fixing bugs, stability and smooth experience I'll give u that but it came with a big shortcoming which is not allowing to take screenshot. I can't screenshot neither my balance nor the transaction or anything within the app, i understand it's for security reasons but please bring that back, allow us to take screenshot we need that. Thanks.",2025-03-20T13:11:38,5.1.0,,,1200,google_play,2025-11-30T16:15:08.107712
bedd17e8-5c65-4262-935f-abd4f263c998,CBE,Commercial Bank of Ethiopia Mobile,com.combanketh.mobilebanking,1,"Dear all, if you're an iOS user then the new update doesn't work at all. Those of you who use the Android App and you've been having troubles your user credentials have expired that's why it doesn't even load your balance, so you need to go to your branch and have them fix that!","Dear all, if you're an iOS user then the new update doesn't work at all. Those of you who use the Android App and you've been having troubles your user credentials have expired that's why it doesn't even load your balance, so you need to go to your branch and have them fix that!",2021-05-18T11:03:13,4.2,,,29,google_play,2025-11-30T16:15:08.107712
98dd0b28-377c-4fc7-8222-1317829e7f9a,CBE,Commercial Bank of Ethiopia Mobile,com.combanketh.mobilebanking,1,I wasn't able to try your app because while opening the app it's says your device is rooted. Even if it's a precaution incase of hacking but my device is not rooted. I even disable OEM unlocking but the error is still there.,I wasn't able to try your app because while opening the app it's says your device is rooted. Even if it's a precaution incase of hacking but my device is not rooted. I even disable OEM unlocking but the error is still there.,2020-10-27T09:23:50,4.2,,,15,google_play,2025-11-30T16:15:08.107712
1c371662-1ae6-442f-8134-fa301db86d7b,CBE,Commercial Bank of Ethiopia Mobile,com.combanketh.mobilebanking,5,I never want to use this app. I like to type *889#. I just hated to go to the bank to activate the app. It took them 1 minute to do it. Now I just bragging I can recharge my phone with one click. Nice interface keep at it.,I never want to use this app. I like to type *889#. I just hated to go to the bank to activate the app. It took them 1 minute to do it. Now I just bragging I can recharge my phone with one click. Nice interface keep at it.,2020-09-25T12:42:18,4.2,,,58,google_play,2025-11-30T16:15:08.107712
73dfb8f6-ee5d-469b-8a1b-80606ca5f721,CBE,Commercial Bank of Ethiopia Mobile,com.combanketh.mobilebanking,1,"Terrible! I had to use it to pay for my service at Document Authentication & Registration office. I hit confirm it says try again & I hit confirm again & it ends up sending the money twice. Then I had to write a letter to the office to get my money back & it is been more than 2 weeks but I didn't get my money back yet. I talked the issue to my branch they said you are lucky the issue is with a gov't office, they would do their accounting and return your money, but there is nothing they can do.","Terrible! I had to use it to pay for my service at Document Authentication & Registration office. I hit confirm it says try again & I hit confirm again & it ends up sending the money twice. Then I had to write a letter to the office to get my money back & it is been more than 2 weeks but I didn't get my money back yet. I talked the issue to my branch they said you are lucky the issue is with a gov't office, they would do their accounting and return your money, but there is nothing they can do.",2022-03-05T05:05:13,4.3.1,,,71,google_play,2025-11-30T16:15:08.107712
bbf41cf7-45eb-4474-ad7b-4e021144dda3,CBE,Commercial Bank of Ethiopia Mobile,com.combanketh.mobilebanking,4,"1. It is good, flexible, simple and easy. But it can't serve offiline and didn't compliment with the ussd *889# 2. Checking Account balance is off and hidden under transfer.","1. It is good, flexible, simple and easy. But it can't serve offiline and didn't compliment with the ussd *889# 2. Checking Account balance is off and hidden under transfer.",2024-01-17T00:08:06,5.0.2,,,237,google_play,2025-11-30T16:15:08.107712
f0235136-29d9-42d6-a480-070acbe48e1a,CBE,Commercial Bank of Ethiopia Mobile,com.combanketh.mobilebanking,4,"Wow cbe keep up the good work, the interface is very attractive,the processing speed is good(needs to put some effort),canceling or aborting any proceeding task seems impossible(of course the payment process should not be interrupted...i do agree)...all in all, I'm hoping this will be resolved soon by the updates...","Wow cbe keep up the good work, the interface is very attractive,the processing speed is good(needs to put some effort),canceling or aborting any proceeding task seems impossible(of course the payment process should not be interrupted...i do agree)...all in all, I'm hoping this will be resolved soon by the updates...",2024-02-27T14:11:37,,,,11,google_play,2025-11-30T16:15:08.107712
00e6d9d8-1001-4f9b-aa55-be3c2e663623,CBE,Commercial Bank of Ethiopia Mobile,com.combanketh.mobilebanking,3,Unrealeble in many ways; double payment more than 5 times; frequent interruptions; and don't produce receipt more often. CBE - pls come up with a better version as we move more and more to e-payement.,Unrealeble in many ways; double payment more than 5 times; frequent interruptions; and don't produce receipt more often. CBE - pls come up with a better version as we move more and more to e-payement.,2023-12-27T10:48:26,,,,7,google_play,2025-11-30T16:15:08.107712
cedd01b3-42f3-4b34-9525-22963a184a8f,CBE,Commercial Bank of Ethiopia Mobile,com.combanketh.mobilebanking,5,Nice to see more transactions BUT if u have lots of transaction it lags and becomes slow. May be an option to limit the transaction history to a reasonable amount or by date so it doesnt load all data.,Nice to see more transactions BUT if u have lots of transaction it lags and becomes slow. May be an option to limit the transaction history to a reasonable amount or by date so it doesnt load all data.,2021-12-29T11:56:20,4.3,,,23,google_play,2025-11-30T16:15:08.107712
d3125729-3da0-4331-9052-dfbb2850b136,CBE,Commercial Bank of Ethiopia Mobile,com.combanketh.mobilebanking,5,"I am not exaggerating when I say that this application is one of the biggest players in the banking industry. It has simplified a lot of things for the user, even if the bank is in his pocket. But my opinion is (1), when we transfer money, there is a word limit on the (Note) at the end. Why can't we write our reason briefly? I don't understand why it is limited. On the other hand, there is no limit on the bank. Could you explain this? (2), when we pay for water, why is the code not mentioned","I am not exaggerating when I say that this application is one of the biggest players in the banking industry. It has simplified a lot of things for the user, even if the bank is in his pocket. But my opinion is (1), when we transfer money, there is a word limit on the (Note) at the end. Why can't we write our reason briefly? I don't understand why it is limited. On the other hand, there is no limit on the bank. Could you explain this? (2), when we pay for water, why is the code not mentioned",2025-03-29T04:34:21,5.1.0,,,58,google_play,2025-11-30T16:15:08.107712
3e5aecbb-e47d-47a4-b4c2-bd7321637900,CBE,Commercial Bank of Ethiopia Mobile,com.combanketh.mobilebanking,2,The recent update is not optimized fir latest version of android,The recent update is not optimized fir latest version of android,2025-09-02T15:10:49,5.2.1,,,4,google_play,2025-11-30T16:15:08.107712
00ec9a23-cdc5-4eb1-a074-56db739bee43,CBE,Commercial Bank of Ethiopia Mobile,com.combanketh.mobilebanking,4,It is a great app what i always prefer.but there are some shortcomings like all account wide statements are not seen and the receipt should contain the banks legal stamp after we completw the transactions. Continue.....!,It is a great app what i always prefer.but there are some shortcomings like all account wide statements are not seen and the receipt should contain the banks legal stamp after we completw the transactions. Continue.....!,2023-07-07T11:07:14,4.4.0,,,12,google_play,2025-11-30T16:15:08.107712
2127ac2c-ea02-41f4-82aa-c19dd51a87ee,CBE,Commercial Bank of Ethiopia Mobile,com.combanketh.mobilebanking,4,"""This mobile banking app is fast and user-friendly, but the only issue I encountered is that I can't access my bank statement within the app. I kindly request that this feature be added, similar to what is offered by other private bank mobile banking apps.","""This mobile banking app is fast and user-friendly, but the only issue I encountered is that I can't access my bank statement within the app. I kindly request that this feature be added, similar to what is offered by other private bank mobile banking apps.",2025-04-12T23:37:04,,,,1,google_play,2025-11-30T16:15:08.107712
49d91d55-75ab-456a-8e45-41c1178c4134,CBE,Commercial Bank of Ethiopia Mobile,com.combanketh.mobilebanking,1,It simply isn't working. Example: I can't access my account statement in order to find out how much I sent to Mr X or Y over the last six months or so. Nor is your FAQ section helpful. I suggest that you review the efficacy of your app.,It simply isn't working. Example: I can't access my account statement in order to find out how much I sent to Mr X or Y over the last six months or so. Nor is your FAQ section helpful. I suggest that you review the efficacy of your app.,2024-03-09T21:50:01,5.0.4,,,22,google_play,2025-11-30T16:15:08.107712
3a927026-f73f-47b2-a0f3-d81e491db58c,CBE,Commercial Bank of Ethiopia Mobile,com.combanketh.mobilebanking,1,It used to be the best bank app in Ethiopia. But now using it is a terrible experience. For every transaction it shows an error message. Making a simple payment requires 5 to 6 trials to complete.,It used to be the best bank app in Ethiopia. But now using it is a terrible experience. For every transaction it shows an error message. Making a simple payment requires 5 to 6 trials to complete.,2025-01-31T19:04:32,5.0.9,,,67,google_play,2025-11-30T16:15:08.107712
6adcb01e-03a9-48e0-a7b3-91d585b09b2f,CBE,Commercial Bank of Ethiopia Mobile,com.combanketh.mobilebanking,4,"It's been long time since i stepped on a door of a bank. I send, receive a mony, pay my utilities and do all the finantial stuffs. I loved it!! But I think the security should be more. stronger. Like making the code 6 degits. Thank You!","It's been long time since i stepped on a door of a bank. I send, receive a mony, pay my utilities and do all the finantial stuffs. I loved it!! But I think the security should be more. stronger. Like making the code 6 degits. Thank You!",2024-02-14T14:24:09,5.0.2,,,9,google_play,2025-11-30T16:15:08.107712
350c6e48-00aa-4219-a3da-1f895e0d1160,CBE,Commercial Bank of Ethiopia Mobile,com.combanketh.mobilebanking,1,"I have one complain, why it require verification code every time when i change my phone or reinstalled the app, as you know that code i can get it only from the branch. I know that it demanded for security reason but this method could be changed by otp sms text then i enter my own PIN and log in. couldn't you send us otp (One time password)? For instance like Dashen Bank. i waste my time and money to get verification code. You seriously think about it.","I have one complain, why it require verification code every time when i change my phone or reinstalled the app, as you know that code i can get it only from the branch. I know that it demanded for security reason but this method could be changed by otp sms text then i enter my own PIN and log in. couldn't you send us otp (One time password)? For instance like Dashen Bank. i waste my time and money to get verification code. You seriously think about it.",2023-07-23T08:57:18,4.4.0,,,11,google_play,2025-11-30T16:15:08.107712
aaf40634-d81f-4553-9c8b-71b6ea121d5d,CBE,Commercial Bank of Ethiopia Mobile,com.combanketh.mobilebanking,1,"The worst update seen in the bank industry for mobile banking. If you're unable to make it smooth and reliable at the same time , return it to previous version. It shows that you don't have the best expertise like other banks in the country.","The worst update seen in the bank industry for mobile banking. If you're unable to make it smooth and reliable at the same time , return it to previous version. It shows that you don't have the best expertise like other banks in the country.",2025-01-04T08:29:24,,,,2,google_play,2025-11-30T16:15:08.107712
af30a943-ed3e-46d1-b248-2fb1e95545dc,CBE,Commercial Bank of Ethiopia Mobile,com.combanketh.mobilebanking,5,"I have been using this wonderful app. It is easy to use and user-friendly and perfect user experience app. I just have one suggestion, if you cloud add more info like who(person or company) deposited, and deposit discrimination if any in the recent transaction section of the app. The rest is perfect.","I have been using this wonderful app. It is easy to use and user-friendly and perfect user experience app. I just have one suggestion, if you cloud add more info like who(person or company) deposited, and deposit discrimination if any in the recent transaction section of the app. The rest is perfect.",2023-03-26T15:27:34,4.4.0,,,336,google_play,2025-11-30T16:15:08.107712
03c7dd66-837f-4316-9286-fa5e4f8b6a4c,CBE,Commercial Bank of Ethiopia Mobile,com.combanketh.mobilebanking,3,"After the update I received today, I have tried to conduct transfer to other CBE accounts and it continously brings error messages saying none available. It is also not allowing me to download the transacation picture as is advertised here. Please do something CBE as this app is continuing to frustrate me again and again.","After the update I received today, I have tried to conduct transfer to other CBE accounts and it continously brings error messages saying none available. It is also not allowing me to download the transacation picture as is advertised here. Please do something CBE as this app is continuing to frustrate me again and again.",2021-06-04T19:01:43,4.3,,,25,google_play,2025-11-30T16:15:08.107712
c082de79-c904-4d2b-9623-acd3383c2432,CBE,Commercial Bank of Ethiopia Mobile,com.combanketh.mobilebanking,4,"It's a very nice and simple app but, when checking the transaction details, it's not showing who sent/deposited money into my account. Especially when I receive money from organisations.","It's a very nice and simple app but, when checking the transaction details, it's not showing who sent/deposited money into my account. Especially when I receive money from organisations.",2023-01-12T08:51:14,4.3.2,,,7,google_play,2025-11-30T16:15:08.107712
8a28c8f1-7eda-478f-9f83-f386234bb1be,CBE,Commercial Bank of Ethiopia Mobile,com.combanketh.mobilebanking,4,I have been used this app from the beginning and like it. On the current updated version it states we can share and save the transaction details. However it can't share or save. The only option I am using is Screenshot. So would you please review it?,I have been used this app from the beginning and like it. On the current updated version it states we can share and save the transaction details. However it can't share or save. The only option I am using is Screenshot. So would you please review it?,2021-06-09T18:55:15,,,,6,google_play,2025-11-30T16:15:08.107712
c6632ce0-0cd2-41f7-b63f-697334ccfe72,CBE,Commercial Bank of Ethiopia Mobile,com.combanketh.mobilebanking,1,We're going to stop using not only this apk additional to stop all CBE services. bcz of when to use the apk it doesn't work properly/ doesn't sync /.... + started from last 2 months they're cut 5 birr without our permission for commission. + Cut 10 birr from us when transfer to telebirr... Uuuu CBE'jobs,We're going to stop using not only this apk additional to stop all CBE services. bcz of when to use the apk it doesn't work properly/ doesn't sync /.... + started from last 2 months they're cut 5 birr without our permission for commission. + Cut 10 birr from us when transfer to telebirr... Uuuu CBE'jobs,2024-03-12T10:01:31,5.0.4,,,157,google_play,2025-11-30T16:15:08.107712
63287d43-c842-40cb-bbea-dfcdfa65e41a,CBE,Commercial Bank of Ethiopia Mobile,com.combanketh.mobilebanking,3,"Better than pervious,Nice interface and looking. However , *better to include balance after each withdraw/deposit. *include water services ( You show it in the app but not there) *Make it Printable via bluetooth printer *","Better than pervious,Nice interface and looking. However , *better to include balance after each withdraw/deposit. *include water services ( You show it in the app but not there) *Make it Printable via bluetooth printer *",2020-08-18T16:47:25,4.1,,,12,google_play,2025-11-30T16:15:08.107712
ef00529e-94ab-4df9-a7e0-2bee0d213f49,CBE,Commercial Bank of Ethiopia Mobile,com.combanketh.mobilebanking,1,I can't access it properly I think it needs update,I can't access it properly I think it needs update,2025-11-10T10:55:40,5.2.1,,,0,google_play,2025-11-30T16:15:08.107712
c8be1099-bd82-4f88-a6a4-98516e5a1bee,CBE,Commercial Bank of Ethiopia Mobile,com.combanketh.mobilebanking,1,Shame to see one of the biggest bank in east africa. Have this app 1 .you try to send money.. it will fail on the way you try again and your money have been sent Twice. Then you have to ask the Receiver to send the money back to you. 2. Try to refresh to see your recent transaction and it will show old transaction. Clearly they don't care . You can get your statement easily via telebirr. But cbe you have to go to branch and beg sometimes Bribe the managers to get your own bank statement . Shame,Shame to see one of the biggest bank in east africa. Have this app 1 .you try to send money.. it will fail on the way you try again and your money have been sent Twice. Then you have to ask the Receiver to send the money back to you. 2. Try to refresh to see your recent transaction and it will show old transaction. Clearly they don't care . You can get your statement easily via telebirr. But cbe you have to go to branch and beg sometimes Bribe the managers to get your own bank statement . Shame,2023-11-23T15:41:30,5.0.2,,,34,google_play,2025-11-30T16:15:08.107712
7ab7c81d-e47e-404e-94b1-a8b6cda4bb02,CBE,Commercial Bank of Ethiopia Mobile,com.combanketh.mobilebanking,1,1 star because I have to visit my bank for new installation of the app and reactivation takes about 45 to 60 minutes with there long queue and system failures. Learn from telebire app and give options to customers to apt out of this ridiculous security feature. Second why is there no customization in the settings for displaying which account I want displayed in the first section rather that slide to my main account every time. You are making us pay a monthly subscription. Bare minimum is not it,1 star because I have to visit my bank for new installation of the app and reactivation takes about 45 to 60 minutes with there long queue and system failures. Learn from telebire app and give options to customers to apt out of this ridiculous security feature. Second why is there no customization in the settings for displaying which account I want displayed in the first section rather that slide to my main account every time. You are making us pay a monthly subscription. Bare minimum is not it,2025-02-26T18:11:43,5.0.9,,,12,google_play,2025-11-30T16:15:08.107712
64b185c2-4952-4ac3-8d15-94ac618cd92a,CBE,Commercial Bank of Ethiopia Mobile,com.combanketh.mobilebanking,1,"My internate banking is not allowing me to transfer to another bank. While having this app, the application asks me to contact a nearby nmbranch. Don't save your money trysting this application. It is so bad! It doesn't even have help icon included. I dislike this up.","My internate banking is not allowing me to transfer to another bank. While having this app, the application asks me to contact a nearby nmbranch. Don't save your money trysting this application. It is so bad! It doesn't even have help icon included. I dislike this up.",2022-02-04T12:00:15,4.3,,,19,google_play,2025-11-30T16:15:08.107712
68c21716-6a7b-4317-83f2-266d8f3d591f,CBE,Commercial Bank of Ethiopia Mobile,com.combanketh.mobilebanking,1,Still you roll a same problem with the new updates. When we do mobile transfer after we write short Reason and finish it says Error by writing the amount to transfer and your commission. It do the same thing again and again. Finally the person who receive the money got three times...there is no such thing in other private banks. Only the giant Commercial Bank of Ethiopia have this problem always. Why why why ? Is it difficult for you to get solutions ?,Still you roll a same problem with the new updates. When we do mobile transfer after we write short Reason and finish it says Error by writing the amount to transfer and your commission. It do the same thing again and again. Finally the person who receive the money got three times...there is no such thing in other private banks. Only the giant Commercial Bank of Ethiopia have this problem always. Why why why ? Is it difficult for you to get solutions ?,2024-02-12T10:23:16,5.0.4,,,212,google_play,2025-11-30T16:15:08.107712
959eb580-d639-4db5-bc03-02d8d3b80271,CBE,Commercial Bank of Ethiopia Mobile,com.combanketh.mobilebanking,1,"While Travelling, I couldn't transfer money from my account to another. I had to delete❌ the app and re install and then wait until they give me authorization code.... too complicated.","While Travelling, I couldn't transfer money from my account to another. I had to delete❌ the app and re install and then wait until they give me authorization code.... too complicated.",2022-11-13T06:19:00,4.3.2,,,9,google_play,2025-11-30T16:15:08.107712
b5b679e3-6556-40a7-b0bd-6034f5228a3e,CBE,Commercial Bank of Ethiopia Mobile,com.combanketh.mobilebanking,5,"Still the best mobile banking app out here beautiful ui very functional , i wish u used the nfc capability of most devices and also smt intesrting with the new rolled out atm cards that has nfc chips in them it would be smt very new tap and pay through ur atm card to a device . All in all i love it","Still the best mobile banking app out here beautiful ui very functional , i wish u used the nfc capability of most devices and also smt intesrting with the new rolled out atm cards that has nfc chips in them it would be smt very new tap and pay through ur atm card to a device . All in all i love it",2023-03-17T14:27:49,4.4.0,,,24,google_play,2025-11-30T16:15:08.107712
d57eb3a1-d1cd-4590-9596-59feaab11a04,CBE,Commercial Bank of Ethiopia Mobile,com.combanketh.mobilebanking,1,"The app is broken, I can't see my balance or use any of the services ,when I try to transfer or do any thing else, error message ""none available ""appears. Please fix this problem.","The app is broken, I can't see my balance or use any of the services ,when I try to transfer or do any thing else, error message ""none available ""appears. Please fix this problem.",2024-01-24T20:47:40,5.0.2,,,26,google_play,2025-11-30T16:15:08.107712
e404001e-6c46-4166-964e-157c91fc46d4,CBE,Commercial Bank of Ethiopia Mobile,com.combanketh.mobilebanking,1,"1. Still no biometric sign in option 2. Annoying welcome notification 3. Not able to share payment receipts just from the app 4. Different interface from one mobile device to the other one. 5. In general, the app requires overhaul to cope with other mobile banking services of banks.","1. Still no biometric sign in option 2. Annoying welcome notification 3. Not able to share payment receipts just from the app 4. Different interface from one mobile device to the other one. 5. In general, the app requires overhaul to cope with other mobile banking services of banks.",2024-02-16T20:10:55,5.0.4,,,176,google_play,2025-11-30T16:15:08.107712
fc46fa63-e474-4b5d-b06b-5bf0a7b08c6c,CBE,Commercial Bank of Ethiopia Mobile,com.combanketh.mobilebanking,3,"This is quite good than before, and well updated, specifically reciept after transaction is well organized. But still, the statement is limited. Work on this how to link with our email to control transactions.","This is quite good than before, and well updated, specifically reciept after transaction is well organized. But still, the statement is limited. Work on this how to link with our email to control transactions.",2024-02-19T18:53:54,,,,5,google_play,2025-11-30T16:15:08.107712
41fe66fb-7ddd-43e9-b3d7-a6961a8cd946,CBE,Commercial Bank of Ethiopia Mobile,com.combanketh.mobilebanking,2,Its good but we need an option of choosing a specific period to get a historique of transactions. For example when i want to check my previous transactions i only get few transactions. Thank you.,Its good but we need an option of choosing a specific period to get a historique of transactions. For example when i want to check my previous transactions i only get few transactions. Thank you.,2025-01-30T18:58:54,5.0.9,,,45,google_play,2025-11-30T16:15:08.107712
a6eba9bf-c815-4aa5-a8f3-3bf7279f0619,CBE,Commercial Bank of Ethiopia Mobile,com.combanketh.mobilebanking,4,"It's very good app for transactions, to give you 5star one more thing you need to do is include bank statement showing methods. And one more thing after you take your commission why you take 5birr monthly without my confirmation?","It's very good app for transactions, to give you 5star one more thing you need to do is include bank statement showing methods. And one more thing after you take your commission why you take 5birr monthly without my confirmation?",2024-12-16T11:34:03,5.0.7,,,39,google_play,2025-11-30T16:15:08.107712
2f093798-42f4-40fc-8927-27ac759e0843,CBE,Commercial Bank of Ethiopia Mobile,com.combanketh.mobilebanking,5,"This is the best service, it makes everything easy for you, so why not download this app and if you are satisfied with it, give it five stars, it deserves it. 👍♥️❤️","This is the best service, it makes everything easy for you, so why not download this app and if you are satisfied with it, give it five stars, it deserves it. 👍♥️❤️",2025-07-24T06:58:27,5.1.0,,,10,google_play,2025-11-30T16:15:08.107712
75349e93-40fd-4119-9c54-682273ec34dc,CBE,Commercial Bank of Ethiopia Mobile,com.combanketh.mobilebanking,1,When you refresh your account it's slow and it doesn't tell you the latest update time. This means you don't know whether the figure you see is old or new. This upgrade was actually a downgrade!,When you refresh your account it's slow and it doesn't tell you the latest update time. This means you don't know whether the figure you see is old or new. This upgrade was actually a downgrade!,2020-07-27T15:25:11,4.1,,,13,google_play,2025-11-30T16:15:08.107712
64a863d9-6d94-4cfd-bb96-e6e101a0e153,CBE,Commercial Bank of Ethiopia Mobile,com.combanketh.mobilebanking,1,"Before years later i used this app and is used to work in mobile data eventhough it doesn't have different features like this version but now it doesn't even sync my balance and even can't use any of the services it says "" can't sync "" and "" none available "" 😡🤬😡","Before years later i used this app and is used to work in mobile data eventhough it doesn't have different features like this version but now it doesn't even sync my balance and even can't use any of the services it says "" can't sync "" and "" none available "" 😡🤬😡",2020-12-16T00:57:31,4.2,,,37,google_play,2025-11-30T16:15:08.107712
cda6606e-73e8-4b41-8ace-27c1cb2e9121,CBE,Commercial Bank of Ethiopia Mobile,com.combanketh.mobilebanking,4,"Its a nice app and banking services. I have two questions&/ suggestions, why the beneficiary lists are sometimes not available/ not working? It will better if you allowed to see more than one page transaction statement.","Its a nice app and banking services. I have two questions&/ suggestions, why the beneficiary lists are sometimes not available/ not working? It will better if you allowed to see more than one page transaction statement.",2021-11-06T07:28:38,4.3,,,19,google_play,2025-11-30T16:15:08.107712
b97433ef-bc09-4700-8772-46e9980dad3d,CBE,Commercial Bank of Ethiopia Mobile,com.combanketh.mobilebanking,5,"Its amazing app , i like it specifically updated version is to smart . WOW CBE. But users have to Login without of goingto Bank after first registration . In this app If User was change His phone or uninstall app Hi have to go bank to use again, this is not good :: if this problem was fixed This app wasn't Any - comments. This is my feedback Thanks","Its amazing app , i like it specifically updated version is to smart . WOW CBE. But users have to Login without of goingto Bank after first registration . In this app If User was change His phone or uninstall app Hi have to go bank to use again, this is not good :: if this problem was fixed This app wasn't Any - comments. This is my feedback Thanks",2022-03-18T10:34:46,,,,10,google_play,2025-11-30T16:15:08.107712
0b7c0ba6-d0fc-4b61-9c40-d50ba113907f,CBE,Commercial Bank of Ethiopia Mobile,com.combanketh.mobilebanking,4,Still I have not face critical problems sometimes delay to open,Still I have not face critical problems sometimes delay to open,2025-08-25T23:18:39,5.2.1,,,5,google_play,2025-11-30T16:15:08.107712
5ac4e6e0-9b3c-48ea-88ad-6b56388a9c5e,CBE,Commercial Bank of Ethiopia Mobile,com.combanketh.mobilebanking,3,"I'm actually forced to review this app again, it used to work fine on any network but after the last update it doesn't work on a wifi network, what if i don't have a data on my sim card and i needed an urgent transaction be made, it really makes me angry that you guys would update it to this dictatorship, please fix this","I'm actually forced to review this app again, it used to work fine on any network but after the last update it doesn't work on a wifi network, what if i don't have a data on my sim card and i needed an urgent transaction be made, it really makes me angry that you guys would update it to this dictatorship, please fix this",2023-10-26T10:18:57,5.0.2,,,48,google_play,2025-11-30T16:15:08.107712
7f071ffb-da8d-4cc3-ba4c-134597e595ce,CBE,Commercial Bank of Ethiopia Mobile,com.combanketh.mobilebanking,1,"This application has many problems, 1.This application requires physically going to bank to configure it for the first time. 2.It doesn't not have strong authentication policies 3. Unlike other bank applications it does not support username, password and email/phone number authentication 4. Sometimes it does not work","This application has many problems, 1.This application requires physically going to bank to configure it for the first time. 2.It doesn't not have strong authentication policies 3. Unlike other bank applications it does not support username, password and email/phone number authentication 4. Sometimes it does not work",2020-08-19T13:54:46,4.1,,,50,google_play,2025-11-30T16:15:08.107712
97b04fa2-fb61-47b1-ba02-d97afe0a65a2,CBE,Commercial Bank of Ethiopia Mobile,com.combanketh.mobilebanking,2,"""get your verification code from your nearest branch"" ia the first amazing dialogue your face, when you try to setup your CBE App. It is a way back system that requires you to go physically. You should have sent a verification codes either via phone number or email address. You better change this analogue system to the digital one! 😀","""get your verification code from your nearest branch"" ia the first amazing dialogue your face, when you try to setup your CBE App. It is a way back system that requires you to go physically. You should have sent a verification codes either via phone number or email address. You better change this analogue system to the digital one! 😀",2024-07-13T19:48:26,5.0.4,,,21,google_play,2025-11-30T16:15:08.107712
9dc1fe13-3a91-4f62-9a74-01887d1b53f3,CBE,Commercial Bank of Ethiopia Mobile,com.combanketh.mobilebanking,4,"Recent update is very good. User interface has been redesigned and it's really awesome. Only downside is that you can't see all of recent transactions, it is limited to some and there is no way to see older transactions. Apart from that CBE has done a good job in revitalizing the old app.","Recent update is very good. User interface has been redesigned and it's really awesome. Only downside is that you can't see all of recent transactions, it is limited to some and there is no way to see older transactions. Apart from that CBE has done a good job in revitalizing the old app.",2020-06-29T16:40:52,,,,40,google_play,2025-11-30T16:15:08.107712
5a6a775f-c55f-45c1-a4fc-3b85d078f000,CBE,Commercial Bank of Ethiopia Mobile,com.combanketh.mobilebanking,5,"I’ve noticed two key issues with your app: 1. Username Visibility: The app doesn’t display the username, making verification difficult. Please add this feature. 2. Transaction History: Transaction history gets deleted if the app is reinstalled. This data should remain accessible unless manually deleted by the user. A ""Load More"" option for older transactions would also be helpful. These issues have caused inconvenience. Fixing them would greatly improve the user experience. Thank you.","I’ve noticed two key issues with your app: 1. Username Visibility: The app doesn’t display the username, making verification difficult. Please add this feature. 2. Transaction History: Transaction history gets deleted if the app is reinstalled. This data should remain accessible unless manually deleted by the user. A ""Load More"" option for older transactions would also be helpful. These issues have caused inconvenience. Fixing them would greatly improve the user experience. Thank you.",2024-12-01T10:51:25,5.0.4,,,349,google_play,2025-11-30T16:15:08.107712
e340dbfe-53d3-4e05-ba8a-61fb56e150c0,CBE,Commercial Bank of Ethiopia Mobile,com.combanketh.mobilebanking,3,"Trasaction Reports are not full, the list only shows the last 10 transactions, I need to see every transaction I made , and make a contact us page on your app too, other than that it's a good app","Trasaction Reports are not full, the list only shows the last 10 transactions, I need to see every transaction I made , and make a contact us page on your app too, other than that it's a good app",2024-02-14T13:52:18,5.0.4,,,893,google_play,2025-11-30T16:15:08.107712
fc2d5345-5ee3-4d50-87b4-38986d32021b,CBE,Commercial Bank of Ethiopia Mobile,com.combanketh.mobilebanking,1,"You have to go to the bank branch to activate the app where there is the worst customer service, after the activation the app lags so much that i had to uninstall it to restart it again. Know it asks to go to the bank again to activate it.","You have to go to the bank branch to activate the app where there is the worst customer service, after the activation the app lags so much that i had to uninstall it to restart it again. Know it asks to go to the bank again to activate it.",2022-05-01T10:06:06,,,,4,google_play,2025-11-30T16:15:08.107712
dfc6791e-2bb3-4cf6-b6eb-ac87cbd683ea,CBE,Commercial Bank of Ethiopia Mobile,com.combanketh.mobilebanking,1,Very poor app. I had to make 8 transfers of the same amount as the app did confirm success of the first or second or third etc. transfers. I had to pay etb 13 birr 8 times each for service charge.,Very poor app. I had to make 8 transfers of the same amount as the app did confirm success of the first or second or third etc. transfers. I had to pay etb 13 birr 8 times each for service charge.,2024-02-02T15:33:57,5.0.2,,,55,google_play,2025-11-30T16:15:08.107712
c40fac8c-ea8c-44d3-afd9-c34b09596740,CBE,Commercial Bank of Ethiopia Mobile,com.combanketh.mobilebanking,2,Not working all of a sudden. I do not even know who to call to fix the bug. Disappointed as usual. I believe I need to visit the Branch to get the app fixed. Come on guys! It is not a car we are in 2022 for God sake. .,Not working all of a sudden. I do not even know who to call to fix the bug. Disappointed as usual. I believe I need to visit the Branch to get the app fixed. Come on guys! It is not a car we are in 2022 for God sake. .,2022-01-13T03:15:09,4.3,,,27,google_play,2025-11-30T16:15:08.107712
d2d11ed1-321f-4969-855c-8268f4739eba,CBE,Commercial Bank of Ethiopia Mobile,com.combanketh.mobilebanking,5,Really it's very good solution to peoples and i am using this application everyday as well as it's important to my business in the activities. More of the application is used for my firemds and my parents as usual as significant. My objectives were so vast i wish the app Will functional every in my life activities and more of saving my time amd easy to use every were. Whenever i was going to working my day today activities if i wants to transfer the money from my own account to others is good..,Really it's very good solution to peoples and i am using this application everyday as well as it's important to my business in the activities. More of the application is used for my firemds and my parents as usual as significant. My objectives were so vast i wish the app Will functional every in my life activities and more of saving my time amd easy to use every were. Whenever i was going to working my day today activities if i wants to transfer the money from my own account to others is good..,2023-03-22T17:51:41,4.4.0,,,7,google_play,2025-11-30T16:15:08.107712
fa428f3d-0edb-4e45-950f-066395b056ad,CBE,Commercial Bank of Ethiopia Mobile,com.combanketh.mobilebanking,5,"grate application, simple and fast. just 2 comments. 1, on recently transaction list please make the very recent first. it lists randomly. 2, put a copy icon next to account number so that we can copy instantly.","grate application, simple and fast. just 2 comments. 1, on recently transaction list please make the very recent first. it lists randomly. 2, put a copy icon next to account number so that we can copy instantly.",2023-10-14T04:33:35,5.0.2,,,644,google_play,2025-11-30T16:15:08.107712
e3cd3a03-fc60-4110-b940-b6aace4aa6aa,CBE,Commercial Bank of Ethiopia Mobile,com.combanketh.mobilebanking,1,"Bad App and Bad institution It Can not show a transaction list Correctly It shows a very Messed up Transaction position Before Leaving the Country i beg them Please, I am going to leave the country, please make internet banking active for me, but they told me that the application will work anywhere, And Now it did not work after I left the country, it made me unable to move my money.","Bad App and Bad institution It Can not show a transaction list Correctly It shows a very Messed up Transaction position Before Leaving the Country i beg them Please, I am going to leave the country, please make internet banking active for me, but they told me that the application will work anywhere, And Now it did not work after I left the country, it made me unable to move my money.",2024-04-23T15:28:23,5.0.4,,,12,google_play,2025-11-30T16:15:08.107712
f164f912-599f-4985-8087-caad615499fa,CBE,Commercial Bank of Ethiopia Mobile,com.combanketh.mobilebanking,5,"essy to use ,has great interface and user-friendly g","essy to use ,has great interface and user-friendly g",2025-08-29T16:03:47,5.2.1,,,8,google_play,2025-11-30T16:15:08.107712
f13cb958-5d86-4ce0-97be-2a54c0b6e7c3,CBE,Commercial Bank of Ethiopia Mobile,com.combanketh.mobilebanking,1,"Isn't there an IT professional in Ethiopia who can solve the problem of downloading the app? it's been 3 days since I've been trying to download the app. You're losing business, big time. I am so disappointed I don't even have words to express how frustrated I am. Please fix it.","Isn't there an IT professional in Ethiopia who can solve the problem of downloading the app? it's been 3 days since I've been trying to download the app. You're losing business, big time. I am so disappointed I don't even have words to express how frustrated I am. Please fix it.",2022-01-01T22:59:08,,,,5,google_play,2025-11-30T16:15:08.107712
f528479d-489d-4a88-bc09-4da54566f84e,CBE,Commercial Bank of Ethiopia Mobile,com.combanketh.mobilebanking,1,"Why it cannot generate key for customers by itself? The main reason the bank suggested this application is to reduce crowded customers from cbe bank branches. The hell your IT department is doing? Why they cannot improve this problem? I don't want to go to Branch bank, they don't know nothing about this application. They're so dumbest person I ever seen. Please try make it simple and very useful application. Don't paint bad color on the legacy of this bank.","Why it cannot generate key for customers by itself? The main reason the bank suggested this application is to reduce crowded customers from cbe bank branches. The hell your IT department is doing? Why they cannot improve this problem? I don't want to go to Branch bank, they don't know nothing about this application. They're so dumbest person I ever seen. Please try make it simple and very useful application. Don't paint bad color on the legacy of this bank.",2023-12-08T12:58:19,5.0.2,,,6,google_play,2025-11-30T16:15:08.107712
d8177ba2-0c1b-4dfa-866d-e4d31e0fc711,CBE,Commercial Bank of Ethiopia Mobile,com.combanketh.mobilebanking,3,"I like the app because it is fast for transaction. But still you have to work on it like user full name, bank statement pdf pin at the end of the app. You have to add that features on it. Thank you.","I like the app because it is fast for transaction. But still you have to work on it like user full name, bank statement pdf pin at the end of the app. You have to add that features on it. Thank you.",2023-08-06T11:08:20,4.4.0,,,8,google_play,2025-11-30T16:15:08.107712
2a638d32-fa24-4520-b802-61a3e1f3f600,CBE,Commercial Bank of Ethiopia Mobile,com.combanketh.mobilebanking,4,"This app is good and easy to use UI. But, still need some bug fix such as own account transfer and payment to beneficiaries didn't work. Localization also not yet work like date conversion...","This app is good and easy to use UI. But, still need some bug fix such as own account transfer and payment to beneficiaries didn't work. Localization also not yet work like date conversion...",2020-11-10T12:55:38,4.2,,,9,google_play,2025-11-30T16:15:08.107712
88ada793-bd87-4052-8eca-dd512919ebbc,CBE,Commercial Bank of Ethiopia Mobile,com.combanketh.mobilebanking,1,It doesn't work anymore. It says it synced successfully but doesn't show any thing. It doesn't sync at all,It doesn't work anymore. It says it synced successfully but doesn't show any thing. It doesn't sync at all,2021-01-03T18:58:49,4.2,,,5,google_play,2025-11-30T16:15:08.107712
ee38a8d8-bb00-4308-a166-3f70197bb782,CBE,Commercial Bank of Ethiopia Mobile,com.combanketh.mobilebanking,4,"Good but needs improvement. It should retain my settings. For example, I turned off the cbe- Noor option, but everytime I open the app, it defaults back to the previous setting.","Good but needs improvement. It should retain my settings. For example, I turned off the cbe- Noor option, but everytime I open the app, it defaults back to the previous setting.",2023-05-06T13:18:29,,,,8,google_play,2025-11-30T16:15:08.107712
c46a07c1-f9a3-4af2-b6a5-85628e0146cd,CBE,Commercial Bank of Ethiopia Mobile,com.combanketh.mobilebanking,5,A great update in the Mobile Banking Application. Thanks for the System and customization department,A great update in the Mobile Banking Application. Thanks for the System and customization department,2025-08-26T11:02:10,5.2.1,,,9,google_play,2025-11-30T16:15:08.107712
8c45f96d-a981-41c9-bf40-24521ee112d2,CBE,Commercial Bank of Ethiopia Mobile,com.combanketh.mobilebanking,1,"Very disappointing, it doesnt order transaction correctly, it randomly switches the orders everytime you refresh it, it sometimes shows wrong dates. Very unorganized.","Very disappointing, it doesnt order transaction correctly, it randomly switches the orders everytime you refresh it, it sometimes shows wrong dates. Very unorganized.",2022-05-23T16:57:13,,,,5,google_play,2025-11-30T16:15:08.107712
6a662c60-c425-4705-baa1-40b99d3d4fc9,CBE,Commercial Bank of Ethiopia Mobile,com.combanketh.mobilebanking,1,Why the 3.7MB update takes forever to install? At first I thought it was my data conn issue but was not. I have been enjoying the later version until I unable to use due to update installation issue.,Why the 3.7MB update takes forever to install? At first I thought it was my data conn issue but was not. I have been enjoying the later version until I unable to use due to update installation issue.,2020-09-13T23:03:12,4.1,,,4,google_play,2025-11-30T16:15:08.107712
f55b2778-cc7b-44e5-a903-c9e4d9a92b42,CBE,Commercial Bank of Ethiopia Mobile,com.combanketh.mobilebanking,3,"The latest update is creating a lot of problems. For instance, I had to reopen the app like 10 times to fix the ""NetWork error"" issue.","The latest update is creating a lot of problems. For instance, I had to reopen the app like 10 times to fix the ""NetWork error"" issue.",2024-02-13T10:29:19,5.0.4,,,861,google_play,2025-11-30T16:15:08.107712
7662b86b-0261-48c9-b50f-c5e91af8e5e3,CBE,Commercial Bank of Ethiopia Mobile,com.combanketh.mobilebanking,1,"It worked fine until I have received an SMS with a link to update the app, it directs me to play store having Open and uninstall options which when I choose open kept bringing me back to the interface of the app I already have.","It worked fine until I have received an SMS with a link to update the app, it directs me to play store having Open and uninstall options which when I choose open kept bringing me back to the interface of the app I already have.",2022-02-12T14:48:53,4.3,,,9,google_play,2025-11-30T16:15:08.107712
8ff50357-495a-4f3f-bd08-1e7059db34df,CBE,Commercial Bank of Ethiopia Mobile,com.combanketh.mobilebanking,4,"It is developed in a simple way, but what if you add a notebook, like to save some info or other bank account number","It is developed in a simple way, but what if you add a notebook, like to save some info or other bank account number",2025-07-04T08:08:29,5.1.0,,,2,google_play,2025-11-30T16:15:08.107712
5ec2e73e-f27b-4b42-b96e-715fa3499cb8,CBE,Commercial Bank of Ethiopia Mobile,com.combanketh.mobilebanking,4,The app Is very good but the amharic language option doesn't work properly like you select amharic option and go to transfer sub option it automaticaly changes to engilsh .so it's good if you work on it.thanks!!!,The app Is very good but the amharic language option doesn't work properly like you select amharic option and go to transfer sub option it automaticaly changes to engilsh .so it's good if you work on it.thanks!!!,2023-10-23T13:23:56,5.0.2,,,22,google_play,2025-11-30T16:15:08.107712
baec1733-3cce-4c00-8c5f-9a13784752c6,CBE,Commercial Bank of Ethiopia Mobile,com.combanketh.mobilebanking,5,I love this app. Some improvement I wish to be made is that a menu that helps to Bach delete beneficiaries (delete two or more beneficiaries at once instead of individually). Thank you!,I love this app. Some improvement I wish to be made is that a menu that helps to Bach delete beneficiaries (delete two or more beneficiaries at once instead of individually). Thank you!,2021-01-02T09:39:27,4.2,,,15,google_play,2025-11-30T16:15:08.107712
ac0a9db1-e22d-4b36-9762-f0964ee05f97,CBE,Commercial Bank of Ethiopia Mobile,com.combanketh.mobilebanking,4,"It's a fast and responsive app. But for those of us who want detailed transaction info, and statement going back a long time, it's lacking.","It's a fast and responsive app. But for those of us who want detailed transaction info, and statement going back a long time, it's lacking.",2023-09-30T10:49:53,5.0.2,,,162,google_play,2025-11-30T16:15:08.107712
f2dc8749-0618-4233-8488-f8b24b9e1a2a,CBE,Commercial Bank of Ethiopia Mobile,com.combanketh.mobilebanking,1,It is a very weak app it does not even show transaction history. If there are 3 transactions in a day it shows two and does not show the rest.,It is a very weak app it does not even show transaction history. If there are 3 transactions in a day it shows two and does not show the rest.,2024-05-09T22:37:10,,,,5,google_play,2025-11-30T16:15:08.107712
d76ff66a-17e3-4d04-bd55-d61418fdac16,CBE,Commercial Bank of Ethiopia Mobile,com.combanketh.mobilebanking,3,It's a quiet good and smoothly accessible app which allows users to transfer and deposit but it would have been very great if there was a chance for topping up or Adding balance to your account.,It's a quiet good and smoothly accessible app which allows users to transfer and deposit but it would have been very great if there was a chance for topping up or Adding balance to your account.,2024-02-16T05:47:49,5.0.4,,,743,google_play,2025-11-30T16:15:08.107712
0ba36563-4038-48e7-a726-04d6c78093a4,CBE,Commercial Bank of Ethiopia Mobile,com.combanketh.mobilebanking,1,Disappointing! I lost my phone so I went to a CBE branch to reactivate it (unnecessary imo) waited for 2 hours to receive the verification key for it to be useless and invalid.,Disappointing! I lost my phone so I went to a CBE branch to reactivate it (unnecessary imo) waited for 2 hours to receive the verification key for it to be useless and invalid.,2022-02-10T14:32:48,4.3,,,8,google_play,2025-11-30T16:15:08.107712
02a8488a-1993-4582-a072-3364f04647f6,CBE,Commercial Bank of Ethiopia Mobile,com.combanketh.mobilebanking,2,the app is recently crushing each time you open and try to make transfers...it used to be good. take lessons from the Dashen Super app or ethiotelecom. it is not befitting of your experience and glory. inv3st in making it more friendly and convenient. I am considering leaving CBE for good.,the app is recently crushing each time you open and try to make transfers...it used to be good. take lessons from the Dashen Super app or ethiotelecom. it is not befitting of your experience and glory. inv3st in making it more friendly and convenient. I am considering leaving CBE for good.,2025-05-06T12:33:07,,,,1,google_play,2025-11-30T16:15:08.107712
0be4f493-ab4b-481f-90f7-a4b433a7a5c4,CBE,Commercial Bank of Ethiopia Mobile,com.combanketh.mobilebanking,4,"Easy to use, it has got everything you need. The only problem I encountered is it doesn't show all your transactions in history, It just hides some without any reason.","Easy to use, it has got everything you need. The only problem I encountered is it doesn't show all your transactions in history, It just hides some without any reason.",2021-01-01T07:36:37,,,,5,google_play,2025-11-30T16:15:08.107712
080004c3-262f-4fe4-b83c-c2419c5c70dc,CBE,Commercial Bank of Ethiopia Mobile,com.combanketh.mobilebanking,3,"The update made on the app. each time is good .but the recently added ""standing instruction ""menu doesnt contain a reverse/deletion mechanism if one wants to stop it.","The update made on the app. each time is good .but the recently added ""standing instruction ""menu doesnt contain a reverse/deletion mechanism if one wants to stop it.",2023-12-27T10:38:55,5.0.2,,,17,google_play,2025-11-30T16:15:08.107712
2eb041b7-96a2-44d4-934f-8a51a577b37a,CBE,Commercial Bank of Ethiopia Mobile,com.combanketh.mobilebanking,4,"It is a user friendly and helpful app. It has greatly helped my day to day activities. However, it requires improvement on the weekly transaction limitations and it sometimes crashes.","It is a user friendly and helpful app. It has greatly helped my day to day activities. However, it requires improvement on the weekly transaction limitations and it sometimes crashes.",2023-05-02T10:49:23,4.4.0,,,124,google_play,2025-11-30T16:15:08.107712
aa4c4185-7a3c-439f-b20f-a4ef5cdfecdd,CBE,Commercial Bank of Ethiopia Mobile,com.combanketh.mobilebanking,3,"It's very good app and It's best than any banks app. but the only problem I got is the financial status display is limited, it's shows very few transactions","It's very good app and It's best than any banks app. but the only problem I got is the financial status display is limited, it's shows very few transactions",2024-02-12T18:57:55,5.0.4,,,209,google_play,2025-11-30T16:15:08.107712
e2ddd26d-a78a-4d14-833c-61bd0aebe644,CBE,Commercial Bank of Ethiopia Mobile,com.combanketh.mobilebanking,4,"Nice app but mostly the txn sorting is not correct, earlier txns come on top but latest ones at below so its better if it has a time stamp besides the date or do something for better txn sorting.","Nice app but mostly the txn sorting is not correct, earlier txns come on top but latest ones at below so its better if it has a time stamp besides the date or do something for better txn sorting.",2021-06-04T22:11:25,4.3,,,11,google_play,2025-11-30T16:15:08.107712
9f85039b-06f2-4b78-8a70-14576cc580e5,CBE,Commercial Bank of Ethiopia Mobile,com.combanketh.mobilebanking,4,"Its so flexible, easy and fast. More perfect if adding another acc. is possible Or interchangeabily within different account for those who use multiple acc.","Its so flexible, easy and fast. More perfect if adding another acc. is possible Or interchangeabily within different account for those who use multiple acc.",2023-11-16T15:35:57,5.0.2,,,31,google_play,2025-11-30T16:15:08.107712
c8877d09-c176-4d02-b4c2-bcf052832c93,CBE,Commercial Bank of Ethiopia Mobile,com.combanketh.mobilebanking,3,"The app is helpfull. But it has issues on weekends, sunday. It not syncing updates and complete transaction.","The app is helpfull. But it has issues on weekends, sunday. It not syncing updates and complete transaction.",2023-10-29T07:14:30,5.0.2,,,25,google_play,2025-11-30T16:15:08.107712
374817ec-0c03-4186-a8b2-16656e5ec6a8,CBE,Commercial Bank of Ethiopia Mobile,com.combanketh.mobilebanking,1,"Unable to use the app for around a month! (It cames with an error message ""None available"" everytime I try to transfer). What a Worst app!!!","Unable to use the app for around a month! (It cames with an error message ""None available"" everytime I try to transfer). What a Worst app!!!",2024-05-01T21:54:35,5.0.4,,,11,google_play,2025-11-30T16:15:08.107712
9c8c855a-7fd4-4bbf-9d04-337d935f2e23,CBE,Commercial Bank of Ethiopia Mobile,com.combanketh.mobilebanking,3,"it is good app . but i had some essue's lately, they app don't show Transaction history properly in order of date of withdrawal . You should fix that in the next Update.","it is good app . but i had some essue's lately, they app don't show Transaction history properly in order of date of withdrawal . You should fix that in the next Update.",2024-09-14T21:43:16,5.0.4,,,5,google_play,2025-11-30T16:15:08.107712
344d43ca-c8e2-4a4b-8e1e-dae1b1fdbc20,CBE,Commercial Bank of Ethiopia Mobile,com.combanketh.mobilebanking,1,My experience with this app is very bad. I just downloaded and installed this app and I stuck with the verification code. The app requested me to input the code without sending it. 😢,My experience with this app is very bad. I just downloaded and installed this app and I stuck with the verification code. The app requested me to input the code without sending it. 😢,2020-10-19T09:41:37,,"Dear Solomon,

Once you download the application, you can get Verfication key and PIN from  any CBE Branch.",2020-10-28T18:19:18,8,google_play,2025-11-30T16:15:08.107712
16a77cdf-6d13-43fe-8ce4-8828dac84c5b,CBE,Commercial Bank of Ethiopia Mobile,com.combanketh.mobilebanking,4,Easy to use I found it intuitive to use the app. It would be nice if it includes finger print to access the account.,Easy to use I found it intuitive to use the app. It would be nice if it includes finger print to access the account.,2021-04-10T14:04:31,4.2,,,4,google_play,2025-11-30T16:15:08.107712
495031eb-0d44-4081-8f7f-6f70e0bba7ee,CBE,Commercial Bank of Ethiopia Mobile,com.combanketh.mobilebanking,5,I'm living in China. Previously it was working even around the beginning of the new updated relased. Currently I can log in but it is not working after that. Is the new version is working out of Ethiopia or not?,I'm living in China. Previously it was working even around the beginning of the new updated relased. Currently I can log in but it is not working after that. Is the new version is working out of Ethiopia or not?,2020-08-14T12:25:49,4.1,,,7,google_play,2025-11-30T16:15:08.107712
ef1c27d9-deb2-4a1c-8248-bb4cfdbdfd99,CBE,Commercial Bank of Ethiopia Mobile,com.combanketh.mobilebanking,3,Better from previous version but doesn't support to use more than 1 account with one phone no. And also once reinstalling the app. Need authentication and confirmation no from branch. I wish you can make it soon,Better from previous version but doesn't support to use more than 1 account with one phone no. And also once reinstalling the app. Need authentication and confirmation no from branch. I wish you can make it soon,2020-08-24T19:09:00,,,,6,google_play,2025-11-30T16:15:08.107712
308dcbb0-6649-4033-bc04-f4d9d43f3520,CBE,Commercial Bank of Ethiopia Mobile,com.combanketh.mobilebanking,4,This app is helpfull but the only problem i am facing is I lost all my previous transaction and list of contacts(acc numbers those were saved in the app) when i updated the latest one. And how can i restor it pls,This app is helpfull but the only problem i am facing is I lost all my previous transaction and list of contacts(acc numbers those were saved in the app) when i updated the latest one. And how can i restor it pls,2024-02-23T10:08:27,,,,4,google_play,2025-11-30T16:15:08.107712
6e0abb61-6809-440e-b9b2-8ca0f2a18da7,CBE,Commercial Bank of Ethiopia Mobile,com.combanketh.mobilebanking,5,Its nice app more easy to use it. It shown only Recent history transaction. Please all transaction history.To summarize my transaction with reason. And add traffic penality button. Generally its nice app,Its nice app more easy to use it. It shown only Recent history transaction. Please all transaction history.To summarize my transaction with reason. And add traffic penality button. Generally its nice app,2021-11-13T13:18:43,4.3,,,17,google_play,2025-11-30T16:15:08.107712
0d1201bc-a6b4-458e-91c7-616ec9cf7a79,CBE,Commercial Bank of Ethiopia Mobile,com.combanketh.mobilebanking,1,It was ok but resently it has become unuseable to say the list. It does not sincronise and I have not been able to make use of it.,It was ok but resently it has become unuseable to say the list. It does not sincronise and I have not been able to make use of it.,2024-06-10T16:30:00,,,,2,google_play,2025-11-30T16:15:08.107712
400d44c7-d5fc-4d72-9c64-eac88733e9c2,CBE,Commercial Bank of Ethiopia Mobile,com.combanketh.mobilebanking,1,"Please improve your system of registration. Even after you took actvation code from branch the process is too difficult to register. Why not response?? 1.Is that adding sufaricom airtime was good improvement. You may did thàt for your bussiness. Coz safari have their own apps to sell airtime. If you want to improve, Màke It to connect with account whith out need of going branch. 2. Even make it digital Mobile banking, mean paper less banking(Authorize customer to get account number at his home","Please improve your system of registration. Even after you took actvation code from branch the process is too difficult to register. Why not response?? 1.Is that adding sufaricom airtime was good improvement. You may did thàt for your bussiness. Coz safari have their own apps to sell airtime. If you want to improve, Màke It to connect with account whith out need of going branch. 2. Even make it digital Mobile banking, mean paper less banking(Authorize customer to get account number at his home",2023-04-08T05:26:29,,,,5,google_play,2025-11-30T16:15:08.107712
7395b05a-c33e-47ea-9128-f687201f49de,CBE,Commercial Bank of Ethiopia Mobile,com.combanketh.mobilebanking,1,"Always eventough I have enough balance I cant make bill payment saying insuffcient balance. I always have to ask other for adding me more extra money. If it is your marketing stategy to make people deposite more, thats not a strategy....its theft ለዛውም የማይረባ ብር ለመለቃቀም ብላችሁ","Always eventough I have enough balance I cant make bill payment saying insuffcient balance. I always have to ask other for adding me more extra money. If it is your marketing stategy to make people deposite more, thats not a strategy....its theft ለዛውም የማይረባ ብር ለመለቃቀም ብላችሁ",2024-01-11T14:00:28,5.0.2,,,13,google_play,2025-11-30T16:15:08.107712
91323cb3-0dc5-49e1-a417-ccbc2e0aff18,CBE,Commercial Bank of Ethiopia Mobile,com.combanketh.mobilebanking,1,"I am a business man i use this app long time, but it is very poor there is no filter to search the transactions of one Acc. If want to now how many times i send or receive.","I am a business man i use this app long time, but it is very poor there is no filter to search the transactions of one Acc. If want to now how many times i send or receive.",2024-05-19T04:57:05,5.0.4,,,7,google_play,2025-11-30T16:15:08.107712
92214dfb-c8d4-41c4-b71c-5c599c5ed20c,CBE,Commercial Bank of Ethiopia Mobile,com.combanketh.mobilebanking,4,"Very nice app, it makes my financial work so easy but i have one problem, that is the app RELAUNCHES itself after I closed it. if you guys could get rid of this it would be a lot better. Thanks!","Very nice app, it makes my financial work so easy but i have one problem, that is the app RELAUNCHES itself after I closed it. if you guys could get rid of this it would be a lot better. Thanks!",2021-11-05T21:03:36,,,,4,google_play,2025-11-30T16:15:08.107712
e5c5465e-84c5-4e51-bf40-28bd4d568561,CBE,Commercial Bank of Ethiopia Mobile,com.combanketh.mobilebanking,4,"I have been using this app. for long period of time but after my phone's motherboard was damaged and replaced it with a new one. it says ""your device is rooted"" whenever I have installed the app. again want to use it again as before. what shall I do?","I have been using this app. for long period of time but after my phone's motherboard was damaged and replaced it with a new one. it says ""your device is rooted"" whenever I have installed the app. again want to use it again as before. what shall I do?",2023-05-23T12:39:27,4.4.0,,,9,google_play,2025-11-30T16:15:08.107712
049576cf-6d13-49c7-89c6-4bacdb609c53,CBE,Commercial Bank of Ethiopia Mobile,com.combanketh.mobilebanking,1,"Before the new version, the app was fast and merits 4 ⭐. However, following the upgrade, the app is slow and takes time to reload. Apps are useless without speed, so make them work.","Before the new version, the app was fast and merits 4 ⭐. However, following the upgrade, the app is slow and takes time to reload. Apps are useless without speed, so make them work.",2024-12-19T07:35:54,5.0.7,,,553,google_play,2025-11-30T16:15:08.107712
cbf0ec60-96ac-4ca5-9436-e174c3507ad2,CBE,Commercial Bank of Ethiopia Mobile,com.combanketh.mobilebanking,1,"after updating the app it never works. Let alone giving a star if there was a negative star, i would have given you negative start. how could a biggest bank in a country doesn't have good app. ለማንኛውም ግን ማፈሪያ ባንክ ነው !!","after updating the app it never works. Let alone giving a star if there was a negative star, i would have given you negative start. how could a biggest bank in a country doesn't have good app. ለማንኛውም ግን ማፈሪያ ባንክ ነው !!",2019-03-26T18:37:08,2.0,,,4,google_play,2025-11-30T16:15:08.107712
d4477f8c-1c55-4e8a-9ea3-717f381518b5,CBE,Commercial Bank of Ethiopia Mobile,com.combanketh.mobilebanking,2,The application for transaction any where and time important however on process transaction intruption after some minut deducted the amount so happened double payment . So please improved ! To transact reliable show correctly on time of transaction.,The application for transaction any where and time important however on process transaction intruption after some minut deducted the amount so happened double payment . So please improved ! To transact reliable show correctly on time of transaction.,2023-07-29T06:25:17,4.4.0,,,6,google_play,2025-11-30T16:15:08.107712
52c230e0-a6ef-4c79-b92c-f5b6cef065cd,CBE,Commercial Bank of Ethiopia Mobile,com.combanketh.mobilebanking,2,There is a glitch regarding the transaction history. Recent transaction history are browsed almost after a day. Which makes it very inconvenient for the users.,There is a glitch regarding the transaction history. Recent transaction history are browsed almost after a day. Which makes it very inconvenient for the users.,2024-06-16T12:29:37,5.0.4,,,9,google_play,2025-11-30T16:15:08.107712
098198b0-359c-4237-9b1a-a71d32d1b8ba,CBE,Commercial Bank of Ethiopia Mobile,com.combanketh.mobilebanking,1,"The previous version was working fine but after update it said that my device was rooted, even though it wasn't, and it didn't work. I had to reinstall the previous one.","The previous version was working fine but after update it said that my device was rooted, even though it wasn't, and it didn't work. I had to reinstall the previous one.",2020-07-24T18:38:24,1.0,"Dear Amanuel, For security reasons the app doesn't work on rooted devices.",2020-07-24T13:03:26,7,google_play,2025-11-30T16:15:08.107712
66b0aeaa-fb70-432c-95ee-fa52d4b413d7,CBE,Commercial Bank of Ethiopia Mobile,com.combanketh.mobilebanking,1,"Just updated to version 4.3 but it failed to sync after that. Please do something, I couldn't use it since it is popping ""can't sync"".","Just updated to version 4.3 but it failed to sync after that. Please do something, I couldn't use it since it is popping ""can't sync"".",2021-06-07T06:59:12,4.3,"Dear Mebratu, Thank you for the feedback.",2020-06-29T20:18:07,14,google_play,2025-11-30T16:15:08.107712
09de4192-583d-4f15-8018-671523fc2f81,CBE,Commercial Bank of Ethiopia Mobile,com.combanketh.mobilebanking,3,"Nice app. But i know woman who got robbed her phone and they tranfered all money that she got because they got her password from her phone. Please do not save the password localy in the phone. Make a post request to validate the password or use oauth methods. That is much safer you can look at apps like paypal,payooneer ...","Nice app. But i know woman who got robbed her phone and they tranfered all money that she got because they got her password from her phone. Please do not save the password localy in the phone. Make a post request to validate the password or use oauth methods. That is much safer you can look at apps like paypal,payooneer ...",2024-03-26T10:24:02,5.0.4,,,14,google_play,2025-11-30T16:15:08.107712
e351b374-6927-40ec-8c22-2832eb524ccc,CBE,Commercial Bank of Ethiopia Mobile,com.combanketh.mobilebanking,1,"Very disappointed! It asks for verification code but no way to get it. The verification code should be sent to our mail or phone number. It doesn't give you any clue to get the code. I go to CBE branch & requested them if I can get the code, but they don't even know how to get it.","Very disappointed! It asks for verification code but no way to get it. The verification code should be sent to our mail or phone number. It doesn't give you any clue to get the code. I go to CBE branch & requested them if I can get the code, but they don't even know how to get it.",2021-04-15T21:01:43,4.2,,,119,google_play,2025-11-30T16:15:08.107712
2c3ab83e-8d37-4bb0-92e8-bfb4368be387,CBE,Commercial Bank of Ethiopia Mobile,com.combanketh.mobilebanking,1,App's literally broken after the last update. The new interface was great but unusable. I sent E-mail to to Dev. team but no response or acknowledgment of the issue so far. Please resolve it ASAP.,App's literally broken after the last update. The new interface was great but unusable. I sent E-mail to to Dev. team but no response or acknowledgment of the issue so far. Please resolve it ASAP.,2021-08-03T15:51:44,4.3,,,39,google_play,2025-11-30T16:15:08.107712
f737b140-2f6c-46ea-a315-de4c6a38fcd0,CBE,Commercial Bank of Ethiopia Mobile,com.combanketh.mobilebanking,1,"Why force-disable Developer Options in the latest update? I get that it's a security precaution, but it's overkill. Plenty of other financial apps do not require it and it's sometimes necessary for debugging/experimental reasons","Why force-disable Developer Options in the latest update? I get that it's a security precaution, but it's overkill. Plenty of other financial apps do not require it and it's sometimes necessary for debugging/experimental reasons",2025-01-21T08:28:34,5.0.8,,,260,google_play,2025-11-30T16:15:08.107712
3e23614c-e339-4a27-8f2f-f9c1e60e8cdc,CBE,Commercial Bank of Ethiopia Mobile,com.combanketh.mobilebanking,4,"I have got the application very useful, fast and simple to use. It is great app for self service but I had to go to branch office to activate it. Please try using OTP to activate the app","I have got the application very useful, fast and simple to use. It is great app for self service but I had to go to branch office to activate it. Please try using OTP to activate the app",2022-11-23T06:50:11,4.3.2,,,87,google_play,2025-11-30T16:15:08.107712
9f3ac2bf-046c-4e02-9704-fd8171c6df35,CBE,Commercial Bank of Ethiopia Mobile,com.combanketh.mobilebanking,1,Has not show recent exact information. Some transactions are included and others excluded. Bad experiance. Always I got in truble by thinking the correct balance.,Has not show recent exact information. Some transactions are included and others excluded. Bad experiance. Always I got in truble by thinking the correct balance.,2024-09-19T06:32:53,5.0.4,,,0,google_play,2025-11-30T16:15:08.107712
23a22ba0-1b9b-4885-ac15-dd7e34e3db8e,CBE,Commercial Bank of Ethiopia Mobile,com.combanketh.mobilebanking,4,The interface is good. But can you hide amount of money. It is sensitive. And login pin and keyboard are not really synced,The interface is good. But can you hide amount of money. It is sensitive. And login pin and keyboard are not really synced,2021-06-01T17:34:51,4.2,,,6,google_play,2025-11-30T16:15:08.107712
624d273b-dd78-4c80-92e7-92c837dd4fa6,CBE,Commercial Bank of Ethiopia Mobile,com.combanketh.mobilebanking,3,"It is a very good application, but, when I open the recent transactions it almost crashes or stops responding. You need to fix this.","It is a very good application, but, when I open the recent transactions it almost crashes or stops responding. You need to fix this.",2022-12-25T05:36:11,,,,5,google_play,2025-11-30T16:15:08.107712
87472748-f1c4-4ad4-9161-34d220b02d1d,CBE,Commercial Bank of Ethiopia Mobile,com.combanketh.mobilebanking,1,"Terrible application. every time when I have transactions, say an error while the transaction is already done, doesn't show the recent updates balances and transaction.","Terrible application. every time when I have transactions, say an error while the transaction is already done, doesn't show the recent updates balances and transaction.",2024-04-30T14:29:05,5.0.4,,,10,google_play,2025-11-30T16:15:08.107712
9f3023a8-b8f0-4186-9762-110a68ff948c,CBE,Commercial Bank of Ethiopia Mobile,com.combanketh.mobilebanking,2,I don't understand the reason why this app asks me to turn off my developer options whenever I try to log into the app 🙄 This issue immediately needs to be fixed. Why would I sacrifice my phone's performance to use only this app? It's ridiculous 😒,I don't understand the reason why this app asks me to turn off my developer options whenever I try to log into the app 🙄 This issue immediately needs to be fixed. Why would I sacrifice my phone's performance to use only this app? It's ridiculous 😒,2025-01-06T08:01:36,5.0.8,,,34,google_play,2025-11-30T16:15:08.107712
e24ccf59-5427-4fbe-b103-96f2ee5a17be,CBE,Commercial Bank of Ethiopia Mobile,com.combanketh.mobilebanking,1,I'm frustrated by this app.its not even doing a single thing for me.it just keeps saying none available every time I try to use it. Hope the developers bring solutions to this problem. Thanks in advance,I'm frustrated by this app.its not even doing a single thing for me.it just keeps saying none available every time I try to use it. Hope the developers bring solutions to this problem. Thanks in advance,2020-11-09T21:40:13,4.2,,,5,google_play,2025-11-30T16:15:08.107712
df6ea774-f420-4498-82d9-f0501c3168a6,CBE,Commercial Bank of Ethiopia Mobile,com.combanketh.mobilebanking,4,Great app. But why limit transaction history? We should be able to view transaction history at least for the past 12 months if not more. Currently it only goes back one or two weeks.,Great app. But why limit transaction history? We should be able to view transaction history at least for the past 12 months if not more. Currently it only goes back one or two weeks.,2021-03-04T08:09:49,4.2,,,53,google_play,2025-11-30T16:15:08.107712
5ea9cebd-d99f-4f92-b9aa-5b9a75e31241,CBE,Commercial Bank of Ethiopia Mobile,com.combanketh.mobilebanking,1,"It is good and easy to use. But as you changed your phone it needs activation code from bank. So this needs improvement. Always as you changed your phone, you should go to bank branch to get activation","It is good and easy to use. But as you changed your phone it needs activation code from bank. So this needs improvement. Always as you changed your phone, you should go to bank branch to get activation",2020-09-29T21:05:49,4.2,,,31,google_play,2025-11-30T16:15:08.107712
cff6e8f6-b9a6-4959-9547-c7ba44430c85,CBE,Commercial Bank of Ethiopia Mobile,com.combanketh.mobilebanking,1,I have updated the june 28 version then it is not workings all. Considering the current Covid 19 pandemic you should make the system more friendly to avoid physical visit to the bank . i just don't get it why CBE is always two steep back in making the process more easy .,I have updated the june 28 version then it is not workings all. Considering the current Covid 19 pandemic you should make the system more friendly to avoid physical visit to the bank . i just don't get it why CBE is always two steep back in making the process more easy .,2020-07-28T06:44:24,4.1,,,10,google_play,2025-11-30T16:15:08.107712
a183f035-d7fd-4db0-ac13-1a33340764dc,CBE,Commercial Bank of Ethiopia Mobile,com.combanketh.mobilebanking,1,"can you please fix the problem, I'm overseas and can't get to CBE branch for a fix, PLEASE DO SOMETHING!! start by removing it from play store until you figure out what the issue is!","can you please fix the problem, I'm overseas and can't get to CBE branch for a fix, PLEASE DO SOMETHING!! start by removing it from play store until you figure out what the issue is!",2019-03-31T10:20:02,2.0,,,5,google_play,2025-11-30T16:15:08.107712
939d455e-2152-4b7f-86d7-08ae01ad42b5,CBE,Commercial Bank of Ethiopia Mobile,com.combanketh.mobilebanking,4,"It is a very good app; but as a comment, the signs in the app should have their own unique color. For example, the Top up sign should have the color of ethiotelecom.","It is a very good app; but as a comment, the signs in the app should have their own unique color. For example, the Top up sign should have the color of ethiotelecom.",2020-06-27T10:48:26,4.0,,,10,google_play,2025-11-30T16:15:08.107712
08944513-53dd-41d3-9ef8-e04bd683ad40,CBE,Commercial Bank of Ethiopia Mobile,com.combanketh.mobilebanking,4,"For those who have only one phone but have two bank accounts, it is not possible to administer both accounts in one phone. Please, make your program to allow two accounts in one phone.","For those who have only one phone but have two bank accounts, it is not possible to administer both accounts in one phone. Please, make your program to allow two accounts in one phone.",2023-03-11T08:02:58,4.3.2,,,7,google_play,2025-11-30T16:15:08.107712
f0ac4f21-127f-4c7a-bb36-72e2cbf9a762,CBE,Commercial Bank of Ethiopia Mobile,com.combanketh.mobilebanking,5,"Very good application. However, recently, it is not working properly. Refusing to transfer money to telebirr and other accounts.","Very good application. However, recently, it is not working properly. Refusing to transfer money to telebirr and other accounts.",2022-02-12T12:27:08,4.3.1,,,97,google_play,2025-11-30T16:15:08.107712
0b25c884-b152-4eda-a04d-397cb6c35e2f,CBE,Commercial Bank of Ethiopia Mobile,com.combanketh.mobilebanking,1,"I'm having trouble with the application, I can't see my balance or send money using the application. This is very disappointing as I have been experiencing this for a while.","I'm having trouble with the application, I can't see my balance or send money using the application. This is very disappointing as I have been experiencing this for a while.",2024-03-15T22:03:43,5.0.4,,,24,google_play,2025-11-30T16:15:08.107712
27edcec7-5f4e-4bf4-89ec-40c5c52fe89e,CBE,Commercial Bank of Ethiopia Mobile,com.combanketh.mobilebanking,1,"App crushing after update. I approach the bank to fix it and they told me I need new authentication key for every update. What if I was abroad? Even after I logged in, features like Services, Finance and Banking are not there. It doesn't deserve a single star either.","App crushing after update. I approach the bank to fix it and they told me I need new authentication key for every update. What if I was abroad? Even after I logged in, features like Services, Finance and Banking are not there. It doesn't deserve a single star either.",2019-03-05T10:56:58,2.0,,,35,google_play,2025-11-30T16:15:08.107712
682e1471-d28c-4908-b374-bf6d91876ead,CBE,Commercial Bank of Ethiopia Mobile,com.combanketh.mobilebanking,2,1. Statement is limited with one screen display. There should be access to see my transactions of at least 6 months before. 2. Sometimes debit/credit is not shown on the account details.......,1. Statement is limited with one screen display. There should be access to see my transactions of at least 6 months before. 2. Sometimes debit/credit is not shown on the account details.......,2024-11-09T12:19:24,5.0.4,,,0,google_play,2025-11-30T16:15:08.107712
d9238914-4aec-4c54-9e9a-d161f0fa5ea0,CBE,Commercial Bank of Ethiopia Mobile,com.combanketh.mobilebanking,1,"The not allowing the app while ""developer options"" is on needs to be fixed! Why the hell is an app telling me what to do with my own OS??? This is an unnecessary fix that needs to be fixed!!!","The not allowing the app while ""developer options"" is on needs to be fixed! Why the hell is an app telling me what to do with my own OS??? This is an unnecessary fix that needs to be fixed!!!",2025-01-01T19:36:54,5.0.8,,,810,google_play,2025-11-30T16:15:08.107712
f0b6e496-f445-49e9-af5c-84406b02b9f6,CBE,Commercial Bank of Ethiopia Mobile,com.combanketh.mobilebanking,4,Simple and nice !!! The issue with using mobile app is you can't print/share the transaction slip.Some company/people required the printable file for their record,Simple and nice !!! The issue with using mobile app is you can't print/share the transaction slip.Some company/people required the printable file for their record,2021-03-31T06:35:20,4.2,,,26,google_play,2025-11-30T16:15:08.107712
3e50015f-431a-48e9-8573-4b6cfc879cf4,CBE,Commercial Bank of Ethiopia Mobile,com.combanketh.mobilebanking,4,"It is a good app, but when there is no readymade bill for payment, it doesn't tell anything, just say continue. It will be nice if it tells us, the bill is not yet ready for payment.","It is a good app, but when there is no readymade bill for payment, it doesn't tell anything, just say continue. It will be nice if it tells us, the bill is not yet ready for payment.",2022-09-05T12:15:08,4.3.2,,,7,google_play,2025-11-30T16:15:08.107712
afbee011-0ce5-4af5-aee3-c169501f64a7,CBE,Commercial Bank of Ethiopia Mobile,com.combanketh.mobilebanking,2,Transcation information available only for a very short period of time. Unstable when used for two accounts. It sometimes doesn't show me my second account.,Transcation information available only for a very short period of time. Unstable when used for two accounts. It sometimes doesn't show me my second account.,2021-10-24T20:15:07,4.3,,,5,google_play,2025-11-30T16:15:08.107712
4df1ef33-2596-4a62-a554-961d6a170f0c,CBE,Commercial Bank of Ethiopia Mobile,com.combanketh.mobilebanking,4,"When I enter values in the Amount and Remark fields and click the Continue button, I encounter an error. However, the transaction still deducts the specified amount. It is essential to test this error handling functionality.","When I enter values in the Amount and Remark fields and click the Continue button, I encounter an error. However, the transaction still deducts the specified amount. It is essential to test this error handling functionality.",2024-09-11T13:21:43,,,,0,google_play,2025-11-30T16:15:08.107712
41c7e513-ba54-4bca-96fc-a06f50487c07,CBE,Commercial Bank of Ethiopia Mobile,com.combanketh.mobilebanking,5,"I use a variety of mobile banking applications, but I really enjoy using CBE over those from other banks because it's quick and user-friendly. I greatly appreciate it.","I use a variety of mobile banking applications, but I really enjoy using CBE over those from other banks because it's quick and user-friendly. I greatly appreciate it.",2022-12-07T16:43:37,4.3.2,,,12,google_play,2025-11-30T16:15:08.107712
6c5f43c4-9890-4998-96e5-426db702906e,CBE,Commercial Bank of Ethiopia Mobile,com.combanketh.mobilebanking,4,By far the most crucial and progressivly growing financial app. Keep up the good work.from an end user stand point It would also make sense to include push notification for each transaction as well.,By far the most crucial and progressivly growing financial app. Keep up the good work.from an end user stand point It would also make sense to include push notification for each transaction as well.,2021-09-13T10:09:51,4.3,,,14,google_play,2025-11-30T16:15:08.107712
a1c19a7f-9be5-433b-92a7-88c87d69d6d6,CBE,Commercial Bank of Ethiopia Mobile,com.combanketh.mobilebanking,1,"Now after the last update has been launched, the app is being somewhat complex. The orders of the transaction is not working correctly. Please have a review on it.","Now after the last update has been launched, the app is being somewhat complex. The orders of the transaction is not working correctly. Please have a review on it.",2023-03-14T12:11:15,4.4.0,,,15,google_play,2025-11-30T16:15:08.107712
6fc46f71-58d1-4b20-912d-50cbc669d821,CBE,Commercial Bank of Ethiopia Mobile,com.combanketh.mobilebanking,1,I've been using the previous app more than a year without any prob. This application is not working more than a month and even they couldn't also fix it.,I've been using the previous app more than a year without any prob. This application is not working more than a month and even they couldn't also fix it.,2020-12-04T08:04:53,4.2,,,14,google_play,2025-11-30T16:15:08.107712
b6e9e6ab-6e72-4b49-b6c1-f9f451a1a08f,CBE,Commercial Bank of Ethiopia Mobile,com.combanketh.mobilebanking,5,Your app is very simple to use. But please add search option so that we can easily find our transaction done with an account number.,Your app is very simple to use. But please add search option so that we can easily find our transaction done with an account number.,2022-10-01T21:08:45,4.3.2,,,8,google_play,2025-11-30T16:15:08.107712
1014c477-ddae-4227-bb1c-4e49f8b5836b,CBE,Commercial Bank of Ethiopia Mobile,com.combanketh.mobilebanking,1,Recent transactions history was loading properly and used to preview older histories too but not anymore and that sucks! So work on transactions history well!,Recent transactions history was loading properly and used to preview older histories too but not anymore and that sucks! So work on transactions history well!,2023-03-08T11:19:11,4.4.0,,,29,google_play,2025-11-30T16:15:08.107712
051f48dd-8f62-4260-84ab-3d6a372dc89b,CBE,Commercial Bank of Ethiopia Mobile,com.combanketh.mobilebanking,5,Whats wrong the app following the new update? I can't even see my balance now. I used old app for more than three years from Europe and every thing was perfect. Now you it looks like the app is not stable. Thank you for spoiling it.,Whats wrong the app following the new update? I can't even see my balance now. I used old app for more than three years from Europe and every thing was perfect. Now you it looks like the app is not stable. Thank you for spoiling it.,2024-02-27T14:23:01,5.0.4,,,95,google_play,2025-11-30T16:15:08.107712
c4f8963d-d961-44b3-bb86-c3dc4b7ed445,CBE,Commercial Bank of Ethiopia Mobile,com.combanketh.mobilebanking,4,"Excellent application. 1. It lacks currency exchange rate. 2. It says ""error"" but transfer the birr which biase customers. Please solve the above issues.","Excellent application. 1. It lacks currency exchange rate. 2. It says ""error"" but transfer the birr which biase customers. Please solve the above issues.",2022-02-12T16:27:09,4.3,,,11,google_play,2025-11-30T16:15:08.107712
c35e5c78-cbbe-46a6-a8bf-f40207002d99,CBE,Commercial Bank of Ethiopia Mobile,com.combanketh.mobilebanking,1,"Most of the time 'no sync available'. Been trying to transfer all day,with no luck. Very bad app","Most of the time 'no sync available'. Been trying to transfer all day,with no luck. Very bad app",2022-12-14T15:01:37,4.3.2,,,3,google_play,2025-11-30T16:15:08.107712
7f95c0fc-e54d-40af-b9a1-1d4f0264b34f,CBE,Commercial Bank of Ethiopia Mobile,com.combanketh.mobilebanking,1,"feature to add beneficiary account from older version isn't available on this one, and the greeting notification that pops out during every log in is boring.","feature to add beneficiary account from older version isn't available on this one, and the greeting notification that pops out during every log in is boring.",2024-11-17T16:55:54,,,,0,google_play,2025-11-30T16:15:08.107712
c87b6b87-e11b-4d61-b5a0-e82549ae3ad8,CBE,Commercial Bank of Ethiopia Mobile,com.combanketh.mobilebanking,3,"After money is transferred, it shows failed signal. When trying again, it says failed again but it was actually transferring two times. Damn!","After money is transferred, it shows failed signal. When trying again, it says failed again but it was actually transferring two times. Damn!",2021-02-26T20:03:41,4.2,,,14,google_play,2025-11-30T16:15:08.107712
b9b2a892-624c-49f1-a807-9c88220a6098,CBE,Commercial Bank of Ethiopia Mobile,com.combanketh.mobilebanking,2,"Recent service fee change is ridiculous. Plus making transfer to other banks and Telebirr wallet is even crazier. You suppose to be an exemplary institution, but you are doing the opposite.","Recent service fee change is ridiculous. Plus making transfer to other banks and Telebirr wallet is even crazier. You suppose to be an exemplary institution, but you are doing the opposite.",2024-05-14T16:29:14,5.0.4,,,6,google_play,2025-11-30T16:15:08.107712
4369c394-d276-4294-8d74-eeca7c712972,CBE,Commercial Bank of Ethiopia Mobile,com.combanketh.mobilebanking,1,"The worst app ever made! I transfered money to abyssinia bank account, deducted the money from my cbe account but never made it through to my abyssinia account! I hate this app and bank! Idk why they are making me wait a whole week to return my money! Even there call center 951 doesn't work! Shame!","The worst app ever made! I transfered money to abyssinia bank account, deducted the money from my cbe account but never made it through to my abyssinia account! I hate this app and bank! Idk why they are making me wait a whole week to return my money! Even there call center 951 doesn't work! Shame!",2024-03-05T04:05:06,5.0.4,,,26,google_play,2025-11-30T16:15:08.107712
fa96cd21-0bca-44e5-85f4-5feff72bf19c,CBE,Commercial Bank of Ethiopia Mobile,com.combanketh.mobilebanking,1,When ever I change my phone or something happened why would I have to go to the office to get the code this app this not amazing I didn't like it this is big problem u have to change this if I have to go to the bank every time I change phone or anything happened it bad app in this time in this technology.,When ever I change my phone or something happened why would I have to go to the office to get the code this app this not amazing I didn't like it this is big problem u have to change this if I have to go to the bank every time I change phone or anything happened it bad app in this time in this technology.,2023-03-10T19:20:21,4.4.0,,,22,google_play,2025-11-30T16:15:08.107712
679091ba-00d4-4458-8c5b-40cafd43ba91,CBE,Commercial Bank of Ethiopia Mobile,com.combanketh.mobilebanking,2,Best and easy to use but the limitations is the when someone want to send birr from cbe to tele birr the transfer fee is higher and this is not correct,Best and easy to use but the limitations is the when someone want to send birr from cbe to tele birr the transfer fee is higher and this is not correct,2024-03-11T15:17:32,5.0.4,,,20,google_play,2025-11-30T16:15:08.107712
e32440c5-d7a0-44ef-826e-75de643cda80,CBE,Commercial Bank of Ethiopia Mobile,com.combanketh.mobilebanking,1,"Dear developer, The new update says mybdevice is rooted and I cant use the app, However I amb100% sure that my device is not rooted. Please fix this bug ASAP as this issue iw ibservee on another galaxy S7 edge device","Dear developer, The new update says mybdevice is rooted and I cant use the app, However I amb100% sure that my device is not rooted. Please fix this bug ASAP as this issue iw ibservee on another galaxy S7 edge device",2020-08-21T20:39:25,4.1,,,7,google_play,2025-11-30T16:15:08.107712
0c4cc5a6-a66c-4706-916e-0dd0ae42f8f4,CBE,Commercial Bank of Ethiopia Mobile,com.combanketh.mobilebanking,1,"Can got 0 ⭐ Please ! this App is completely Scam Becouse I made payment in other bank option in the App but the APP (-) mY BALANCE BUT NO successful notification to get screen shoot, no SMS and no Transaction history and I alerdy lost my mony becous my clint also does not get the mony i sent! I pay but I didn't got mony! stey away frim CBE","Can got 0 ⭐ Please ! this App is completely Scam Becouse I made payment in other bank option in the App but the APP (-) mY BALANCE BUT NO successful notification to get screen shoot, no SMS and no Transaction history and I alerdy lost my mony becous my clint also does not get the mony i sent! I pay but I didn't got mony! stey away frim CBE",2024-05-19T20:40:00,5.0.4,,,14,google_play,2025-11-30T16:15:08.107712
a871ca50-e87e-44c3-ae4c-198683a50eb9,CBE,Commercial Bank of Ethiopia Mobile,com.combanketh.mobilebanking,3,"Improve the transaction history it misleading when you don't update the transaction correctly, and make it record the monthly Fee that deducted from our account, at this point the messages are more reliable","Improve the transaction history it misleading when you don't update the transaction correctly, and make it record the monthly Fee that deducted from our account, at this point the messages are more reliable",2024-06-08T16:16:58,5.0.4,,,11,google_play,2025-11-30T16:15:08.107712
5846bdaf-ca56-462d-8fd1-5119c69ffd63,CBE,Commercial Bank of Ethiopia Mobile,com.combanketh.mobilebanking,1,It's refreshing not working since last update. I already authenticated and signed in to my account but it says no available when I clicked on service.,It's refreshing not working since last update. I already authenticated and signed in to my account but it says no available when I clicked on service.,2020-11-16T15:06:50,4.2,,,7,google_play,2025-11-30T16:15:08.107712
debeb4fd-253e-448c-ad9c-1883e88c04f7,CBE,Commercial Bank of Ethiopia Mobile,com.combanketh.mobilebanking,1,"If you forgot your password you have to go to the bank which is so tiring, there should be a link on the app that helps you recover your password. And it has huge problem using the app to send money.","If you forgot your password you have to go to the bank which is so tiring, there should be a link on the app that helps you recover your password. And it has huge problem using the app to send money.",2020-10-20T14:07:03,,,,4,google_play,2025-11-30T16:15:08.107712
064e45aa-e188-44bc-a0a3-7f7dd095a131,CBE,Commercial Bank of Ethiopia Mobile,com.combanketh.mobilebanking,2,"The app is not compatible with certain devices. For example, with samsung galaxy note edge.","The app is not compatible with certain devices. For example, with samsung galaxy note edge.",2020-08-25T11:51:21,1.0,,,5,google_play,2025-11-30T16:15:08.107712
8a46d7fa-b9f8-4d57-9bb7-32f6307eb622,CBE,Commercial Bank of Ethiopia Mobile,com.combanketh.mobilebanking,3,"On the previous version i used to have the remaining balance after each transaction, that was so helpful. But know its just the last remaining balance zat u can check. Zats not good","On the previous version i used to have the remaining balance after each transaction, that was so helpful. But know its just the last remaining balance zat u can check. Zats not good",2020-08-16T11:49:54,4.1,,,7,google_play,2025-11-30T16:15:08.107712
cf4e1335-0e7b-4842-8f67-5ee6bc405b59,CBE,Commercial Bank of Ethiopia Mobile,com.combanketh.mobilebanking,5,i believe that the updated mobile application will answer many of the users question and it is recommended that iphone users use the one downloaded from the app store rather than the one downloaded from the play store.,i believe that the updated mobile application will answer many of the users question and it is recommended that iphone users use the one downloaded from the app store rather than the one downloaded from the play store.,2024-02-27T21:06:10,5.0.4,,,354,google_play,2025-11-30T16:15:08.107712
43d40957-c77e-4e3a-9232-7ee669b7bceb,CBE,Commercial Bank of Ethiopia Mobile,com.combanketh.mobilebanking,3,"Please add the ability to view all transaction history, and pressing back on sub pages should not display logout confirmation. Plus, self registration should be a thing","Please add the ability to view all transaction history, and pressing back on sub pages should not display logout confirmation. Plus, self registration should be a thing",2021-08-21T19:32:49,4.3,,,9,google_play,2025-11-30T16:15:08.107712
52c22755-53b4-43cf-a386-808739f868d3,CBE,Commercial Bank of Ethiopia Mobile,com.combanketh.mobilebanking,2,This app is not dependable and it fail to sync often. By far the sms version is better. Please try to solve it soon.,This app is not dependable and it fail to sync often. By far the sms version is better. Please try to solve it soon.,2020-11-07T14:20:35,4.2,,,7,google_play,2025-11-30T16:15:08.107712
7e818042-e310-4e2d-bbcc-f8aabcb973a1,CBE,Commercial Bank of Ethiopia Mobile,com.combanketh.mobilebanking,5,"Now that I could change b/n accounts easily, I'm much satisfied with this app; and I upgrade my rating to 5 star. However, I wish the app would enable to produce report a history of at least 3 months.","Now that I could change b/n accounts easily, I'm much satisfied with this app; and I upgrade my rating to 5 star. However, I wish the app would enable to produce report a history of at least 3 months.",2023-03-23T17:57:44,,,,42,google_play,2025-11-30T16:15:08.107712
715717ee-33ff-40f6-86d2-a503b239b3e1,CBE,Commercial Bank of Ethiopia Mobile,com.combanketh.mobilebanking,5,"Every thing is good and functional , but the password length is too short and it is also receive only 4 numbers. I wish if the password field receives string","Every thing is good and functional , but the password length is too short and it is also receive only 4 numbers. I wish if the password field receives string",2022-10-02T12:28:23,,,,5,google_play,2025-11-30T16:15:08.107712
8148fe69-b7ee-4e78-b2f8-e995e46369ed,CBE,Commercial Bank of Ethiopia Mobile,com.combanketh.mobilebanking,5,First time tha i get happy by CBE's achievements. Congrats CBE Simple to use and uptodate. Go on and it will be nice if you add the investment options so that we can invest online too. Good Job,First time tha i get happy by CBE's achievements. Congrats CBE Simple to use and uptodate. Go on and it will be nice if you add the investment options so that we can invest online too. Good Job,2020-07-07T23:10:44,,,,10,google_play,2025-11-30T16:15:08.107712
f5f86a10-3cbe-4a41-8474-b26191062f97,CBE,Commercial Bank of Ethiopia Mobile,com.combanketh.mobilebanking,3,"I keep getting error pop ups on my screen even after closing the app and when i am using other apps, please fix this bug.","I keep getting error pop ups on my screen even after closing the app and when i am using other apps, please fix this bug.",2020-09-15T07:38:45,4.2,,,10,google_play,2025-11-30T16:15:08.107712
ab843ac7-bb3a-45f5-b4e8-4c6c315c97a0,CBE,Commercial Bank of Ethiopia Mobile,com.combanketh.mobilebanking,5,The application is best based on the online banking system. But sometimes it shows previous balance when logging in and it confuses after making transaction,The application is best based on the online banking system. But sometimes it shows previous balance when logging in and it confuses after making transaction,2022-08-07T09:22:52,4.3.2,,,14,google_play,2025-11-30T16:15:08.107712
1470ff4b-3645-4694-bdc1-49d94ffbfb45,CBE,Commercial Bank of Ethiopia Mobile,com.combanketh.mobilebanking,1,"The app stop to show me the balance, but it synchronized while refreshing in contrary all of the services are not available . No online care available , amazing millions of customer waiting physical contact for routine solution .","The app stop to show me the balance, but it synchronized while refreshing in contrary all of the services are not available . No online care available , amazing millions of customer waiting physical contact for routine solution .",2023-07-01T03:26:19,4.4.0,,,11,google_play,2025-11-30T16:15:08.107712
ec8390c8-2d6d-43e5-97fb-f3e980186027,CBE,Commercial Bank of Ethiopia Mobile,com.combanketh.mobilebanking,4,"It is a good app. But it is better to add the following features in the next version, 1) Add ATM withdrawal option 2) Password reset option 4) Finger print option 3) E-receipt","It is a good app. But it is better to add the following features in the next version, 1) Add ATM withdrawal option 2) Password reset option 4) Finger print option 3) E-receipt",2024-01-26T17:50:00,5.0.2,,,18,google_play,2025-11-30T16:15:08.107712
bc51783e-d5e4-476d-bdd2-4bd5640fb161,CBE,Commercial Bank of Ethiopia Mobile,com.combanketh.mobilebanking,3,"It was better if it showed at least the last 20 transactions, and one good thing is you can search people from history by their name.","It was better if it showed at least the last 20 transactions, and one good thing is you can search people from history by their name.",2024-01-11T10:53:02,5.0.2,,,11,google_play,2025-11-30T16:15:08.107712
a15d9d24-2721-4305-b475-337a2a3145cd,CBE,Commercial Bank of Ethiopia Mobile,com.combanketh.mobilebanking,4,"I am out of Ethiopia I used to this app.It's very nice to use. but now I can't use. Also i tried the new version 4.1 and it doesn't work. I can't check my balance,transfer.... please help me!! how to solve the following problems? => can't sync & => none available","I am out of Ethiopia I used to this app.It's very nice to use. but now I can't use. Also i tried the new version 4.1 and it doesn't work. I can't check my balance,transfer.... please help me!! how to solve the following problems? => can't sync & => none available",2020-07-27T12:06:17,4.1,,,13,google_play,2025-11-30T16:15:08.107712
2cf1507c-6c8e-49ba-85d8-7c5f3fe730c0,CBE,Commercial Bank of Ethiopia Mobile,com.combanketh.mobilebanking,2,Hard app to rely on for business transactions. As it shows error message while the money is transferred resulting in sending money multiple times. Plus transaction details gets updated after days of the actual transaction.,Hard app to rely on for business transactions. As it shows error message while the money is transferred resulting in sending money multiple times. Plus transaction details gets updated after days of the actual transaction.,2023-10-16T06:23:29,5.0.2,,,33,google_play,2025-11-30T16:15:08.107712
8fc3b91e-0dd5-4386-96e6-25c6da54073d,CBE,Commercial Bank of Ethiopia Mobile,com.combanketh.mobilebanking,5,We'll designed user interface and easy to use app. Well done CBE. The last version was just boring and unattractive. This version looks so good that I'm seeing people logging in just to enjoy the view. Keep it up.,We'll designed user interface and easy to use app. Well done CBE. The last version was just boring and unattractive. This version looks so good that I'm seeing people logging in just to enjoy the view. Keep it up.,2020-08-22T11:56:31,4.1,,,26,google_play,2025-11-30T16:15:08.107712
1345710a-a286-45a4-b8e5-77f53f186de2,CBE,Commercial Bank of Ethiopia Mobile,com.combanketh.mobilebanking,1,Doesn't work properly. It crashes some many times. commercial bank of Ethiopia not only the application but also sending money to own CBE birr doesn't get your money in your bank account. forcefully you must wait 3-5 days to get your money back to your account. walk up CBE the world is going to decentralized finance.,Doesn't work properly. It crashes some many times. commercial bank of Ethiopia not only the application but also sending money to own CBE birr doesn't get your money in your bank account. forcefully you must wait 3-5 days to get your money back to your account. walk up CBE the world is going to decentralized finance.,2025-03-26T21:41:05,5.1.0,,,8,google_play,2025-11-30T16:15:08.107712
54b5aab4-c7c6-4731-ac3c-2eacc32a847c,CBE,Commercial Bank of Ethiopia Mobile,com.combanketh.mobilebanking,3,Great application. But when it opened after Minimization it doesn't ask for pin. I mean it directly opens which is not safe. Anyone who has the phone can transfer or do other activities. please Update the app in to new level.,Great application. But when it opened after Minimization it doesn't ask for pin. I mean it directly opens which is not safe. Anyone who has the phone can transfer or do other activities. please Update the app in to new level.,2023-11-21T17:56:12,5.0.2,,,24,google_play,2025-11-30T16:15:08.107712
e57cd23a-dd7c-4634-b9d2-2d4340dd943e,CBE,Commercial Bank of Ethiopia Mobile,com.combanketh.mobilebanking,1,"1.I have to log out and wait for more minutes to make another transfer . 2. I get charged for a not satisfactory transfer amount. 3.On some days I see some transactions with different amount of transfers which I don't do . 4.I can not transfer more than 20K. and charger for every transfer is not fair 5.And l wish to know ""For Ethiopians where exactly is there country to live in""","1.I have to log out and wait for more minutes to make another transfer . 2. I get charged for a not satisfactory transfer amount. 3.On some days I see some transactions with different amount of transfers which I don't do . 4.I can not transfer more than 20K. and charger for every transfer is not fair 5.And l wish to know ""For Ethiopians where exactly is there country to live in""",2024-11-26T11:43:10,5.0.4,,,3,google_play,2025-11-30T16:15:08.107712
fdb4f079-3fb6-46b7-8b5d-8d2ad774c9dc,CBE,Commercial Bank of Ethiopia Mobile,com.combanketh.mobilebanking,1,"0 star if possible, this bank is one of the most dumbest and most crowded banks I have ever seen. Plus, it is taking more than a month just to confirm the validity of the National ID I provided to open my account, so my account is still frozen for more than a month prior to it's creation and I can't use it. Never ever think about creating account using this bank. Anything that belongs to Ethiopian Government is in its poorest quality. Use modern banks like Awash bank or Abyssinia bank instead.","0 star if possible, this bank is one of the most dumbest and most crowded banks I have ever seen. Plus, it is taking more than a month just to confirm the validity of the National ID I provided to open my account, so my account is still frozen for more than a month prior to it's creation and I can't use it. Never ever think about creating account using this bank. Anything that belongs to Ethiopian Government is in its poorest quality. Use modern banks like Awash bank or Abyssinia bank instead.",2023-06-30T14:17:44,,,,2,google_play,2025-11-30T16:15:08.107712
450ce12c-bed9-4b5d-8339-ead9eb35562e,CBE,Commercial Bank of Ethiopia Mobile,com.combanketh.mobilebanking,4,"I have seen lots of great updates right here, especially the 2FA using the biometric security technique, I suggest you work on minimising app crashing due to the accumulation of cache, very little cache crash it.","I have seen lots of great updates right here, especially the 2FA using the biometric security technique, I suggest you work on minimising app crashing due to the accumulation of cache, very little cache crash it.",2025-02-03T14:35:53,5.0.9,,,30,google_play,2025-11-30T16:15:08.107712
420ab521-b373-4976-abed-9677ad0c2c38,CBE,Commercial Bank of Ethiopia Mobile,com.combanketh.mobilebanking,1,"I have been using CBE App for long, but recently it has started crashing repeatedly and even my phone is reporting that the app has bugs and tells me to wait the developer to fix these bugs.","I have been using CBE App for long, but recently it has started crashing repeatedly and even my phone is reporting that the app has bugs and tells me to wait the developer to fix these bugs.",2025-03-09T20:06:18,,,,2,google_play,2025-11-30T16:15:08.107712
2c25d231-51d7-4b6c-bac7-ece14278c7c1,CBE,Commercial Bank of Ethiopia Mobile,com.combanketh.mobilebanking,1,"Needs urgent fix, account balance os not showing and says none available when trying to send money.Your customer service line is also non functional, they pick up the phone and say nothing.It is unacceptable from such a huge bank.We deserve better after you tax us for sending our own money through your platform.","Needs urgent fix, account balance os not showing and says none available when trying to send money.Your customer service line is also non functional, they pick up the phone and say nothing.It is unacceptable from such a huge bank.We deserve better after you tax us for sending our own money through your platform.",2024-02-03T09:44:21,5.0.2,,,0,google_play,2025-11-30T16:15:08.107712
fac47329-a3e8-4a81-9c89-c3a37fa205bc,CBE,Commercial Bank of Ethiopia Mobile,com.combanketh.mobilebanking,5,"It's very extraordinary app, the user interface is soo awesome, most importantly it's very user friendly. In terms of speed and services its unbelievably fast and flexible. I really appreciate the crews who've been working behind the scene to make this wonderful job alive. Well done !","It's very extraordinary app, the user interface is soo awesome, most importantly it's very user friendly. In terms of speed and services its unbelievably fast and flexible. I really appreciate the crews who've been working behind the scene to make this wonderful job alive. Well done !",2022-10-31T20:47:25,4.3.2,,,105,google_play,2025-11-30T16:15:08.107712
81a1f646-9c99-4d13-b086-d4530d26d4de,CBE,Commercial Bank of Ethiopia Mobile,com.combanketh.mobilebanking,4,"Great Experience 👍 but there is o e thing that highly bother me *the password to login every time you open the app 😒 it ask you a pin instead what I say you can make it to be a fingerprint, because putting password continously so frustrating and also not secure as somebody can see our pin Thank you 😊","Great Experience 👍 but there is o e thing that highly bother me *the password to login every time you open the app 😒 it ask you a pin instead what I say you can make it to be a fingerprint, because putting password continously so frustrating and also not secure as somebody can see our pin Thank you 😊",2022-08-29T03:10:45,,,,7,google_play,2025-11-30T16:15:08.107712
61e4d334-c5f9-49c1-9d6a-c0a13bb22366,CBE,Commercial Bank of Ethiopia Mobile,com.combanketh.mobilebanking,1,"I don't know what to do with this app anymore..after I synconized it, it doesn't show the features or the tools that needed to use for, just it shows my balance.. needed to be fixed asap.","I don't know what to do with this app anymore..after I synconized it, it doesn't show the features or the tools that needed to use for, just it shows my balance.. needed to be fixed asap.",2021-05-08T14:42:52,4.2,,,9,google_play,2025-11-30T16:15:08.107712
2c4be739-53d6-4753-90f9-62f82f9b695f,CBE,Commercial Bank of Ethiopia Mobile,com.combanketh.mobilebanking,1,Two step verification update is fake (meaningless). Why because the app gives you an option of to use pin while requesting two step verification step. 🔐 This updated app is not differ than the previous one in case of security & safegaurding users.👹👹💀💀 The other features of the app are best and easy to use it.⭐️⭐️⭐️⭐️⭐️,Two step verification update is fake (meaningless). Why because the app gives you an option of to use pin while requesting two step verification step. 🔐 This updated app is not differ than the previous one in case of security & safegaurding users.👹👹💀💀 The other features of the app are best and easy to use it.⭐️⭐️⭐️⭐️⭐️,2025-03-06T01:18:50,5.0.9,,,32,google_play,2025-11-30T16:15:08.107712
1a0a3d1f-a6b5-4e95-a6de-d23bfe81be34,CBE,Commercial Bank of Ethiopia Mobile,com.combanketh.mobilebanking,3,It used to work fine but nowadays if u try to use it after midnight it doesn't always work either with Wi-Fi or data and sometimes we gotta pay things before the dead line and boom it doesn't work,It used to work fine but nowadays if u try to use it after midnight it doesn't always work either with Wi-Fi or data and sometimes we gotta pay things before the dead line and boom it doesn't work,2024-11-20T01:22:40,5.0.4,,,7,google_play,2025-11-30T16:15:08.107712
72c5c550-0e9d-4fd6-981f-84f3516bedaa,CBE,Commercial Bank of Ethiopia Mobile,com.combanketh.mobilebanking,4,"I've been using this app for over a year. It's user friendly, but my problem with it is that it only tells me any transaction I've made through this app after a day or two. It doesn't show right away so I need you to fix it ASAP please.","I've been using this app for over a year. It's user friendly, but my problem with it is that it only tells me any transaction I've made through this app after a day or two. It doesn't show right away so I need you to fix it ASAP please.",2023-03-22T19:18:34,4.4.0,,,15,google_play,2025-11-30T16:15:08.107712
e1026d09-65d7-41c7-97e7-3a072beee79f,CBE,Commercial Bank of Ethiopia Mobile,com.combanketh.mobilebanking,1,"I don't understand the reason, why I need to disable developer options to access the app, it has no security risks nor does it hinder the app's functionalities. This goes out to the dev, I hope your life is filled with inconveniences.","I don't understand the reason, why I need to disable developer options to access the app, it has no security risks nor does it hinder the app's functionalities. This goes out to the dev, I hope your life is filled with inconveniences.",2025-04-02T15:13:34,5.1.0,,,43,google_play,2025-11-30T16:15:08.107712
ea23b98c-f4c7-4fdc-b64f-d8097e5efd1a,CBE,Commercial Bank of Ethiopia Mobile,com.combanketh.mobilebanking,4,"I was using this app for the last two years with no problems. It stopped working about 3 months ago. when I tried to transfer funds it gives me error ""can't do this transaction. inactive account.""","I was using this app for the last two years with no problems. It stopped working about 3 months ago. when I tried to transfer funds it gives me error ""can't do this transaction. inactive account.""",2025-05-27T22:47:06,5.1.0,,,15,google_play,2025-11-30T16:15:08.107712
d1f42380-eb1d-4623-91d3-89f47ccd506f,CBE,Commercial Bank of Ethiopia Mobile,com.combanketh.mobilebanking,1,"The app that I use didn't transfer money to my telebirr account. There's no where to be found ""Transfer to Telebirr"". Only transfer to Telebirr agent is available and it require short code. It turns to be boring app ever.","The app that I use didn't transfer money to my telebirr account. There's no where to be found ""Transfer to Telebirr"". Only transfer to Telebirr agent is available and it require short code. It turns to be boring app ever.",2024-01-24T15:48:20,5.0.2,,,12,google_play,2025-11-30T16:15:08.107712
5c690624-9e09-44d7-91a0-c73e3071b4ce,CBE,Commercial Bank of Ethiopia Mobile,com.combanketh.mobilebanking,4,It was working fine till recently. It suddenly stopped showing me the balance on the front page and all service features are not working. Hope it gets fixed soon.,It was working fine till recently. It suddenly stopped showing me the balance on the front page and all service features are not working. Hope it gets fixed soon.,2022-11-10T14:52:47,4.3.2,,,7,google_play,2025-11-30T16:15:08.107712
f8364be6-3b60-4eac-884b-4df746aa5678,CBE,Commercial Bank of Ethiopia Mobile,com.combanketh.mobilebanking,5,"Very smart app, but it's not compatible for all android version. So, please amend it since almost all users use mobile apparatus that have a version of below 6.","Very smart app, but it's not compatible for all android version. So, please amend it since almost all users use mobile apparatus that have a version of below 6.",2020-08-11T21:34:53,4.1,,,14,google_play,2025-11-30T16:15:08.107712
cbae8db5-455f-45a9-a45b-a41eafbd59d0,CBE,Commercial Bank of Ethiopia Mobile,com.combanketh.mobilebanking,1,Taking away the screenshot of the receipt is just silly. Worse is tbe download button putting a copy of the screenshot - which you prevented to be taken - in tbe downloads folder where we cant attach directly from Whatsapp. Millions of people use the screenshot as proof of payment / transfer yet you make that harder for everyone? I have every user contacts the developer or manager who made this awful decision.,Taking away the screenshot of the receipt is just silly. Worse is tbe download button putting a copy of the screenshot - which you prevented to be taken - in tbe downloads folder where we cant attach directly from Whatsapp. Millions of people use the screenshot as proof of payment / transfer yet you make that harder for everyone? I have every user contacts the developer or manager who made this awful decision.,2025-03-20T04:58:01,5.1.0,,,49,google_play,2025-11-30T16:15:08.107712
e86dc853-b071-4ba1-8326-6cb96f6fc354,CBE,Commercial Bank of Ethiopia Mobile,com.combanketh.mobilebanking,4,"Very good application. However, I have one functionality recommendation. What if you let the app transfer money to any telebirr account as for MPESA? By the way, I am not the only one to ask this. Thank you!","Very good application. However, I have one functionality recommendation. What if you let the app transfer money to any telebirr account as for MPESA? By the way, I am not the only one to ask this. Thank you!",2025-04-01T00:27:55,5.1.0,,,16,google_play,2025-11-30T16:15:08.107712
c0704460-00b9-4ba9-85a6-5643a4bb84bd,CBE,Commercial Bank of Ethiopia Mobile,com.combanketh.mobilebanking,2,"Some transaction is not going to be processed accordingly. Which going to take 3-5days which is not completely right. since this bank has mass of customers. However, It should be considered as the money can be needed for emergency purposes.","Some transaction is not going to be processed accordingly. Which going to take 3-5days which is not completely right. since this bank has mass of customers. However, It should be considered as the money can be needed for emergency purposes.",2024-08-25T11:50:39,5.0.4,,,2,google_play,2025-11-30T16:15:08.107712
f58f4cbb-2513-49e5-be3e-6cb1f855749a,CBE,Commercial Bank of Ethiopia Mobile,com.combanketh.mobilebanking,1,Recent transactions doesn't load properly sometimes . And also when transferring to someone sometimes it says failed and but already transferred which might cause to double transfer,Recent transactions doesn't load properly sometimes . And also when transferring to someone sometimes it says failed and but already transferred which might cause to double transfer,2025-02-07T18:28:05,5.0.9,,,11,google_play,2025-11-30T16:15:08.107712
e1d8c77a-481a-453e-b331-2eb514115b69,CBE,Commercial Bank of Ethiopia Mobile,com.combanketh.mobilebanking,3,I can not use the app after I reinstall it while I am abroad. It requested me to get security key from nearedt CBE branch. There is no CBE branch overseas. Due to this reason I can not acess my acount using the app!!! CBE should resolve this for diaspora customers.,I can not use the app after I reinstall it while I am abroad. It requested me to get security key from nearedt CBE branch. There is no CBE branch overseas. Due to this reason I can not acess my acount using the app!!! CBE should resolve this for diaspora customers.,2024-01-11T11:56:36,,,,4,google_play,2025-11-30T16:15:08.107712
7fbce453-198b-401e-ab72-5f778309cd92,CBE,Commercial Bank of Ethiopia Mobile,com.combanketh.mobilebanking,2,"Please kindly ask to update the app and allow us to screenshot, it's convenient and efficient as long as you add security to the access there is no reason to block us from screenshooting our screen.","Please kindly ask to update the app and allow us to screenshot, it's convenient and efficient as long as you add security to the access there is no reason to block us from screenshooting our screen.",2025-05-14T14:14:19,,,,0,google_play,2025-11-30T16:15:08.107712
92a1eb3a-4db5-4cf3-8cdb-3e26574c5084,CBE,Commercial Bank of Ethiopia Mobile,com.combanketh.mobilebanking,1,"It used to work properly, but not anymore. I used to use the app from abroad; but these days, it kept saying ""unable to connect"" when I tried to check my balance and do transactions.","It used to work properly, but not anymore. I used to use the app from abroad; but these days, it kept saying ""unable to connect"" when I tried to check my balance and do transactions.",2025-02-07T15:16:31,5.0.9,,,10,google_play,2025-11-30T16:15:08.107712
66f5fb67-df7b-4274-aba4-d2c99ae38b1c,CBE,Commercial Bank of Ethiopia Mobile,com.combanketh.mobilebanking,1,It crashes multiple times everytime you launch it. Fix it. Edit: crash fixed but screenshots has been disabled. I don't know who thought this was a good idea.,It crashes multiple times everytime you launch it. Fix it. Edit: crash fixed but screenshots has been disabled. I don't know who thought this was a good idea.,2025-03-26T14:25:42,5.1.0,,,172,google_play,2025-11-30T16:15:08.107712
acb76940-bed8-415a-afd0-5396c87fefaa,CBE,Commercial Bank of Ethiopia Mobile,com.combanketh.mobilebanking,4,"Dear CBE Team, The updated version of CbE application is very interesting and has an additional features which is very nice but still the app doesn't have an option of transferring money into another Telebirr service number rather than own Telebirr account...so please add this feature.","Dear CBE Team, The updated version of CbE application is very interesting and has an additional features which is very nice but still the app doesn't have an option of transferring money into another Telebirr service number rather than own Telebirr account...so please add this feature.",2023-03-12T14:12:48,4.4.0,,,53,google_play,2025-11-30T16:15:08.107712
9b29b7c6-cced-4d30-b53c-cc13c9d729bb,CBE,Commercial Bank of Ethiopia Mobile,com.combanketh.mobilebanking,4,It's a good app but I have two suggestions. It would be nice if it had an option to change between our own accounts. The option for downloading and sharing transactions that we have made does not work,It's a good app but I have two suggestions. It would be nice if it had an option to change between our own accounts. The option for downloading and sharing transactions that we have made does not work,2021-12-24T13:02:37,,,,8,google_play,2025-11-30T16:15:08.107712
51e311f1-6242-413f-91e1-5facc62e4b1f,CBE,Commercial Bank of Ethiopia Mobile,com.combanketh.mobilebanking,2,"my first frequent experience of cbe app is critical-time failure such as suspending payment on air for 2-5 days with zero explanation, deducting from sender account without depositing to the receiver act. Another fatal error by the banking company as a whole (not the app itself though) is forced-banking with corporations without consent of employers-users of the corresponding corporations","my first frequent experience of cbe app is critical-time failure such as suspending payment on air for 2-5 days with zero explanation, deducting from sender account without depositing to the receiver act. Another fatal error by the banking company as a whole (not the app itself though) is forced-banking with corporations without consent of employers-users of the corresponding corporations",2025-04-21T13:44:01,5.1.0,,,15,google_play,2025-11-30T16:15:08.107712
79d81ab4-0b0d-4e6d-b25c-77be31d1de38,CBE,Commercial Bank of Ethiopia Mobile,com.combanketh.mobilebanking,3,"The app was working properly, but in the last two days, it showed not available while I am in a good network area with both wifi or data. Please fix it. With regards","The app was working properly, but in the last two days, it showed not available while I am in a good network area with both wifi or data. Please fix it. With regards",2023-11-19T05:58:42,5.0.2,,,37,google_play,2025-11-30T16:15:08.107712
a3174cbc-f8a5-407a-b95f-036afe3718e0,CBE,Commercial Bank of Ethiopia Mobile,com.combanketh.mobilebanking,3,"There is problem with sudden system or software failure. And most importantly the history of transaction is too short , at least we must be able to look at monthly statement on the app!!!","There is problem with sudden system or software failure. And most importantly the history of transaction is too short , at least we must be able to look at monthly statement on the app!!!",2021-01-31T17:10:27,,,,21,google_play,2025-11-30T16:15:08.107712
6cf09afc-f13c-462f-9183-c33863284a68,CBE,Commercial Bank of Ethiopia Mobile,com.combanketh.mobilebanking,3,"The history sometimes misses transactions, tranfer to cbe birr debited but not really transferred, We need to really cop up with the world for real. The hacks and security problems, invest on and solve them.","The history sometimes misses transactions, tranfer to cbe birr debited but not really transferred, We need to really cop up with the world for real. The hacks and security problems, invest on and solve them.",2025-03-30T10:51:58,5.1.0,,,29,google_play,2025-11-30T16:15:08.107712
cd8cae0b-6e75-4a03-b64b-034388a78229,CBE,Commercial Bank of Ethiopia Mobile,com.combanketh.mobilebanking,1,Unstatisfied with the new update keeps crashing every now and then and even though i haven't reached the max txn per day still refuses to transfer...probably going to change my bank if it's not fixed asap,Unstatisfied with the new update keeps crashing every now and then and even though i haven't reached the max txn per day still refuses to transfer...probably going to change my bank if it's not fixed asap,2025-03-10T21:47:02,5.0.9,,,11,google_play,2025-11-30T16:15:08.107712
a8b8791f-3a31-44ce-95ff-f8ea1714fc3a,CBE,Commercial Bank of Ethiopia Mobile,com.combanketh.mobilebanking,1,- Stop showing toasts on errors. It keeps showing up after app is closed - Show paged transaction history. The latest 10 is not enough. - Network error is happening and it's taking money without filling airtime to my phone ...,- Stop showing toasts on errors. It keeps showing up after app is closed - Show paged transaction history. The latest 10 is not enough. - Network error is happening and it's taking money without filling airtime to my phone ...,2020-12-13T02:01:34,4.2,,,25,google_play,2025-11-30T16:15:08.107712
fbd53fa0-04bf-4363-8e72-22fa3c5eb447,CBE,Commercial Bank of Ethiopia Mobile,com.combanketh.mobilebanking,1,"Do you even have tech support who reads the review and work on the glitch? the last update is totally unusable. Fix it quickly its a big national brand, it shouldn't have taken this long","Do you even have tech support who reads the review and work on the glitch? the last update is totally unusable. Fix it quickly its a big national brand, it shouldn't have taken this long",2019-03-07T13:59:37,2.0,,,12,google_play,2025-11-30T16:15:08.107712
738c8295-b994-464f-8165-bdc537656489,CBE,Commercial Bank of Ethiopia Mobile,com.combanketh.mobilebanking,4,"Over all Nice app, But I do like to point out a little bit of an issue. The transaction history tab needs a lot of work. It is so sluggish to a point it makes the app crash at times.","Over all Nice app, But I do like to point out a little bit of an issue. The transaction history tab needs a lot of work. It is so sluggish to a point it makes the app crash at times.",2023-01-04T13:17:30,4.3.2,,,14,google_play,2025-11-30T16:15:08.107712
e9797e69-9294-4068-b793-c58dfff348c9,CBE,Commercial Bank of Ethiopia Mobile,com.combanketh.mobilebanking,5,"I have been using this app for one year.It Is an amazing application,I have never been used such like app in my life.It is very interactive ,compatiable with any android phones,easy to be used by any one irrespective of any level of education and very realiable to realized digital banking system all over the globe.I Wish all banking sectors will update their mobile banking system based on this app. CBE is My bank and I Proud of it Shumet Mamo Sassie","I have been using this app for one year.It Is an amazing application,I have never been used such like app in my life.It is very interactive ,compatiable with any android phones,easy to be used by any one irrespective of any level of education and very realiable to realized digital banking system all over the globe.I Wish all banking sectors will update their mobile banking system based on this app. CBE is My bank and I Proud of it Shumet Mamo Sassie",2023-12-26T16:22:19,5.0.2,,,32,google_play,2025-11-30T16:15:08.107712
9bf683a7-b0c4-4ada-bde4-27c5d3099a12,CBE,Commercial Bank of Ethiopia Mobile,com.combanketh.mobilebanking,1,"app is crashing with the new update. please fix it as soon as possible. I am in another country and not able to make transactions. Please, are you reading the reviews? Guys does anyone know if it works by uninstalling and reinstalling without needing to go the bank??","app is crashing with the new update. please fix it as soon as possible. I am in another country and not able to make transactions. Please, are you reading the reviews? Guys does anyone know if it works by uninstalling and reinstalling without needing to go the bank??",2019-03-21T11:29:30,2.0,,,17,google_play,2025-11-30T16:15:08.107712
3a714e33-9586-4395-8a93-9c78e782f708,CBE,Commercial Bank of Ethiopia Mobile,com.combanketh.mobilebanking,3,"The app is very nice to use but why you guys are cutting 10birr for each transaction to telebirr? Please, consider all market segments, there are students and labour workers. We all are not that rich 10birr+ service fee to be cut. CBE please, consider these thing.","The app is very nice to use but why you guys are cutting 10birr for each transaction to telebirr? Please, consider all market segments, there are students and labour workers. We all are not that rich 10birr+ service fee to be cut. CBE please, consider these thing.",2024-06-25T13:51:46,5.0.4,,,3,google_play,2025-11-30T16:15:08.107712
f107c5a1-1a11-4e79-a9e1-d4e7bdfc0fd1,CBE,Commercial Bank of Ethiopia Mobile,com.combanketh.mobilebanking,1,I'm sad guys what are you doing? Why did you add the screenshot restriction to the app? You just made it worse it was a great value to us. You need to rethink it. i will change the 1 star rating when you resolve the issue.,I'm sad guys what are you doing? Why did you add the screenshot restriction to the app? You just made it worse it was a great value to us. You need to rethink it. i will change the 1 star rating when you resolve the issue.,2025-03-22T18:09:06,5.1.0,,,14,google_play,2025-11-30T16:15:08.107712
9f20cf3f-dd87-43a0-9a9d-9007b59867f0,CBE,Commercial Bank of Ethiopia Mobile,com.combanketh.mobilebanking,1,"The previous varsion of this application is good, yet recently it required verification code that unable to get online. So, is it realy fair to go to branc of bank to fill it? please improve such problem. Untill that i will going to uninstall this application. Good bye!!","The previous varsion of this application is good, yet recently it required verification code that unable to get online. So, is it realy fair to go to branc of bank to fill it? please improve such problem. Untill that i will going to uninstall this application. Good bye!!",2023-11-13T13:19:56,,,,5,google_play,2025-11-30T16:15:08.107712
