review_id,bank,app_name,pkg,score,content,content_clean,at,review_created_version,reply_content,replied_at,thumbs_up_count,source,scrape_run_id,review_length
1ebb9f31-ce77-4149-826a-697d986e9ff1,CBE,Commercial Bank of Ethiopia Mobile,com.combanketh.mobilebanking,1,"WHAT A USELESS APP! Transfers, wallet payments, other banks — nothing works. Updated, restarted, cleared cache, reinstalled — still useless. Crashed and forced me to visit a branch just to log in 3 times. One of the biggest banks in the country can’t fix issues a junior developer could solve. Completely unreliable. Big bank , Zero functionality!","what a useless app! transfers, wallet payments, other banks nothing works. updated, restarted, cleared cache, reinstalled still useless. crashed and forced me to visit a branch just to log in 3 times. one of the biggest banks in the country cant fix issues a junior developer could solve. completely unreliable. big bank , zero functionality!",2025-09-13 14:13:44,5.2.1,,,979,google_play,2025-11-30T16:15:08.107712,55
6c72590a-6064-4aac-a5b5-a23df953162d,CBE,Commercial Bank of Ethiopia Mobile,com.combanketh.mobilebanking,2,"Most of the time when I try to open the app, it does not load. The circle keeps spinning as if it is trying to open, and get a message saying "" 2 attempts left for offline login"". This seems to mean that the app cannot connect to the internet, even though I have a stable internet connection, and all other stuff work properly.","most of the time when i try to open the app, it does not load. the circle keeps spinning as if it is trying to open, and get a message saying 2 attempts left for offline login. this seems to mean that the app cannot connect to the internet, even though i have a stable internet connection, and all other stuff work properly.",2025-09-24 16:27:11,5.2.1,,,62,google_play,2025-11-30T16:15:08.107712,63
651c86bc-2cf3-436e-a85c-39c55709db15,CBE,Commercial Bank of Ethiopia Mobile,com.combanketh.mobilebanking,5,"I use the Commercial Bank of Ethiopia mobile app, and it’s fantastic! The interface is user-friendly, making it easy to check balances and transfer money. I love the bill payment feature, and the security measures give me peace of mind. Overall, it’s a reliable app that has simplified my banking experience. Highly recommend!","i use the commercial bank of ethiopia mobile app, and its fantastic! the interface is userfriendly, making it easy to check balances and transfer money. i love the bill payment feature, and the security measures give me peace of mind. overall, its a reliable app that has simplified my banking experience. highly recommend!",2025-08-22 16:40:53,5.2.1,,,1161,google_play,2025-11-30T16:15:08.107712,53
6028469c-5c00-4864-a85e-7e158387f160,CBE,Commercial Bank of Ethiopia Mobile,com.combanketh.mobilebanking,4,"It is good app and really user friendly , but it not possible to start service after the app is uninstalled or device phone is changed. So please make it easy for us, after once you set us the requirements in your office we should have to use it only by install and launch it. We do not have to visit the near by branch office every time for such silly businesses but important things. in addition to that why is that for hidding senders name or account number How can I know who tranfers to me???","it is good app and really user friendly , but it not possible to start service after the app is uninstalled or device phone is changed. so please make it easy for us, after once you set us the requirements in your office we should have to use it only by install and launch it. we do not have to visit the near by branch office every time for such silly businesses but important things. in addition to that why is that for hidding senders name or account number how can i know who tranfers to me???",2025-09-05 09:12:26,5.2.1,,,247,google_play,2025-11-30T16:15:08.107712,97
7b8f021c-6d11-4a06-8c68-37062d975778,CBE,Commercial Bank of Ethiopia Mobile,com.combanketh.mobilebanking,4,"I love this app. really, but with some downsides too. Screenshot is mandatory after every transaction as to me, I need screenshots not downloaded recipient. It would be even better if transaction history is available via this app for months that we can access directly or via calender ways. Thanks.","i love this app. really, but with some downsides too. screenshot is mandatory after every transaction as to me, i need screenshots not downloaded recipient. it would be even better if transaction history is available via this app for months that we can access directly or via calender ways. thanks.",2025-08-22 18:54:42,5.2.1,,,65,google_play,2025-11-30T16:15:08.107712,50
f0204617-22df-40be-b694-f82be6c12632,CBE,Commercial Bank of Ethiopia Mobile,com.combanketh.mobilebanking,1,"Although the UI is simple and easy to use. That does not mean anything if information is not consistent throughout the app, and most services are down most of the time. Also, I see that forcing the user to turn off Android Dev Settings to use the app is unnecessary and creates inconvenience for users who want to use their devices for Android development 🙄. If you have certain security requirements, you would rather prefer to restrict the minSdk (since recent android releases are secure).","although the ui is simple and easy to use. that does not mean anything if information is not consistent throughout the app, and most services are down most of the time. also, i see that forcing the user to turn off android dev settings to use the app is unnecessary and creates inconvenience for users who want to use their devices for android development . if you have certain security requirements, you would rather prefer to restrict the minsdk since recent android releases are secure.",2025-07-16 19:26:27,5.1.0,,,1125,google_play,2025-11-30T16:15:08.107712,85
4cc29da3-9526-44f0-a60f-e4e8cbca0889,CBE,Commercial Bank of Ethiopia Mobile,com.combanketh.mobilebanking,3,"The app was great while it was active. However, after the app did an update, I lost connection with a message ""Network Error"". Please try to fix it as there are many clients of CBE using this app globally from abroad countries.","the app was great while it was active. however, after the app did an update, i lost connection with a message network error. please try to fix it as there are many clients of cbe using this app globally from abroad countries.",2025-09-21 21:07:25,5.2.1,,,19,google_play,2025-11-30T16:15:08.107712,42
0edb4624-c49a-4b38-9676-15795535cad4,CBE,Commercial Bank of Ethiopia Mobile,com.combanketh.mobilebanking,3,"The App is very good in its interface and user friendly. But it could be a pro app had it had additional feature that let us run multiple accounts on a single phone with an option of ""additional"" account!",the app is very good in its interface and user friendly. but it could be a pro app had it had additional feature that let us run multiple accounts on a single phone with an option of additional account!,2025-09-19 09:26:17,5.2.1,,,20,google_play,2025-11-30T16:15:08.107712,39
e5b8ce29-2766-4fbc-935a-7a45e4471edd,CBE,Commercial Bank of Ethiopia Mobile,com.combanketh.mobilebanking,5,"this app is pretty good. The recent one was the nicest. however after the update, it restricts me from taking a screenshot. i would be happy if you remove screenshots restriction policy from this app. why I gave it five stars was because of the past performances of this app. keep in mind to remove the screenshot restriction policy from this app. and also it has no self authorizations. once uninstalled it needs extra sim cards and wants to visit nearby banks in person.","this app is pretty good. the recent one was the nicest. however after the update, it restricts me from taking a screenshot. i would be happy if you remove screenshots restriction policy from this app. why i gave it five stars was because of the past performances of this app. keep in mind to remove the screenshot restriction policy from this app. and also it has no self authorizations. once uninstalled it needs extra sim cards and wants to visit nearby banks in person.",2025-08-20 06:51:02,5.2.1,,,913,google_play,2025-11-30T16:15:08.107712,84
a02f8c55-349e-4153-952e-b9fd9857015e,CBE,Commercial Bank of Ethiopia Mobile,com.combanketh.mobilebanking,5,"I would like to give you some feedback on Current update, its very nice and easy to use👍 but in some button there is still not improved For example while iwant to check my recent Txn it not well sequenced and arranged or some txn may not appear ... becouse of this i see many of users of this app discomferted maily merchants and those make High txn daily. improve and miximize the txn shown to 300 up to 500. make Searchable Recent txn button! All in all the bank i Relly on! CBE my bank !","i would like to give you some feedback on current update, its very nice and easy to use but in some button there is still not improved for example while iwant to check my recent txn it not well sequenced and arranged or some txn may not appear ... becouse of this i see many of users of this app discomferted maily merchants and those make high txn daily. improve and miximize the txn shown to 300 up to 500. make searchable recent txn button! all in all the bank i relly on! cbe my bank !",2025-08-29 21:06:10,5.2.1,,,23,google_play,2025-11-30T16:15:08.107712,97
e09cd140-b7c6-4789-95f9-6c9af4ecdd64,CBE,Commercial Bank of Ethiopia Mobile,com.combanketh.mobilebanking,1,"The new update is very bugged. can't view the names of account holders I previously had transactions with, and more recently, its almost impossible to load money to telebirr, always says unable to connect...please fix asap","the new update is very bugged. cant view the names of account holders i previously had transactions with, and more recently, its almost impossible to load money to telebirr, always says unable to connect...please fix asap",2025-08-22 21:19:37,5.2.1,,,28,google_play,2025-11-30T16:15:08.107712,36
cf460082-aaf9-4a02-a229-4028cdf95a91,CBE,Commercial Bank of Ethiopia Mobile,com.combanketh.mobilebanking,5,"Amazing, Delightful and Seamless Mobile Banking Application, I have ever Experienced!! Indeed, I feel Great Proud to be part of your Stakeholder! My First Choice Bank, Commercial Bank of Ethiopia, The Pioneer and Leading in Digital Banking Services in Ethiopia! Five stars ⭐⭐⭐⭐⭐ are little to you! Thank you so much🙏","amazing, delightful and seamless mobile banking application, i have ever experienced!! indeed, i feel great proud to be part of your stakeholder! my first choice bank, commercial bank of ethiopia, the pioneer and leading in digital banking services in ethiopia! five stars are little to you! thank you so much",2025-09-06 19:38:32,5.2.1,,,42,google_play,2025-11-30T16:15:08.107712,50
4eedb003-2dca-4470-a9d0-c2b6c3ec41ea,CBE,Commercial Bank of Ethiopia Mobile,com.combanketh.mobilebanking,3,3 stars because I can't see all my transaction history apart from the recents and a refresh button has been removed from the Recents activity. The app should allow clients to view all of the transactions not just recents.,3 stars because i cant see all my transaction history apart from the recents and a refresh button has been removed from the recents activity. the app should allow clients to view all of the transactions not just recents.,2025-10-11 07:21:33,5.2.1,,,6,google_play,2025-11-30T16:15:08.107712,39
aea499ca-d250-4cec-89d0-2b04c8caf16c,CBE,Commercial Bank of Ethiopia Mobile,com.combanketh.mobilebanking,2,"lately I am facing a problem with the app ,and the problem is when log in and inter my pin it doesn't work at all and says 'can't sync' why does it say that I was working fine a few day ago and also it says when I enter my pin 'change your pin to 6 digit pin and it doesn't allow me to change it please solve what is the problem with the app ?","lately i am facing a problem with the app ,and the problem is when log in and inter my pin it doesnt work at all and says cant sync why does it say that i was working fine a few day ago and also it says when i enter my pin change your pin to 6 digit pin and it doesnt allow me to change it please solve what is the problem with the app ?",2025-10-04 18:25:23,5.2.1,,,6,google_play,2025-11-30T16:15:08.107712,76
67398692-d12e-4229-9f88-67f25f1a7336,CBE,Commercial Bank of Ethiopia Mobile,com.combanketh.mobilebanking,2,"The app has a nice design and useful features like balance check and transfers, but it’s unstable and often fails to connect. It also forces users to turn off Developer Options, which is unnecessary — other banking apps work fine without that. Many people use Developer Mode for normal reasons. Please fix performance issues, remove this restriction, and add biometric login for better security and convenience","the app has a nice design and useful features like balance check and transfers, but its unstable and often fails to connect. it also forces users to turn off developer options, which is unnecessary other banking apps work fine without that. many people use developer mode for normal reasons. please fix performance issues, remove this restriction, and add biometric login for better security and convenience",2025-10-19 08:00:38,5.2.1,,,10,google_play,2025-11-30T16:15:08.107712,65
9c02c8ba-3634-4363-b888-e60ce895ba7a,CBE,Commercial Bank of Ethiopia Mobile,com.combanketh.mobilebanking,4,"it is very nice. but i have a serious suggestion when you send to other cbe birr customer, it does not show the name of the recipient befor it actually send the money. please improve this","it is very nice. but i have a serious suggestion when you send to other cbe birr customer, it does not show the name of the recipient befor it actually send the money. please improve this",2025-10-10 13:57:42,5.2.1,,,8,google_play,2025-11-30T16:15:08.107712,36
e6e9c63c-25e0-4df4-bf79-142536d808e9,CBE,Commercial Bank of Ethiopia Mobile,com.combanketh.mobilebanking,3,"I like the application very much because it is user friendly and makes transactions easiest, especially for business matters. But, these few days I faced difficulties of opening it. I tried to uninstall and re install the app, and re verified at the nearest cbe center. But still failed to use all the functions. It says 'none available'. Any suggestions please!","i like the application very much because it is user friendly and makes transactions easiest, especially for business matters. but, these few days i faced difficulties of opening it. i tried to uninstall and re install the app, and re verified at the nearest cbe center. but still failed to use all the functions. it says none available. any suggestions please!",2023-06-05 19:45:04,4.4.0,,,637,google_play,2025-11-30T16:15:08.107712,61
398ac276-dd9c-4eb7-8edb-0ce30a96ab22,CBE,Commercial Bank of Ethiopia Mobile,com.combanketh.mobilebanking,3,CBE needs to show transaction fees before the transaction is confirmed and not after. This is a big issue as fees are no longer insignificant.,cbe needs to show transaction fees before the transaction is confirmed and not after. this is a big issue as fees are no longer insignificant.,2025-11-03 09:00:51,5.2.1,,,0,google_play,2025-11-30T16:15:08.107712,25
5c93655e-e7c7-4467-887e-703513adfc36,CBE,Commercial Bank of Ethiopia Mobile,com.combanketh.mobilebanking,2,"I have been using this app for almost four years now. In the beginning, it was working fine. Sometime later, it gets difficult to create a connection to my account, and could not manage to make and see transactions on my account. After updating it lately, Jul 2020, I was glad this app came with some user interface improvements, and the connection was quite fast. Not longer than two weeks, the app starts to get stuck, and it cannot even show me the UI properly. As a result, I have a useless app on my cell phone, hoping that [you] will soon come with updates.","i have been using this app for almost four years now. in the beginning, it was working fine. sometime later, it gets difficult to create a connection to my account, and could not manage to make and see transactions on my account. after updating it lately, jul 2020, i was glad this app came with some user interface improvements, and the connection was quite fast. not longer than two weeks, the app starts to get stuck, and it cannot even show me the ui properly. as a result, i have a useless app on my cell phone, hoping that you will soon come with updates.",2020-09-03 09:29:59,4.1,,,435,google_play,2025-11-30T16:15:08.107712,105
1dcb4848-76ec-416d-a554-36a7340f3ee1,CBE,Commercial Bank of Ethiopia Mobile,com.combanketh.mobilebanking,3,"Application UI and new features are better than the previous version. I found a minor bugs though. I couldn't transfer to an account from the beneficiary list, it says None Available; There is still so much to do with the localization; Instead of ሰኔ it says ጁን and more like this; date conversion is missing also. If this minor things are fixed it will be much better.","application ui and new features are better than the previous version. i found a minor bugs though. i couldnt transfer to an account from the beneficiary list, it says none available there is still so much to do with the localization instead of it says and more like this date conversion is missing also. if this minor things are fixed it will be much better.",2020-11-05 13:22:13,4.2,,,426,google_play,2025-11-30T16:15:08.107712,65
264a79eb-f934-4bf9-ac6b-8246464eedb6,CBE,Commercial Bank of Ethiopia Mobile,com.combanketh.mobilebanking,4,"Most of the time, in the 'Recents' button the app becomes stuck and doesn't show up details of transactions and doesn't even scroll down; should be solved. Second, the app doesn't save the last pop-up screen when a transaction is complete. Third, there is no telebirr transfer to other person option and the app by default lets you to only own telebirr transfer.","most of the time, in the recents button the app becomes stuck and doesnt show up details of transactions and doesnt even scroll down should be solved. second, the app doesnt save the last popup screen when a transaction is complete. third, there is no telebirr transfer to other person option and the app by default lets you to only own telebirr transfer.",2022-10-06 05:48:25,4.3.2,,,604,google_play,2025-11-30T16:15:08.107712,63
bed1e8b6-e466-4047-9b5b-d7df6228a4ff,CBE,Commercial Bank of Ethiopia Mobile,com.combanketh.mobilebanking,5,"it's very nice simple and convenient app! but I have only one comment on double verifications after the finger prints. even thought its good for makin' it more secure, Its not neccessary to double verify after the finger print verification. no need to verify by pin again. thank you!","its very nice simple and convenient app! but i have only one comment on double verifications after the finger prints. even thought its good for makin it more secure, its not neccessary to double verify after the finger print verification. no need to verify by pin again. thank you!",2025-08-22 11:53:34,5.2.1,,,18,google_play,2025-11-30T16:15:08.107712,49
e5e7f832-6759-4005-9df6-5f8d6b354551,CBE,Commercial Bank of Ethiopia Mobile,com.combanketh.mobilebanking,4,"The app has some issues I updated recently and now I am not able to send funds to my telebirr wallet, also we need to have a place we save our contacts where we usually send money to, after update I keep loosing all the important accounts.","the app has some issues i updated recently and now i am not able to send funds to my telebirr wallet, also we need to have a place we save our contacts where we usually send money to, after update i keep loosing all the important accounts.",2025-08-23 12:30:48,5.2.1,,,18,google_play,2025-11-30T16:15:08.107712,47
ee52ec44-d6c1-4ea9-ab62-527d87ecb202,CBE,Commercial Bank of Ethiopia Mobile,com.combanketh.mobilebanking,1,"This app stooped working after i updated it. It says change password and i did, but it doesn't open with the new password. I don't like it.","this app stooped working after i updated it. it says change password and i did, but it doesnt open with the new password. i dont like it.",2025-08-23 01:30:08,5.2.1,,,18,google_play,2025-11-30T16:15:08.107712,27
9b341221-1506-43b6-9476-9eab4ef84ff8,CBE,Commercial Bank of Ethiopia Mobile,com.combanketh.mobilebanking,1,"URGENT FIX REQUIRED!!! The app does not work anymore! Account balance is not displayed. Trying to use any service on the app shows error ""None available"". What is the point of an internet/mobile banking app if you cannot carry out banking services from your fingertips? I also don't want to reinstall because CBE activation code can only be recieved in the bank, which sounds very ridiculous. These days, banks send OTP to email, so customers can manage their account anywhere in the world.","urgent fix required!!! the app does not work anymore! account balance is not displayed. trying to use any service on the app shows error none available. what is the point of an internetmobile banking app if you cannot carry out banking services from your fingertips? i also dont want to reinstall because cbe activation code can only be recieved in the bank, which sounds very ridiculous. these days, banks send otp to email, so customers can manage their account anywhere in the world.",2023-12-26 16:00:07,5.0.2,,,1669,google_play,2025-11-30T16:15:08.107712,83
8542d4c5-ec4e-4720-9a82-df371badc73d,CBE,Commercial Bank of Ethiopia Mobile,com.combanketh.mobilebanking,2,"The CBE mobile banking app is a time-saver, but it needs several improvements, like adding fingerprint authentication. It's risky when people see me entering my PIN. Additionally, the fees are unreasonable. You could learn from Tele Birr, which adjusts fees based on the transaction amount. However, the CBEMB app charges a flat 10 birr fee for amounts between 5 and 1000 birr, which I think is unfair.","the cbe mobile banking app is a timesaver, but it needs several improvements, like adding fingerprint authentication. its risky when people see me entering my pin. additionally, the fees are unreasonable. you could learn from tele birr, which adjusts fees based on the transaction amount. however, the cbemb app charges a flat 10 birr fee for amounts between 5 and 1000 birr, which i think is unfair.",2024-09-04 08:02:47,,,,120,google_play,2025-11-30T16:15:08.107712,67
a7721fe5-89e1-42e9-a487-283e7095a6eb,CBE,Commercial Bank of Ethiopia Mobile,com.combanketh.mobilebanking,1,"Still needs development on several features.... For example - bank statements available online. The text feature of available balance and debited/credited notifications is very old school and involves too much digital trail. App doesn't always work, could be due to network issues in Ethiopia though. Another major issue is an error message is displayed when transferring from CBE to other banks. Ive almost lost a few thousands doing this once. Always cross check your balances.","still needs development on several features.... for example bank statements available online. the text feature of available balance and debitedcredited notifications is very old school and involves too much digital trail. app doesnt always work, could be due to network issues in ethiopia though. another major issue is an error message is displayed when transferring from cbe to other banks. ive almost lost a few thousands doing this once. always cross check your balances.",2024-08-27 09:44:29,5.0.4,,,105,google_play,2025-11-30T16:15:08.107712,74
66ff0693-963b-4cf8-b470-23a46d10398e,CBE,Commercial Bank of Ethiopia Mobile,com.combanketh.mobilebanking,4,"I think it is a good app to use easily. However, I have one more comment: the app does not automatically sync or update the balance in real time. Please review this issue. For example, when someone transfers money, the receiver's app does not sync automatically. It requires the user to manually initiate an update to see the current balance.","i think it is a good app to use easily. however, i have one more comment the app does not automatically sync or update the balance in real time. please review this issue. for example, when someone transfers money, the receivers app does not sync automatically. it requires the user to manually initiate an update to see the current balance.",2025-09-04 13:52:49,,,,9,google_play,2025-11-30T16:15:08.107712,60
6e59b9f4-f3f4-4481-8cea-cf0e7d58e220,CBE,Commercial Bank of Ethiopia Mobile,com.combanketh.mobilebanking,1,the app constantly glitches and won't stop loading despite having a decent connection and a cleared cache. telebirr is way better,the app constantly glitches and wont stop loading despite having a decent connection and a cleared cache. telebirr is way better,2025-11-10 11:21:30,5.2.1,,,0,google_play,2025-11-30T16:15:08.107712,21
e6c7037c-9169-4360-8805-abf6adf7908c,CBE,Commercial Bank of Ethiopia Mobile,com.combanketh.mobilebanking,4,"With each update the app is getting slower and slower, specially when requesting transaction history. And I wish the logging process could be done easily. When someone changes a phone, it makes it mandatory to consult the branch and that makes it not to be self assisted. Hope you could fix it. Please add an option of transferring to other TeleBirr numbers other than the ""Own telebirr"" option. It id very limiting now a days","with each update the app is getting slower and slower, specially when requesting transaction history. and i wish the logging process could be done easily. when someone changes a phone, it makes it mandatory to consult the branch and that makes it not to be self assisted. hope you could fix it. please add an option of transferring to other telebirr numbers other than the own telebirr option. it id very limiting now a days",2023-08-11 09:02:24,4.4.0,,,380,google_play,2025-11-30T16:15:08.107712,75
79293336-209d-496f-8805-79557d4704f2,CBE,Commercial Bank of Ethiopia Mobile,com.combanketh.mobilebanking,4,The upgread is perfect and loved the new system could be accessed from any branch if u face problem in the application. The other thing if possible to add would be to expand the number of transaction be looked for all transaction back to a month period at list this will help review most transactions if there needs any review. The only problem I saw is that once a phone number is attached to another bank account # you need to provide another phone number to get the service. The rest is excellent,the upgread is perfect and loved the new system could be accessed from any branch if u face problem in the application. the other thing if possible to add would be to expand the number of transaction be looked for all transaction back to a month period at list this will help review most transactions if there needs any review. the only problem i saw is that once a phone number is attached to another bank account you need to provide another phone number to get the service. the rest is excellent,2020-07-31 13:15:47,4.1,,,68,google_play,2025-11-30T16:15:08.107712,92
b6b20563-1305-4c44-90f4-a5b726bc9c61,CBE,Commercial Bank of Ethiopia Mobile,com.combanketh.mobilebanking,1,"Suddenly the cbe application I was using stopped working and called callcenter, I was told it's because it expired and I should vist any branch to fix it. So I went to CBE Silassie branch.After filling a form they gave me, I sat down and waited until they finish fixing 2 customer's case who arrived before me. But then when it was my turn ppl who came after me with same mobile banking and even Atm card cases were finishing up and leaving I had to get back to my work so I left.with no service.why?","suddenly the cbe application i was using stopped working and called callcenter, i was told its because it expired and i should vist any branch to fix it. so i went to cbe silassie branch.after filling a form they gave me, i sat down and waited until they finish fixing 2 customers case who arrived before me. but then when it was my turn ppl who came after me with same mobile banking and even atm card cases were finishing up and leaving i had to get back to my work so i left.with no service.why?",2025-10-16 09:32:51,5.2.1,,,2,google_play,2025-11-30T16:15:08.107712,96
fc5dec73-4055-497c-abe9-b3e72a9eb973,CBE,Commercial Bank of Ethiopia Mobile,com.combanketh.mobilebanking,4,The app is user friendly. But i want some amendment or include option of sending money to other tele birr like other cbe birr.,the app is user friendly. but i want some amendment or include option of sending money to other tele birr like other cbe birr.,2025-09-18 18:58:07,5.2.1,,,11,google_play,2025-11-30T16:15:08.107712,24
93fb8392-2f3c-437e-aa58-3b0b34a99b01,CBE,Commercial Bank of Ethiopia Mobile,com.combanketh.mobilebanking,1,This app dash board is disturbing me. it is not showing me traxation and my balance while displaying others option on dashboard. I think it is a risk full app😭😭😭🤤🤤,this app dash board is disturbing me. it is not showing me traxation and my balance while displaying others option on dashboard. i think it is a risk full app,2025-10-15 10:21:58,5.2.1,,,5,google_play,2025-11-30T16:15:08.107712,30
4997b3bc-486e-4392-abb9-bea943f100d5,CBE,Commercial Bank of Ethiopia Mobile,com.combanketh.mobilebanking,4,it will be more better if the app have the feature receipt verifying from QR CODE SCREENSHOT IMAGES FROM gallery ... currently IT WORKS ONLY FROM DIRECT CAMERA CAPTURING,it will be more better if the app have the feature receipt verifying from qr code screenshot images from gallery ... currently it works only from direct camera capturing,2025-09-23 07:32:51,5.2.1,,,9,google_play,2025-11-30T16:15:08.107712,29
0d6f2b91-6c64-4226-9260-0a13a22ab3bd,CBE,Commercial Bank of Ethiopia Mobile,com.combanketh.mobilebanking,5,its easy to use and more secured than the previous one. i love it and appreciate commercial bank of ethiopia for every time update.,its easy to use and more secured than the previous one. i love it and appreciate commercial bank of ethiopia for every time update.,2025-10-16 18:22:14,5.2.1,,,5,google_play,2025-11-30T16:15:08.107712,24
9fe63693-8e5e-4c86-9d29-ff31afd057bf,CBE,Commercial Bank of Ethiopia Mobile,com.combanketh.mobilebanking,3,this app is very useful but sometimes when you want to see specific transactions it didn't work so that way i gave 3,this app is very useful but sometimes when you want to see specific transactions it didnt work so that way i gave 3,2025-09-20 14:07:39,5.2.1,,,11,google_play,2025-11-30T16:15:08.107712,23
50b3ec22-c555-40a9-bc10-7f72fb5a81c2,CBE,Commercial Bank of Ethiopia Mobile,com.combanketh.mobilebanking,5,It is amazing app but it is more better if it is possible to transfer from account to other telebirr,it is amazing app but it is more better if it is possible to transfer from account to other telebirr,2025-09-22 13:19:44,5.2.1,,,9,google_play,2025-11-30T16:15:08.107712,20
8b466649-63ed-4f72-b0c0-132add6b6c95,CBE,Commercial Bank of Ethiopia Mobile,com.combanketh.mobilebanking,3,"I am trying to access this app on my Android phone, but sometimes doesn't work. so kindly try to improve it.","i am trying to access this app on my android phone, but sometimes doesnt work. so kindly try to improve it.",2025-10-07 17:02:25,5.2.1,,,5,google_play,2025-11-30T16:15:08.107712,21
191335e8-5187-41aa-88a3-db0c23c49beb,CBE,Commercial Bank of Ethiopia Mobile,com.combanketh.mobilebanking,1,"The most unreliable banking app i ever used, the transactions are stuck halfway and i can't access my money then when you call the call center they ask that you wait 3-5 business days before they return the money what is the point off having a banking app if the transactions are unreliable and incomplete I'd rate less if i could.","the most unreliable banking app i ever used, the transactions are stuck halfway and i cant access my money then when you call the call center they ask that you wait 35 business days before they return the money what is the point off having a banking app if the transactions are unreliable and incomplete id rate less if i could.",2025-06-25 08:26:58,4.3.2,,,9,google_play,2025-11-30T16:15:08.107712,61
b6fa2156-34bf-44c3-a426-99521f790a04,CBE,Commercial Bank of Ethiopia Mobile,com.combanketh.mobilebanking,1,"once it is uninstalled, you need to visit a nearby bank. you go there and they ask you to have a new sim card which hasn't been used before. so you should buy a new sim card and you go back to them with a new sim card, when you reach there service provider says authentication pin is not arrive, the system is not working come back tomorrow.","once it is uninstalled, you need to visit a nearby bank. you go there and they ask you to have a new sim card which hasnt been used before. so you should buy a new sim card and you go back to them with a new sim card, when you reach there service provider says authentication pin is not arrive, the system is not working come back tomorrow.",2025-11-05 17:04:20,,,,0,google_play,2025-11-30T16:15:08.107712,68
3933ac15-719f-4050-a1a1-33217bebf895,CBE,Commercial Bank of Ethiopia Mobile,com.combanketh.mobilebanking,3,"The app is awesome. But there are many things to highlight.For example, When spending money from the account , a confirmation text message must be sent to the account holder. Also the fact that, the PIN is only four digits is not safe enough for security, if it is more than eight digits and includes numbers and symbols, it will be cool.","the app is awesome. but there are many things to highlight.for example, when spending money from the account , a confirmation text message must be sent to the account holder. also the fact that, the pin is only four digits is not safe enough for security, if it is more than eight digits and includes numbers and symbols, it will be cool.",2023-01-29 14:15:01,4.3.2,,,164,google_play,2025-11-30T16:15:08.107712,62
1fa93fa3-ddb4-4d48-be83-938b9040120c,CBE,Commercial Bank of Ethiopia Mobile,com.combanketh.mobilebanking,2,"The previous version is much better than this one. I used it for more than six years without any problem. But now I'm having a serious trouble with the updated app. I don't know why it takes him forever to refresh and load the home page once you sign in. And if it fails to load, it never recovers. I only see some UI changes. Really disappointed","the previous version is much better than this one. i used it for more than six years without any problem. but now im having a serious trouble with the updated app. i dont know why it takes him forever to refresh and load the home page once you sign in. and if it fails to load, it never recovers. i only see some ui changes. really disappointed",2021-01-01 19:50:49,4.2,,,659,google_play,2025-11-30T16:15:08.107712,67
a662acd2-c894-4fbe-a5f7-091bf2fd1be0,CBE,Commercial Bank of Ethiopia Mobile,com.combanketh.mobilebanking,1,"In fact, it's a good app to make our daily life easier! However, I have encountered several times issues with this app. 1. It's not always working with network error, even though the network is good on my phone. 2. It happened to me several times that when I transfer money to someone's account, I doubled the transfer! Or in another word, my money sent two times. If I wanted to send 10,000, I found that sent 20,000 because of the APP error. I hope this will be fixed soon.","in fact, its a good app to make our daily life easier! however, i have encountered several times issues with this app. 1. its not always working with network error, even though the network is good on my phone. 2. it happened to me several times that when i transfer money to someones account, i doubled the transfer! or in another word, my money sent two times. if i wanted to send 10,000, i found that sent 20,000 because of the app error. i hope this will be fixed soon.",2023-09-04 15:44:38,4.4.0,,,94,google_play,2025-11-30T16:15:08.107712,90
f0dd744a-9409-4619-9800-7ea501571b09,CBE,Commercial Bank of Ethiopia Mobile,com.combanketh.mobilebanking,1,"everytime you uninstall the app you have to reach them out physically. very oldy! if that's one of security layer, they'd check for fraud attempt via app source directly(source:- app store, play store ... etc) implicitly ! we are in 2025, physical presence for every app install is traditional(traditionally very rare).","everytime you uninstall the app you have to reach them out physically. very oldy! if thats one of security layer, theyd check for fraud attempt via app source directlysource app store, play store ... etc implicitly ! we are in 2025, physical presence for every app install is traditionaltraditionally very rare.",2025-06-04 20:33:36,5.1.0,,,50,google_play,2025-11-30T16:15:08.107712,51
708d6d27-0ccc-4118-8346-116cf3e7a8ac,CBE,Commercial Bank of Ethiopia Mobile,com.combanketh.mobilebanking,2,doesn't work unless with data doesn't refresh fast other wise functions ok but after the update transferring to telebirr is not working,doesnt work unless with data doesnt refresh fast other wise functions ok but after the update transferring to telebirr is not working,2025-08-23 12:16:14,5.2.1,,,20,google_play,2025-11-30T16:15:08.107712,22
c55fa126-6810-4210-9182-d97108bde183,CBE,Commercial Bank of Ethiopia Mobile,com.combanketh.mobilebanking,1,"It's very good in reminding the account numbers you have been used, but Need to show recipient history whenever you want to present it.or it has to have a search on options for a spesfic time you want to look for receipts with out going for account details at bank. if you lost your receipt without downloading it and need to look sometime a while you can't get in simple search on the app.","its very good in reminding the account numbers you have been used, but need to show recipient history whenever you want to present it.or it has to have a search on options for a spesfic time you want to look for receipts with out going for account details at bank. if you lost your receipt without downloading it and need to look sometime a while you cant get in simple search on the app.",2025-02-15 18:26:07,5.0.9,,,1047,google_play,2025-11-30T16:15:08.107712,74
3a8b9d4b-7f8a-4a46-b151-23c83380bf5c,CBE,Commercial Bank of Ethiopia Mobile,com.combanketh.mobilebanking,1,"Its hard to trust this application coz while transfering money it transfers two times to the same account after only one transfer click and sometimes it says error but it actualy have transfered the money, so i only use it if it is mandatory unless its better to go to the bank, so it still doesn't solve the problem not to go to the bank, i am sure it have some systematic errors","its hard to trust this application coz while transfering money it transfers two times to the same account after only one transfer click and sometimes it says error but it actualy have transfered the money, so i only use it if it is mandatory unless its better to go to the bank, so it still doesnt solve the problem not to go to the bank, i am sure it have some systematic errors",2022-03-01 13:01:03,4.3.1,,,137,google_play,2025-11-30T16:15:08.107712,73
546f92f4-9b13-4445-8e81-3df2be55d78c,CBE,Commercial Bank of Ethiopia Mobile,com.combanketh.mobilebanking,4,"It is a very basic app. Banks nowadays offer many services through their app. I suggest you add the abilty to get statements, the ability to freeze the card if stolen or when traveling. The abilty to use the card while traveling. I have noticed that if Ieave Ethiopia it is not possible to pay my bills back home. So in general the app is very helpful and eased the burden of carrying money arroubd in Ethiopia, please improve it further.","it is a very basic app. banks nowadays offer many services through their app. i suggest you add the abilty to get statements, the ability to freeze the card if stolen or when traveling. the abilty to use the card while traveling. i have noticed that if ieave ethiopia it is not possible to pay my bills back home. so in general the app is very helpful and eased the burden of carrying money arroubd in ethiopia, please improve it further.",2023-07-24 10:25:04,4.4.0,,,158,google_play,2025-11-30T16:15:08.107712,81
7ed7b42c-e976-454d-9651-5be2cc9f4fb6,CBE,Commercial Bank of Ethiopia Mobile,com.combanketh.mobilebanking,3,It works very well. I have two issues though 1/ it is not possible to transfer accounts in other Banks. 2/ the exoress money sending function dies not work as neither the recipient nor the sender get the secret number but the money will alrwady be sent. I had to go throgh a very lengthy process to get the money back with the transfer fee already deducted. In the end I lost three days plus the transfer fee for teying to send money fast. Other than these issues it does the rest of the job well.,it works very well. i have two issues though 1 it is not possible to transfer accounts in other banks. 2 the exoress money sending function dies not work as neither the recipient nor the sender get the secret number but the money will alrwady be sent. i had to go throgh a very lengthy process to get the money back with the transfer fee already deducted. in the end i lost three days plus the transfer fee for teying to send money fast. other than these issues it does the rest of the job well.,2021-09-15 09:35:12,4.3,,,140,google_play,2025-11-30T16:15:08.107712,96
8b89f96f-0ff7-4617-bf74-964ceaa72bb6,CBE,Commercial Bank of Ethiopia Mobile,com.combanketh.mobilebanking,1,"Currently the app is not working becuase I think they forgot to update it. It always shows'sync failed''. And there is no customer service online. People living abroad are having problems. It is a big shame. It is very annoying and not user friendly, People are using CBE just becuase salary is transferd there. The app is a total failur.","currently the app is not working becuase i think they forgot to update it. it always showssync failed. and there is no customer service online. people living abroad are having problems. it is a big shame. it is very annoying and not user friendly, people are using cbe just becuase salary is transferd there. the app is a total failur.",2022-02-06 13:37:54,,,,324,google_play,2025-11-30T16:15:08.107712,60
96904a6f-8f61-46b1-b5f3-c9292747a7d0,CBE,Commercial Bank of Ethiopia Mobile,com.combanketh.mobilebanking,2,"I have been using this app for more than a year it came with best version, but now after the last update it's not working well as before. It can't sync, the connection is not working at all. I can't see recent transactions and make any transfer , all the features are not working, I hope you will come with a better update soon.","i have been using this app for more than a year it came with best version, but now after the last update its not working well as before. it cant sync, the connection is not working at all. i cant see recent transactions and make any transfer , all the features are not working, i hope you will come with a better update soon.",2020-09-12 10:56:54,4.2,,,347,google_play,2025-11-30T16:15:08.107712,64
227c05f4-f142-4a08-8665-9f823e222e7c,CBE,Commercial Bank of Ethiopia Mobile,com.combanketh.mobilebanking,1,"This app has several issues based on my experience. Below are the problems that I encountered: 1. The app frequently crashes. 2. It only shows a limited transaction record history (25 transactions). 3. You can't access the transaction records after 8:00 pm and on Sundays. 4. It displays a ""payment failed"" message. It would be greatly appreciated if you could address these issues",this app has several issues based on my experience. below are the problems that i encountered 1. the app frequently crashes. 2. it only shows a limited transaction record history 25 transactions. 3. you cant access the transaction records after 800 pm and on sundays. 4. it displays a payment failed message. it would be greatly appreciated if you could address these issues,2024-08-25 06:52:04,5.0.4,,,1293,google_play,2025-11-30T16:15:08.107712,63
2f62e041-3e77-454f-815d-c7423cc574b8,CBE,Commercial Bank of Ethiopia Mobile,com.combanketh.mobilebanking,3,"Sometimes it brings a contradicting notifications. First I saw an internet poll form. After I filled it, another message comes that advises users not fill any forms sent or bank did not send such documents. Sometimes the app gets stack without any prior notices. It happened quite numerical times with me. Otherwise great app. I think a followup maintenance and improvements needed","sometimes it brings a contradicting notifications. first i saw an internet poll form. after i filled it, another message comes that advises users not fill any forms sent or bank did not send such documents. sometimes the app gets stack without any prior notices. it happened quite numerical times with me. otherwise great app. i think a followup maintenance and improvements needed",2024-03-09 14:39:44,5.0.4,,,889,google_play,2025-11-30T16:15:08.107712,62
ce51505a-bc18-4bb4-985b-69282db6deb1,CBE,Commercial Bank of Ethiopia Mobile,com.combanketh.mobilebanking,1,"Poor application. Let me list down if you could update the main features. It say error while the money has already sent. We can't get the transaction record (it has limited date) or somtimes the listed record transactions and the details are not the same while we enter to see further details. So if you can, try to see telebirr application and how much simple it is then try to update frequently.","poor application. let me list down if you could update the main features. it say error while the money has already sent. we cant get the transaction record it has limited date or somtimes the listed record transactions and the details are not the same while we enter to see further details. so if you can, try to see telebirr application and how much simple it is then try to update frequently.",2024-07-02 06:17:14,,,,237,google_play,2025-11-30T16:15:08.107712,72
667433cd-d4b2-4fbf-bf81-a1566a010aab,CBE,Commercial Bank of Ethiopia Mobile,com.combanketh.mobilebanking,1,The app keeps on crushing & I can't log in or access my account. Went to the bank for trouble shooting. The customer service was very poor and I told to reinstall the app and enter new activation key. I did and after starting to work for few hours again the prob is there and the app is still crushing and not working. Such poor service is unexpected from a big statd owned bank. You should fix the problem ASAP.,the app keeps on crushing i cant log in or access my account. went to the bank for trouble shooting. the customer service was very poor and i told to reinstall the app and enter new activation key. i did and after starting to work for few hours again the prob is there and the app is still crushing and not working. such poor service is unexpected from a big statd owned bank. you should fix the problem asap.,2019-03-05 23:47:44,,,,46,google_play,2025-11-30T16:15:08.107712,79
ebdece63-2793-4840-80c3-7b5bb983a361,CBE,Commercial Bank of Ethiopia Mobile,com.combanketh.mobilebanking,5,"I love this app. It's simple to use and syncs fast. The only issue I had was the balance shows only what's on the ledger, there is no way to tell what the actual balance is. I learn about the difference between the two balance types the hard way on an ATM machine. I would love to see that fixed in your next update.","i love this app. its simple to use and syncs fast. the only issue i had was the balance shows only whats on the ledger, there is no way to tell what the actual balance is. i learn about the difference between the two balance types the hard way on an atm machine. i would love to see that fixed in your next update.",2021-09-25 10:17:19,4.3,,,1206,google_play,2025-11-30T16:15:08.107712,64
24ffdfc1-a50b-4dd4-a102-370a052442b5,CBE,Commercial Bank of Ethiopia Mobile,com.combanketh.mobilebanking,4,"It is a nice app compared to the previous one. I appreciate you have included local language but the details in the Amharic section will return to English mode, please fix that problem plus additional local language will increase its usability. Also it would be nice if the terms and conditions agreements, security tips, charge and transfer limits.... are included in the app.","it is a nice app compared to the previous one. i appreciate you have included local language but the details in the amharic section will return to english mode, please fix that problem plus additional local language will increase its usability. also it would be nice if the terms and conditions agreements, security tips, charge and transfer limits.... are included in the app.",2020-07-26 07:24:02,,,,34,google_play,2025-11-30T16:15:08.107712,63
d511ced1-d71b-466e-84e2-6169dcc99949,CBE,Commercial Bank of Ethiopia Mobile,com.combanketh.mobilebanking,4,"The 'unsubscribe' button in the CBE Android app is misplaced. It should be at the middle of the menu or somewhere else rather than at the end. The end is usually for a 'log out"" and I inadvertently touched ''unsubscribe"" many times. This could lead to customers accidentally unsubscribing from the service.",the unsubscribe button in the cbe android app is misplaced. it should be at the middle of the menu or somewhere else rather than at the end. the end is usually for a log out and i inadvertently touched unsubscribe many times. this could lead to customers accidentally unsubscribing from the service.,2024-11-11 16:17:38,5.0.4,,,41,google_play,2025-11-30T16:15:08.107712,52
bdcb8bb5-f596-48dd-8309-9599f3d935db,CBE,Commercial Bank of Ethiopia Mobile,com.combanketh.mobilebanking,3,"It's a great app. I've been using this app since the bank launched it. As a long-term user, I would like to point out things that need to be improved. 1. Deleting money transfer history should be the user's choice. 2. There should be an option to download an in-depth transfer history for each transfer activity , just as there is posiblity to download a single time transfer recit. Do that and get 5 star.","its a great app. ive been using this app since the bank launched it. as a longterm user, i would like to point out things that need to be improved. 1. deleting money transfer history should be the users choice. 2. there should be an option to download an indepth transfer history for each transfer activity , just as there is posiblity to download a single time transfer recit. do that and get 5 star.",2022-03-18 16:07:57,4.3.1,,,358,google_play,2025-11-30T16:15:08.107712,75
f6bd7e63-ed19-4a2d-aef6-72532b0d62bc,CBE,Commercial Bank of Ethiopia Mobile,com.combanketh.mobilebanking,1,"It is a service that is not expected from such a large institution. I saw that your work is very complicated. The user does not understand well your application. In general, you have many problems. This application is not convenient for the end user. For instance I can't access my account from abroad what I depsited amount and transfer from my account to any any one .It is a shame.","it is a service that is not expected from such a large institution. i saw that your work is very complicated. the user does not understand well your application. in general, you have many problems. this application is not convenient for the end user. for instance i cant access my account from abroad what i depsited amount and transfer from my account to any any one .it is a shame.",2024-10-16 15:02:47,5.0.4,,,111,google_play,2025-11-30T16:15:08.107712,70
e7f2bdc0-b2b1-4186-b144-c173d8598412,CBE,Commercial Bank of Ethiopia Mobile,com.combanketh.mobilebanking,4,"It is a good and progressive app through the updates. I think the app should further solve its bugs like 1. It doesn't download or share attachment on android 12 and 11, it used to work on android 10. 2. Sometimes transactions seem like they have failed and there are no records, but the transactions actually have passed this is a very serious issue, because people will try the transaction again which will end up doubling the payment.","it is a good and progressive app through the updates. i think the app should further solve its bugs like 1. it doesnt download or share attachment on android 12 and 11, it used to work on android 10. 2. sometimes transactions seem like they have failed and there are no records, but the transactions actually have passed this is a very serious issue, because people will try the transaction again which will end up doubling the payment.",2022-09-15 08:45:28,4.3.2,,,336,google_play,2025-11-30T16:15:08.107712,78
544cf531-5360-4c9e-80ee-a232bf954823,CBE,Commercial Bank of Ethiopia Mobile,com.combanketh.mobilebanking,5,"I really love this app,it is amazing. It is more flexible than any other banks app. The only and main problem that I encountered with this app is,if it is uninstalled from this devices, I have to go to the bank and mostly the specific barank the account is opened to reconfigur again. This is very unpractical in most cases,since people are traveling and very busy in their day to day activities. Kindly consider to change this option.","i really love this app,it is amazing. it is more flexible than any other banks app. the only and main problem that i encountered with this app is,if it is uninstalled from this devices, i have to go to the bank and mostly the specific barank the account is opened to reconfigur again. this is very unpractical in most cases,since people are traveling and very busy in their day to day activities. kindly consider to change this option.",2023-09-11 12:34:18,5.0.2,,,2729,google_play,2025-11-30T16:15:08.107712,78
693eb7b1-9a9e-496a-ace1-29cc5f9266ac,CBE,Commercial Bank of Ethiopia Mobile,com.combanketh.mobilebanking,1,"This application is really bad. It is slow and doesn't work properly. It doesn't show recent activities. Using this app I transfered money to a friend and after showing deduction on my account, the money didn't reach the other end,the activity is not reflected on my recent transactions either. The worst app ever. It doesn't work outside of Ethiopia.","this application is really bad. it is slow and doesnt work properly. it doesnt show recent activities. using this app i transfered money to a friend and after showing deduction on my account, the money didnt reach the other end,the activity is not reflected on my recent transactions either. the worst app ever. it doesnt work outside of ethiopia.",2021-05-31 15:49:53,4.2,,,47,google_play,2025-11-30T16:15:08.107712,59
7d68d33b-b337-4119-a381-9ad93f9ddd8b,CBE,Commercial Bank of Ethiopia Mobile,com.combanketh.mobilebanking,2,as if the update of march 19 i can't take a screenshot in the app. i can just save it as file and that is so annoying. i used to save all screenshot in my gallery in one folder now with the extra steps added i have to save the file go to file and then screenshot it. the solution is to allow the screenshot to be save in to gallery automatically. i wish you give this review attention and resolve the issue shortly.,as if the update of march 19 i cant take a screenshot in the app. i can just save it as file and that is so annoying. i used to save all screenshot in my gallery in one folder now with the extra steps added i have to save the file go to file and then screenshot it. the solution is to allow the screenshot to be save in to gallery automatically. i wish you give this review attention and resolve the issue shortly.,2025-03-19 11:13:39,5.1.0,,,99,google_play,2025-11-30T16:15:08.107712,84
e61e79a4-1273-48d3-89db-790fd47e72a4,CBE,Commercial Bank of Ethiopia Mobile,com.combanketh.mobilebanking,3,"I'm blind. I have been using this service since 2008 EC. More or less both versions are accessible to our screen reader, talkback. However, after updating the app, its account tab couldn't display second account which is connected via CBE account. Secondly after transfering money, it shows save and share options but doesn't work.","im blind. i have been using this service since 2008 ec. more or less both versions are accessible to our screen reader, talkback. however, after updating the app, its account tab couldnt display second account which is connected via cbe account. secondly after transfering money, it shows save and share options but doesnt work.",2022-05-23 18:56:26,4.3.1,,,136,google_play,2025-11-30T16:15:08.107712,54
3a42a486-2d17-4c26-aae5-b50e4e021f41,CBE,Commercial Bank of Ethiopia Mobile,com.combanketh.mobilebanking,5,"Good mobile banking application except some bugs. For instance, when I transfer money from account to account, an error message called 'already existed account' appears. But the money was transferred without any confirmation message. If I was not aware of that, I tried multiple times and sent the money multiple times too.","good mobile banking application except some bugs. for instance, when i transfer money from account to account, an error message called already existed account appears. but the money was transferred without any confirmation message. if i was not aware of that, i tried multiple times and sent the money multiple times too.",2023-01-06 19:50:49,4.3.2,,,28,google_play,2025-11-30T16:15:08.107712,52
5bc12181-2b28-48e2-b454-b4b120ad2b26,CBE,Commercial Bank of Ethiopia Mobile,com.combanketh.mobilebanking,4,"Really I troubled to use this application since last week, I've been using it more than 2 years. I don't know what's wrong with it now. It can't synchronize, even can't see any update in my account. I tried to repair and manage in setting, but not possible. Also you don't have any means of online communication/ chat. Could you please tell me what to do?","really i troubled to use this application since last week, ive been using it more than 2 years. i dont know whats wrong with it now. it cant synchronize, even cant see any update in my account. i tried to repair and manage in setting, but not possible. also you dont have any means of online communication chat. could you please tell me what to do?",2021-04-18 16:35:14,4.2,,,113,google_play,2025-11-30T16:15:08.107712,66
28350142-42f5-4948-bbd0-aa3584b45bcb,CBE,Commercial Bank of Ethiopia Mobile,com.combanketh.mobilebanking,1,"I'll give 5 stars when the app has the function to see more than just a couple of transactions. Right now, you can not even go back one month and see prior transaction. That is a standard banking function that also CBE should have. Because of that only 1 Start.","ill give 5 stars when the app has the function to see more than just a couple of transactions. right now, you can not even go back one month and see prior transaction. that is a standard banking function that also cbe should have. because of that only 1 start.",2025-06-25 21:47:39,5.1.0,,,20,google_play,2025-11-30T16:15:08.107712,50
513341fc-8932-4ee5-b1c8-b947f834eb91,CBE,Commercial Bank of Ethiopia Mobile,com.combanketh.mobilebanking,1,"I have bad experience since I started using this app. I get ""none available "" error message while there is good internet connection. And I went to my branch two times to activate the app. There should be some way to activate without physically going to the branch. Anyway, it should be improved much from what it is now!!!","i have bad experience since i started using this app. i get none available error message while there is good internet connection. and i went to my branch two times to activate the app. there should be some way to activate without physically going to the branch. anyway, it should be improved much from what it is now!!!",2021-05-02 12:48:44,4.2,,,81,google_play,2025-11-30T16:15:08.107712,58
05a1c5c2-11c1-4c17-92c3-b42703565be5,CBE,Commercial Bank of Ethiopia Mobile,com.combanketh.mobilebanking,4,Easy to use and a lot of functionalities! Keep your eyes on two things: 1. The transactions shown in the Recent section are messed up (every time I refresh it it shows different output of order and messed transaction list) 2. What if we can transfer to other Telebirr number Finally the transaction fee for transfers made other than CBE acc is expensive.,easy to use and a lot of functionalities! keep your eyes on two things 1. the transactions shown in the recent section are messed up every time i refresh it it shows different output of order and messed transaction list 2. what if we can transfer to other telebirr number finally the transaction fee for transfers made other than cbe acc is expensive.,2024-05-28 12:03:07,5.0.4,,,83,google_play,2025-11-30T16:15:08.107712,63
e83b2d32-a305-4408-9c87-40f05b650185,CBE,Commercial Bank of Ethiopia Mobile,com.combanketh.mobilebanking,1,this is absolute trash why because it's not Woking most time the servers are down even though I'm using 4g data Internet they steal not working they use to work with out even data package now it's trash can't even send money,this is absolute trash why because its not woking most time the servers are down even though im using 4g data internet they steal not working they use to work with out even data package now its trash cant even send money,2025-11-09 15:24:52,5.2.1,,,0,google_play,2025-11-30T16:15:08.107712,42
3c30aa12-7f92-49c8-8986-69ed8b81f79f,CBE,Commercial Bank of Ethiopia Mobile,com.combanketh.mobilebanking,1,"fast and convenient app, thanks for your dedication as a bank to provide good options to your cuatomers.","fast and convenient app, thanks for your dedication as a bank to provide good options to your cuatomers.",2025-11-19 06:28:14,5.2.1,,,0,google_play,2025-11-30T16:15:08.107712,18
9b9850c0-7914-49c8-a51c-7265775accfe,CBE,Commercial Bank of Ethiopia Mobile,com.combanketh.mobilebanking,1,not allowing to transfer and showing current statement updates.,not allowing to transfer and showing current statement updates.,2025-11-19 16:51:36,5.2.1,,,0,google_play,2025-11-30T16:15:08.107712,9
8ce158a7-24be-43cf-9010-cf586ac0e65f,CBE,Commercial Bank of Ethiopia Mobile,com.combanketh.mobilebanking,1,"I have seen lots of issues on this app one of them is you can't use them in multiple device and you have to go to the place you opened your account in order to get mobile banking even if you change you device you have to go to the branch to activate it, why can't you just make it easy like the others banking system in Ethiopia. You should learn from abbisinia and dashen to be honest","i have seen lots of issues on this app one of them is you cant use them in multiple device and you have to go to the place you opened your account in order to get mobile banking even if you change you device you have to go to the branch to activate it, why cant you just make it easy like the others banking system in ethiopia. you should learn from abbisinia and dashen to be honest",2022-10-18 13:29:27,4.3.2,,,10,google_play,2025-11-30T16:15:08.107712,78
fe581ce0-d9b6-4838-9c32-8d98de12f16e,CBE,Commercial Bank of Ethiopia Mobile,com.combanketh.mobilebanking,3,"The app is good. However, whenever you changed your phone it requires authorization ID, approaching a branch is mandatory. The password reset option should be available to the user by adding other security details like user name, biometrics, account number, etc.","the app is good. however, whenever you changed your phone it requires authorization id, approaching a branch is mandatory. the password reset option should be available to the user by adding other security details like user name, biometrics, account number, etc.",2023-03-10 19:54:58,4.4.0,,,97,google_play,2025-11-30T16:15:08.107712,41
60f6ea4f-9a0d-4d52-bca1-0eb21df216c5,CBE,Commercial Bank of Ethiopia Mobile,com.combanketh.mobilebanking,1,"It only works at the first glance(only after installation and configuration). After that all the transfer options, utilities, top up doesn't work. It just say doesn't sync. Even the balance bord keeps loading and doesn't show the current balance.... Very poor experience ☹️😥.","it only works at the first glanceonly after installation and configuration. after that all the transfer options, utilities, top up doesnt work. it just say doesnt sync. even the balance bord keeps loading and doesnt show the current balance.... very poor experience .",2020-09-04 23:50:20,4.1,,,39,google_play,2025-11-30T16:15:08.107712,43
f56cce50-bc83-4d3f-b672-39c3d86316ba,CBE,Commercial Bank of Ethiopia Mobile,com.combanketh.mobilebanking,4,"The old one was very bad and clumsy. every time I tried to login there was a problem with synchronization, because of that I was close to clear my account from CBE and open a new one in privet bank, as they cares about their customers. In other hand the new one is perfect and shows a little bit reformation in the Headquarter and this makes us to trust this bank again.","the old one was very bad and clumsy. every time i tried to login there was a problem with synchronization, because of that i was close to clear my account from cbe and open a new one in privet bank, as they cares about their customers. in other hand the new one is perfect and shows a little bit reformation in the headquarter and this makes us to trust this bank again.",2020-08-01 22:13:26,4.1,,,103,google_play,2025-11-30T16:15:08.107712,72
b6c8fbb9-2d9f-4b14-b62d-7341a7b97f8f,CBE,Commercial Bank of Ethiopia Mobile,com.combanketh.mobilebanking,1,"The app is not friendly usable . For example, it asks you verification key as soon as you download it. There is no description where or how to get verification key. This is crazy. I never seen any app ask you verification key at the start . confusing app. No more try waste of time.","the app is not friendly usable . for example, it asks you verification key as soon as you download it. there is no description where or how to get verification key. this is crazy. i never seen any app ask you verification key at the start . confusing app. no more try waste of time.",2020-11-11 05:37:37,4.2,,,73,google_play,2025-11-30T16:15:08.107712,55
d534ceba-f6ba-417e-a67d-26ac1e543e65,CBE,Commercial Bank of Ethiopia Mobile,com.combanketh.mobilebanking,5,"I have not seen anything like it in the Ethiopian banking industry. It is very easy to use, fast, and offers a wide range of services. However, I would like to suggest a future modification: currently, the app only displays transactions for one month. It would be beneficial if it could show transactions for more than one month, including yearly transactions. Please consider this request. Thank you, Commercial Bank of Ethiopia, for this innovative app.","i have not seen anything like it in the ethiopian banking industry. it is very easy to use, fast, and offers a wide range of services. however, i would like to suggest a future modification currently, the app only displays transactions for one month. it would be beneficial if it could show transactions for more than one month, including yearly transactions. please consider this request. thank you, commercial bank of ethiopia, for this innovative app.",2024-07-19 17:51:55,5.0.4,,,753,google_play,2025-11-30T16:15:08.107712,75
0790562b-6dd1-459b-9d93-9e41e282ab64,CBE,Commercial Bank of Ethiopia Mobile,com.combanketh.mobilebanking,5,"It is a great app so far specially the speed is good. But it is important to know who send you money, so you should also show the sender's name if the receiver is in the sender's beneficiary list, because it shows the nick name of the receiver not the sender's name. Thank you.","it is a great app so far specially the speed is good. but it is important to know who send you money, so you should also show the senders name if the receiver is in the senders beneficiary list, because it shows the nick name of the receiver not the senders name. thank you.",2023-05-23 04:07:06,4.4.0,,,354,google_play,2025-11-30T16:15:08.107712,54
8a9453e3-602f-4509-8582-102d4fc66dcf,CBE,Commercial Bank of Ethiopia Mobile,com.combanketh.mobilebanking,2,Good app but it fail to send on time the commission money is unnecessary and also their are some bug like recent transaction page don't show the recent one ...... Try to improve it's back system as a bank system people want it in different situations so it has to work every time as could as possible if you don't get it when you want why we use mobile banking not branch service as I conclusion personally I like the bank because it is CBE but not their digital banking system Thanks,good app but it fail to send on time the commission money is unnecessary and also their are some bug like recent transaction page dont show the recent one ...... try to improve its back system as a bank system people want it in different situations so it has to work every time as could as possible if you dont get it when you want why we use mobile banking not branch service as i conclusion personally i like the bank because it is cbe but not their digital banking system thanks,2024-05-12 11:34:54,5.0.4,,,106,google_play,2025-11-30T16:15:08.107712,92
228920a5-a48b-4e75-b7fc-dcae32c14b4e,CBE,Commercial Bank of Ethiopia Mobile,com.combanketh.mobilebanking,4,"Since I started using this app it. Really helped me a lot. The CBE started some years ago and it is good progress, other foreign banks has money years experience and and the technology is theirs. Yes some inconvenience can occur the bank have to simplify it fast. Keep on going!!!","since i started using this app it. really helped me a lot. the cbe started some years ago and it is good progress, other foreign banks has money years experience and and the technology is theirs. yes some inconvenience can occur the bank have to simplify it fast. keep on going!!!",2022-12-15 07:22:45,4.3.2,,,24,google_play,2025-11-30T16:15:08.107712,51
27531fa4-3867-457e-a7c5-05ad1c75fa9b,CBE,Commercial Bank of Ethiopia Mobile,com.combanketh.mobilebanking,3,"The recent update automatically turns the developers option on, and when one starts the app, a message pops up saying the app does not work with the developers option on. So, one has to go to the settings and manually turn the developers option off. Otherwise the app doesn't work.","the recent update automatically turns the developers option on, and when one starts the app, a message pops up saying the app does not work with the developers option on. so, one has to go to the settings and manually turn the developers option off. otherwise the app doesnt work.",2025-01-01 18:58:12,5.0.8,,,262,google_play,2025-11-30T16:15:08.107712,50
50ffac9d-437d-4d26-af4f-b6b0153d55fd,CBE,Commercial Bank of Ethiopia Mobile,com.combanketh.mobilebanking,5,this app has developed in a very good ways but there are some comments I need to make 1- preventing the screenshot likely not good for someone like me coz I need to make screenshot for quicker evidence. 2-it would be good if you make us to access recent transaction histories for 30 days coz we don't have to go to the Bank's in person to see old transactions or add colander category so user can easily access old transactions through colanders.,this app has developed in a very good ways but there are some comments i need to make 1 preventing the screenshot likely not good for someone like me coz i need to make screenshot for quicker evidence. 2it would be good if you make us to access recent transaction histories for 30 days coz we dont have to go to the banks in person to see old transactions or add colander category so user can easily access old transactions through colanders.,2025-05-31 20:21:18,5.1.0,,,899,google_play,2025-11-30T16:15:08.107712,82
9b73facb-1aa0-4adf-b330-95bd49dfd936,CBE,Commercial Bank of Ethiopia Mobile,com.combanketh.mobilebanking,3,"App needs lots of updates to accomodate more demographic for Ethiopians leaving overseas. - Ability to use user name and password to use the application. People leaving over seas if they lose their phone, they can't have access to the application again unless u got to Ethiopia and activated it on the new phone! That's rediocoulus. - This application seems like it's a transfer application, not a bank application. I should be able to do more things such as viewing bank statements and more....","app needs lots of updates to accomodate more demographic for ethiopians leaving overseas. ability to use user name and password to use the application. people leaving over seas if they lose their phone, they cant have access to the application again unless u got to ethiopia and activated it on the new phone! thats rediocoulus. this application seems like its a transfer application, not a bank application. i should be able to do more things such as viewing bank statements and more....",2024-08-21 14:30:56,5.0.4,,,12,google_play,2025-11-30T16:15:08.107712,82
c3739029-ab5f-4272-92d6-7a301c78fc48,CBE,Commercial Bank of Ethiopia Mobile,com.combanketh.mobilebanking,3,"I really like this app as it is being updated from time to time and includes multiple payment options. In particular, giving a receipt makes it even more preferable. However, when it is refreshed, it does not show the history of credit and deposit in order and, I am of the opinion that it is better if the recent history is fixed respectively according to the transaction date in the future because there is a problem of confusion.","i really like this app as it is being updated from time to time and includes multiple payment options. in particular, giving a receipt makes it even more preferable. however, when it is refreshed, it does not show the history of credit and deposit in order and, i am of the opinion that it is better if the recent history is fixed respectively according to the transaction date in the future because there is a problem of confusion.",2024-09-12 18:03:36,5.0.4,,,167,google_play,2025-11-30T16:15:08.107712,78
d1cbd4f1-17ca-471d-9dda-fd9ffc08f9c9,CBE,Commercial Bank of Ethiopia Mobile,com.combanketh.mobilebanking,5,It is a a much better App than other Private Banks. But you have to include the following options; 1. The Bank Statement should be Unlimited. It should allow to see all Transactions by Tracing Back. No Need to Limit it with only one Page Transaction (May be 10Page). 2. You have to Work on transferring Money to other Banks too. You can ask additional payment for it. But the Service will be Essential for Us.,it is a a much better app than other private banks. but you have to include the following options 1. the bank statement should be unlimited. it should allow to see all transactions by tracing back. no need to limit it with only one page transaction may be 10page. 2. you have to work on transferring money to other banks too. you can ask additional payment for it. but the service will be essential for us.,2021-09-21 06:46:23,4.3,,,174,google_play,2025-11-30T16:15:08.107712,76
047ab6ed-fbb2-4f88-ab6b-7fa4c1e7d2fd,CBE,Commercial Bank of Ethiopia Mobile,com.combanketh.mobilebanking,5,some time when make transfer from Mobile account to other cbebirr wallet no show customer name so please check it......thanks my cbe.. cbebirr application very nice application wallet,some time when make transfer from mobile account to other cbebirr wallet no show customer name so please check it......thanks my cbe.. cbebirr application very nice application wallet,2025-09-20 18:56:30,5.2.1,,,5,google_play,2025-11-30T16:15:08.107712,28
d38d8b3c-ea51-4a79-8300-450d0270fb3d,CBE,Commercial Bank of Ethiopia Mobile,com.combanketh.mobilebanking,2,"it's not work correctly when it's needed sometimes, but it works sometimes though","its not work correctly when its needed sometimes, but it works sometimes though",2025-10-16 20:14:45,5.2.1,,,1,google_play,2025-11-30T16:15:08.107712,13
baa7bd9e-79b8-4af7-9b9c-478091559a88,CBE,Commercial Bank of Ethiopia Mobile,com.combanketh.mobilebanking,4,"I love it so much for its nice user interface and massive improvement. One much important thing it lacks is that, it synchronizes #ONLY-ONE account per app. For this reason, people (customers) who had >/= 2 accounts for different reasons, are obliged to visit the local CBE branch, which is unadvisable especially during COVID-19 era. I hope you will do your best on it.","i love it so much for its nice user interface and massive improvement. one much important thing it lacks is that, it synchronizes onlyone account per app. for this reason, people customers who had 2 accounts for different reasons, are obliged to visit the local cbe branch, which is unadvisable especially during covid19 era. i hope you will do your best on it.",2020-08-01 23:21:37,4.1,,,167,google_play,2025-11-30T16:15:08.107712,63
ea29dc1c-fa1b-46b9-9b9c-dc69f2641c47,CBE,Commercial Bank of Ethiopia Mobile,com.combanketh.mobilebanking,3,"The Most worrying thing of this Application is, while you confirm Transfer and hit ok, it prompted ""Connection error"" but actually if you see your balance the transfer was already done. This is serious bugg which you need to update and make security amendment's. I personally send twice one day , if the reciepent wasn't kind enough, imagine what will happen. Serious problem which needs Attention.","the most worrying thing of this application is, while you confirm transfer and hit ok, it prompted connection error but actually if you see your balance the transfer was already done. this is serious bugg which you need to update and make security amendments. i personally send twice one day , if the reciepent wasnt kind enough, imagine what will happen. serious problem which needs attention.",2022-02-12 09:30:08,4.3.1,,,204,google_play,2025-11-30T16:15:08.107712,66
4bfb46b5-9f75-4921-8378-08262932b189,CBE,Commercial Bank of Ethiopia Mobile,com.combanketh.mobilebanking,2,"I've been using this app for quite some time now and recently I've been seeing some unusual bugs, like saying error repository report, not syncing when I transfer to another account but then when I try it again, sent complete but has sent to that account twice... deducted twice...this needs to fixed ASAP...","ive been using this app for quite some time now and recently ive been seeing some unusual bugs, like saying error repository report, not syncing when i transfer to another account but then when i try it again, sent complete but has sent to that account twice... deducted twice...this needs to fixed asap...",2023-08-03 19:32:04,4.4.0,,,34,google_play,2025-11-30T16:15:08.107712,53
16771b61-840b-488e-b3d7-6006d298b3f9,CBE,Commercial Bank of Ethiopia Mobile,com.combanketh.mobilebanking,1,"As a financial app, the app should be more sensetive for any action. When i do some transaction, it shows error message. But the transaction already done at the back. If you see error messages, it may not be error. Automatically stop doing any action see your balance and wait for your sms.","as a financial app, the app should be more sensetive for any action. when i do some transaction, it shows error message. but the transaction already done at the back. if you see error messages, it may not be error. automatically stop doing any action see your balance and wait for your sms.",2022-11-01 07:24:35,4.3.2,,,19,google_play,2025-11-30T16:15:08.107712,53
ad2d3d2d-88e5-422d-91a7-4e80e185a32e,CBE,Commercial Bank of Ethiopia Mobile,com.combanketh.mobilebanking,4,"Its nice user interface...I hope you fix synchronisation fail problems that is common in before apk. In before apk if you are in middle of try to send the money and unfortunately internet is disconnected or someone is call you , the application say to you synchronisation is fail ..try to restart my phone or off and on internet the application never work again.. I call 951 but never get any support .","its nice user interface...i hope you fix synchronisation fail problems that is common in before apk. in before apk if you are in middle of try to send the money and unfortunately internet is disconnected or someone is call you , the application say to you synchronisation is fail ..try to restart my phone or off and on internet the application never work again.. i call 951 but never get any support .",2020-06-28 20:12:09,4.1,,,31,google_play,2025-11-30T16:15:08.107712,73
1851fb0d-c940-4c97-a338-7b1a9a8ef553,CBE,Commercial Bank of Ethiopia Mobile,com.combanketh.mobilebanking,5,Numbers 2 and 3 don't write during pin verification.,numbers 2 and 3 dont write during pin verification.,2025-11-05 19:58:03,5.2.1,,,0,google_play,2025-11-30T16:15:08.107712,9
f6f0289e-3003-4556-81d9-27f96964036c,CBE,Commercial Bank of Ethiopia Mobile,com.combanketh.mobilebanking,3,"The review page keeps loading, and even sync is completed. The history page always shows old/unknown transactions. ...... Edited: I guess the loading page means it expires and needs to go to the nearest bank and ask for an extension for another 3 years. Upgrade to 3 stars .","the review page keeps loading, and even sync is completed. the history page always shows oldunknown transactions. ...... edited i guess the loading page means it expires and needs to go to the nearest bank and ask for an extension for another 3 years. upgrade to 3 stars .",2024-12-30 12:20:21,5.0.7,,,199,google_play,2025-11-30T16:15:08.107712,49
af16e571-1b17-4134-8f1b-f59c36c2d2ef,CBE,Commercial Bank of Ethiopia Mobile,com.combanketh.mobilebanking,2,"This has so many bugs and doesn't update transaction logs in time, to make it worse it shows error message when you send money but deducts from account at same time but never lets you know that the transaction was successful. And it has very annoying greeting notification.","this has so many bugs and doesnt update transaction logs in time, to make it worse it shows error message when you send money but deducts from account at same time but never lets you know that the transaction was successful. and it has very annoying greeting notification.",2024-08-09 10:14:24,,,,20,google_play,2025-11-30T16:15:08.107712,48
3cfb8758-f050-42e6-ae79-ba637527da9e,CBE,Commercial Bank of Ethiopia Mobile,com.combanketh.mobilebanking,5,"In the previous, I gave 4 🌟 for this app based on my evaluation. This app was without biometric security and may be exposed to cheaters unexpectedly. It is solved now. You can add verification security on the setting app. But there is something problem still with verification. It must prevent logging in without correct input fingerprint.","in the previous, i gave 4 for this app based on my evaluation. this app was without biometric security and may be exposed to cheaters unexpectedly. it is solved now. you can add verification security on the setting app. but there is something problem still with verification. it must prevent logging in without correct input fingerprint.",2024-12-20 09:46:42,5.0.7,,,3011,google_play,2025-11-30T16:15:08.107712,56
2746c645-156a-4871-ad73-9094918aa153,CBE,Commercial Bank of Ethiopia Mobile,com.combanketh.mobilebanking,4,"It's good app, it is simple to use. It would be better if there was more recent records on the ""recents"" toolbar. It is only about 17 deposit and withdrawal recent records displayed to the user while others are deleted automatically.","its good app, it is simple to use. it would be better if there was more recent records on the recents toolbar. it is only about 17 deposit and withdrawal recent records displayed to the user while others are deleted automatically.",2022-03-28 09:18:51,4.3.1,,,128,google_play,2025-11-30T16:15:08.107712,41
383a6845-98b7-4d0f-9e95-d99be6a0e147,CBE,Commercial Bank of Ethiopia Mobile,com.combanketh.mobilebanking,1,"You guys really need to improve the app. I know there are lots of users, more than any other bank. But still look at telebirr. There is an issue of receiving text when money is deposited. Buying airline ticket is a Hussle. The app in its current state doesn't represent the giant CBE!!","you guys really need to improve the app. i know there are lots of users, more than any other bank. but still look at telebirr. there is an issue of receiving text when money is deposited. buying airline ticket is a hussle. the app in its current state doesnt represent the giant cbe!!",2023-07-14 08:09:36,4.4.0,,,118,google_play,2025-11-30T16:15:08.107712,53
908fa9ec-6911-4bdf-9a76-ae876772c62e,CBE,Commercial Bank of Ethiopia Mobile,com.combanketh.mobilebanking,1,I tried to transfer a payment to my friend. The app did not show me any confirmation of a payment I belived as the payment was not sent to my friend so I tried many times. At the end I have found out that my account was out of balance. Its A Crazy And Unreliable App.,i tried to transfer a payment to my friend. the app did not show me any confirmation of a payment i belived as the payment was not sent to my friend so i tried many times. at the end i have found out that my account was out of balance. its a crazy and unreliable app.,2021-06-03 14:23:41,4.2,,,15,google_play,2025-11-30T16:15:08.107712,56
485fe2be-e4bb-42c2-8475-73b76354db67,CBE,Commercial Bank of Ethiopia Mobile,com.combanketh.mobilebanking,1,"The app doesn't have more option. I expected more and convinient features than other local banks mobile app however i found it poor. Pls add option where clients can check statment back dated, ....etc u need to advace the security like disabling screen shots from mobile device. I recommend you to bench mark Wells Fargo app.","the app doesnt have more option. i expected more and convinient features than other local banks mobile app however i found it poor. pls add option where clients can check statment back dated, ....etc u need to advace the security like disabling screen shots from mobile device. i recommend you to bench mark wells fargo app.",2021-09-14 16:39:43,4.3,,,37,google_play,2025-11-30T16:15:08.107712,56
6ea78d33-ffec-4a27-ad7a-17718a383198,CBE,Commercial Bank of Ethiopia Mobile,com.combanketh.mobilebanking,4,"Although it is a great, quick, and simple tool to use for a variety of financial transaction purposes, an upgrade of biometrics and a six-digit pin code option should be introduced for increased security. More importantly, it would be great if it could provide an online cash receipt voucher for printout.","although it is a great, quick, and simple tool to use for a variety of financial transaction purposes, an upgrade of biometrics and a sixdigit pin code option should be introduced for increased security. more importantly, it would be great if it could provide an online cash receipt voucher for printout.",2023-08-01 14:44:12,,,,13,google_play,2025-11-30T16:15:08.107712,51
091524f0-4a82-4caf-992a-e6a8ad14164a,CBE,Commercial Bank of Ethiopia Mobile,com.combanketh.mobilebanking,2,I have been using the previous version of this app. My android version is 6.0 but unfortunately this new update support android 7.0 or higher. I don't know why you choose to do that. Most famous app here in google play are still support devices starting from version 4.0. considering most of the users to be from Ethiopia I don't think you will target almost all of the customers with the current lowest version support. Please address this issues we are facing.,i have been using the previous version of this app. my android version is 6.0 but unfortunately this new update support android 7.0 or higher. i dont know why you choose to do that. most famous app here in google play are still support devices starting from version 4.0. considering most of the users to be from ethiopia i dont think you will target almost all of the customers with the current lowest version support. please address this issues we are facing.,2020-09-11 15:26:04,1.0,,,19,google_play,2025-11-30T16:15:08.107712,82
24550474-adc1-4385-8743-0fe8f1864540,CBE,Commercial Bank of Ethiopia Mobile,com.combanketh.mobilebanking,1,"Old version was very friendly to use. Now we can't see the #Reason The #transaction history (very limited) and now it crash every time it's opened. More over, the last update prevents us from taking #screenshots. Thanks for the developers as they are getting more stupid than ever.","old version was very friendly to use. now we cant see the reason the transaction history very limited and now it crash every time its opened. more over, the last update prevents us from taking screenshots. thanks for the developers as they are getting more stupid than ever.",2025-03-21 20:23:26,5.1.0,,,62,google_play,2025-11-30T16:15:08.107712,48
a8dbb10b-e66b-4365-b722-17cec134c7c8,CBE,Commercial Bank of Ethiopia Mobile,com.combanketh.mobilebanking,3,"CBE, please fix this app or you'll be left behind. Considering this was one of the first banking apps in Ethiopia, most bugs should have been fixed by now. But bugs still abound. It worked from outside Ethiopia but not for long. I haven't been able to use it (from outside Ethiopia) for the past 4 weeks. No updates visible. Nothing against the country that I dearly love. But this app is the one-eyed version as far as banking apps go. You know... a one-eyed man is a king...","cbe, please fix this app or youll be left behind. considering this was one of the first banking apps in ethiopia, most bugs should have been fixed by now. but bugs still abound. it worked from outside ethiopia but not for long. i havent been able to use it from outside ethiopia for the past 4 weeks. no updates visible. nothing against the country that i dearly love. but this app is the oneeyed version as far as banking apps go. you know... a oneeyed man is a king...",2021-06-28 15:55:52,4.3,,,148,google_play,2025-11-30T16:15:08.107712,89
f4a2e962-0c5a-4e88-95ea-a0520fed1a5c,CBE,Commercial Bank of Ethiopia Mobile,com.combanketh.mobilebanking,2,"I used it for the past 2 years. I live outside of Ethiopia, so it was very convenient to deposit or transfer money to and from my account. However, recently i kept getting ""None available"" message and not even able to see my balance or pull out people previous account information. So i uninstall and installed it, now it is asking me a key code whice you normally get it from ur bank. As i said,I live outside of Ethio, so unable to use this app anymore.","i used it for the past 2 years. i live outside of ethiopia, so it was very convenient to deposit or transfer money to and from my account. however, recently i kept getting none available message and not even able to see my balance or pull out people previous account information. so i uninstall and installed it, now it is asking me a key code whice you normally get it from ur bank. as i said,i live outside of ethio, so unable to use this app anymore.",2023-12-03 18:28:28,5.0.2,,,940,google_play,2025-11-30T16:15:08.107712,87
12218bd1-3921-45fe-8ecf-05ac7d7cb4a3,CBE,Commercial Bank of Ethiopia Mobile,com.combanketh.mobilebanking,5,I appreciated by this app. But it can't send money to inactive account and pending authorization account. Please develop more. I have long experience( more than 3 years) with former version and ussd *889#. This latter version is better than both. Keep it up!thank you. is there any payment for using cbe mobile bank? Please explain,i appreciated by this app. but it cant send money to inactive account and pending authorization account. please develop more. i have long experience more than 3 years with former version and ussd 889. this latter version is better than both. keep it up!thank you. is there any payment for using cbe mobile bank? please explain,2020-12-06 15:50:10,4.2,With every new app version we are introducing new features and improving existing ones. We are sure that your feedback will only help us improve further.,2020-10-28 18:46:46,193,google_play,2025-11-30T16:15:08.107712,56
2f2c87df-7501-425d-8e68-bc05216cd340,CBE,Commercial Bank of Ethiopia Mobile,com.combanketh.mobilebanking,1,"The app was updated 7 days ago. Since then it doesn't show the balance and seems like it is trying to update but the update never show a result even if after the green indicator shows sync finished and all the links for the different transaction say ""none available"".",the app was updated 7 days ago. since then it doesnt show the balance and seems like it is trying to update but the update never show a result even if after the green indicator shows sync finished and all the links for the different transaction say none available.,2023-04-03 18:27:45,4.4.0,,,77,google_play,2025-11-30T16:15:08.107712,49
ceca6531-d52e-4f24-b61a-1f804b5897b2,CBE,Commercial Bank of Ethiopia Mobile,com.combanketh.mobilebanking,3,"From the UX perspective it can be better, it's old and it's not obvious where you can find some things","from the ux perspective it can be better, its old and its not obvious where you can find some things",2025-09-22 14:21:18,5.2.1,,,34,google_play,2025-11-30T16:15:08.107712,20
df6a85c2-2e6a-4509-aced-e0b11f4c9590,CBE,Commercial Bank of Ethiopia Mobile,com.combanketh.mobilebanking,1,"The inconvenience of this app is that it requires developer options to be turned off. This hinders my ability to customize my phone as some of the customization can only be done in the developer options. Also, it didn't have this requirement before, so why now? And please return it how it was because this should not be an issue. Also, when a transaction is completed before it used to allow me to save the image of the completed transaction, now it doesn't, so please fix that also.","the inconvenience of this app is that it requires developer options to be turned off. this hinders my ability to customize my phone as some of the customization can only be done in the developer options. also, it didnt have this requirement before, so why now? and please return it how it was because this should not be an issue. also, when a transaction is completed before it used to allow me to save the image of the completed transaction, now it doesnt, so please fix that also.",2025-01-01 12:06:39,,,,33,google_play,2025-11-30T16:15:08.107712,88
372f2c5a-61f8-493e-906a-44a47462272f,CBE,Commercial Bank of Ethiopia Mobile,com.combanketh.mobilebanking,2,"Add customer service please other than calling 951. Why would you have a mobile app but not an online text-based customer service? Why? Disappointing And I will never use the top-up feature again, I have been trying to recharge my safaricom balance but your app would say time out and then credit my account but never recharge my balance, why? Where is my money? Do you expect me to call 951 at midnight?","add customer service please other than calling 951. why would you have a mobile app but not an online textbased customer service? why? disappointing and i will never use the topup feature again, i have been trying to recharge my safaricom balance but your app would say time out and then credit my account but never recharge my balance, why? where is my money? do you expect me to call 951 at midnight?",2025-02-08 20:15:57,5.0.9,,,19,google_play,2025-11-30T16:15:08.107712,73
f4536334-6f9f-4766-b44b-e12bfb665da1,CBE,Commercial Bank of Ethiopia Mobile,com.combanketh.mobilebanking,4,Sometimes I make transactions twice because of repository failed issue Its annoying The app gets too busy it may also be closed when the recent option is clicked. After making a transaction there is a download option but it says can't save the image. Other than this issues the app is user friendly,sometimes i make transactions twice because of repository failed issue its annoying the app gets too busy it may also be closed when the recent option is clicked. after making a transaction there is a download option but it says cant save the image. other than this issues the app is user friendly,2022-12-29 14:43:33,,,,21,google_play,2025-11-30T16:15:08.107712,53
88e7f4bf-cc48-49f3-80f4-6e2901894772,CBE,Commercial Bank of Ethiopia Mobile,com.combanketh.mobilebanking,4,"The app is great and easy to use. My issue is that, it some times show error message indicating failed transfer transaction, but when I check my balance later it actually made the transaction. This incident happened to me twice.","the app is great and easy to use. my issue is that, it some times show error message indicating failed transfer transaction, but when i check my balance later it actually made the transaction. this incident happened to me twice.",2022-12-16 11:59:18,4.3.2,,,72,google_play,2025-11-30T16:15:08.107712,40
ee4d489f-04f2-428c-80bf-e795c79582fe,CBE,Commercial Bank of Ethiopia Mobile,com.combanketh.mobilebanking,1,"After the recent updates, I am unable to download a receipt. I can't see the names of account holders I've previously transacted with. Very important. Please fix it asap.","after the recent updates, i am unable to download a receipt. i cant see the names of account holders ive previously transacted with. very important. please fix it asap.",2025-11-03 08:43:33,,,,1,google_play,2025-11-30T16:15:08.107712,29
9e6b8e08-8acf-4e1f-a179-a5a703ff2ebc,CBE,Commercial Bank of Ethiopia Mobile,com.combanketh.mobilebanking,2,"The CBE app has been highly unreliable in recent weeks. It frequently fails to work properly on both Ethio Telecom and Safaricom networks, whether using Wi-Fi or mobile data. This week, the system was down entirely for extended periods, making it very difficult to access banking services. The app only functions intermittently, and the lack of consistency is frustrating. I hope the issues are addressed soon, and that any non-technical influences are removed from such essential services.","the cbe app has been highly unreliable in recent weeks. it frequently fails to work properly on both ethio telecom and safaricom networks, whether using wifi or mobile data. this week, the system was down entirely for extended periods, making it very difficult to access banking services. the app only functions intermittently, and the lack of consistency is frustrating. i hope the issues are addressed soon, and that any nontechnical influences are removed from such essential services.",2025-05-25 09:54:25,5.1.0,,,114,google_play,2025-11-30T16:15:08.107712,77
0da46255-e83e-4566-8605-add4af1cdf45,CBE,Commercial Bank of Ethiopia Mobile,com.combanketh.mobilebanking,1,"Won't update my account balance, severely out of sync. When I checked at the ATM it was a completely different number. General cbe problem, but the transactions take 10 days to post from a POS transaction. Makes t extremely difficult to use.","wont update my account balance, severely out of sync. when i checked at the atm it was a completely different number. general cbe problem, but the transactions take 10 days to post from a pos transaction. makes t extremely difficult to use.",2023-12-14 06:29:14,5.0.2,,,557,google_play,2025-11-30T16:15:08.107712,42
d16d1ed4-9b1c-4faa-9695-cba2aa6064a3,CBE,Commercial Bank of Ethiopia Mobile,com.combanketh.mobilebanking,1,Commission paid 5 birr that alot even if I didn't do any transactions they still cut 5 birr soon I will run out money because of this o regret using this. I'm student I don't make money they have to consider what they doing not just that after first time using it they will take/cut 50 birr for fee that unreasonable. DONT USE THIS APP !!!!!!!!!!!!!!!!!!!!!!!!!!!!!!!!!!!!!!!!!!!!!!!!!!!!!!!!!!!!!!!!!!!!!!!!!!!!!!!!!! I HAVE SCREENSHOT FOR EVIDENCE DONT REPLY ME THIS IS accusations,commission paid 5 birr that alot even if i didnt do any transactions they still cut 5 birr soon i will run out money because of this o regret using this. im student i dont make money they have to consider what they doing not just that after first time using it they will takecut 50 birr for fee that unreasonable. dont use this app !!!!!!!!!!!!!!!!!!!!!!!!!!!!!!!!!!!!!!!!!!!!!!!!!!!!!!!!!!!!!!!!!!!!!!!!!!!!!!!!!! i have screenshot for evidence dont reply me this is accusations,2023-12-03 19:46:51,5.0.2,,,16,google_play,2025-11-30T16:15:08.107712,77
8637fab1-44c4-4b1d-930d-138fad9cd7ec,CBE,Commercial Bank of Ethiopia Mobile,com.combanketh.mobilebanking,1,"The app got dumber in the last update. Poorly organized, redundant item across different categories. I wrote this review with my phone barred from calls because I couldn't settle my bill from your old ""utilities"" or the newly added ""utility"" tab.","the app got dumber in the last update. poorly organized, redundant item across different categories. i wrote this review with my phone barred from calls because i couldnt settle my bill from your old utilities or the newly added utility tab.",2024-03-06 12:08:57,5.0.4,,,158,google_play,2025-11-30T16:15:08.107712,41
7544d1f2-4ae1-4fd4-a935-cdb7b9b62cfc,CBE,Commercial Bank of Ethiopia Mobile,com.combanketh.mobilebanking,5,"I love this app, it is easy to use and makes my life easier. Sometimes it says time out but sends money and sends agin. To send for other banks it is almost difficult and for other telbirr customers not totally possible yet. If these issues solved, the app is supper 5 star.","i love this app, it is easy to use and makes my life easier. sometimes it says time out but sends money and sends agin. to send for other banks it is almost difficult and for other telbirr customers not totally possible yet. if these issues solved, the app is supper 5 star.",2022-12-12 19:09:28,,,,23,google_play,2025-11-30T16:15:08.107712,53
5ccbd3c4-b837-4ec5-b57c-8ab86f3cf3ac,CBE,Commercial Bank of Ethiopia Mobile,com.combanketh.mobilebanking,2,"First this app was pretty good and well connection while transferring money, but now there's no such a worst mob app ever while transferring money it corrupts due to the network and took the amount of money you were transferring from your account then after seconds interruptions it's shows that the money is transferred (this case happens especially to telebirrr wallet) then after you report the issue to the CBE customer service they refund your money to your CBE account after 3-5 days.","first this app was pretty good and well connection while transferring money, but now theres no such a worst mob app ever while transferring money it corrupts due to the network and took the amount of money you were transferring from your account then after seconds interruptions its shows that the money is transferred this case happens especially to telebirrr wallet then after you report the issue to the cbe customer service they refund your money to your cbe account after 35 days.",2025-01-08 23:02:00,5.0.8,,,71,google_play,2025-11-30T16:15:08.107712,83
023f1e6b-8f3d-4269-b956-b9cae7b268fd,CBE,Commercial Bank of Ethiopia Mobile,com.combanketh.mobilebanking,3,Its good. But recently i have been having some problems. The app is transferring my money for a second time after i do. It shows the first transfer has failed and i usually do it again. Then after it shows that i have made two transfers. Could you fix this. Thank you,its good. but recently i have been having some problems. the app is transferring my money for a second time after i do. it shows the first transfer has failed and i usually do it again. then after it shows that i have made two transfers. could you fix this. thank you,2022-09-15 03:28:19,4.3.2,,,28,google_play,2025-11-30T16:15:08.107712,52
42671987-cf3d-4a24-82fd-0326d041e49a,CBE,Commercial Bank of Ethiopia Mobile,com.combanketh.mobilebanking,3,"The app is unresponsive the time when the fragments are attached. It is just like shivering. Still, I can't download the transaction history instead it just toasted me can't save. Please consider all this things. But I would recommed you to use a tab layout. This is because, consider I am using latest Samsung 🤔 device, how do you think that your app is running on other damn devices like techno and itel ? It is horrible.","the app is unresponsive the time when the fragments are attached. it is just like shivering. still, i cant download the transaction history instead it just toasted me cant save. please consider all this things. but i would recommed you to use a tab layout. this is because, consider i am using latest samsung device, how do you think that your app is running on other damn devices like techno and itel ? it is horrible.",2022-08-26 18:45:26,4.3.2,,,121,google_play,2025-11-30T16:15:08.107712,76
1bb5cafa-691f-4582-a788-f905aa368fd7,CBE,Commercial Bank of Ethiopia Mobile,com.combanketh.mobilebanking,4,Quick transaction and no delays Sometimes ithasa glitch butost of the time great. And the glitch is out side working hours it said transaction failure while your balance is reduced So if you haven't noticed you repeat the same process and your balance gets reduced every time.,quick transaction and no delays sometimes ithasa glitch butost of the time great. and the glitch is out side working hours it said transaction failure while your balance is reduced so if you havent noticed you repeat the same process and your balance gets reduced every time.,2024-02-10 05:37:16,5.0.2,,,6,google_play,2025-11-30T16:15:08.107712,47
6e467e77-c7b7-4324-bb9f-4c2790968986,CBE,Commercial Bank of Ethiopia Mobile,com.combanketh.mobilebanking,1,"why is it every time the app is updated history of previous account numbers keeps missing , WHY??","why is it every time the app is updated history of previous account numbers keeps missing , why??",2025-08-21 21:03:16,5.2.1,,,9,google_play,2025-11-30T16:15:08.107712,18
25513166-320a-4379-8a9a-1aa4a667e95c,CBE,Commercial Bank of Ethiopia Mobile,com.combanketh.mobilebanking,1,"Very unsafe! The password is stored in the phone, which is very unsafe. And once you entered the password, there is no timeout nor ask for password while making transaction. Therefore, if you have stolen your phone, you may end-up loosing your money","very unsafe! the password is stored in the phone, which is very unsafe. and once you entered the password, there is no timeout nor ask for password while making transaction. therefore, if you have stolen your phone, you may endup loosing your money",2021-10-13 20:16:23,4.3,,,37,google_play,2025-11-30T16:15:08.107712,43
0785e713-24f0-41f8-9401-028ccd61d21e,CBE,Commercial Bank of Ethiopia Mobile,com.combanketh.mobilebanking,1,"This is the worst App I ever seen. Every time CBE does small patches or updates, the app doesn't work and you have to go to your branch in person to get the update and verification on your phone. It is totally unacceptable. I am living abroad and because of their problems I can't make payments and transfers. I send my representative(""ተወካይ"") to Addis Ababa Branch with his full-representation paper (""ሙሉ ውክልና"") but the staff working at mobile banking services is not willing to fix the problem.","this is the worst app i ever seen. every time cbe does small patches or updates, the app doesnt work and you have to go to your branch in person to get the update and verification on your phone. it is totally unacceptable. i am living abroad and because of their problems i cant make payments and transfers. i send my representative to addis ababa branch with his fullrepresentation paper but the staff working at mobile banking services is not willing to fix the problem.",2023-01-06 01:09:19,4.3.2,,,26,google_play,2025-11-30T16:15:08.107712,85
07631370-ea19-456d-b7cc-d248d21e118c,CBE,Commercial Bank of Ethiopia Mobile,com.combanketh.mobilebanking,1,List of transactions can't load over months and years..,list of transactions cant load over months and years..,2025-08-23 11:46:27,5.2.1,,,9,google_play,2025-11-30T16:15:08.107712,9
e328e00c-1abe-4c88-a68a-afcb4ffd746b,CBE,Commercial Bank of Ethiopia Mobile,com.combanketh.mobilebanking,1,"I am so disappointed because the application doesn't clearly show how many birr it will charge for every transaction rather than just deducted the money , as a user we should have the right to know the amount of money that is going to be deducted. It is a very deceptive tactic , it should be improved immediately.","i am so disappointed because the application doesnt clearly show how many birr it will charge for every transaction rather than just deducted the money , as a user we should have the right to know the amount of money that is going to be deducted. it is a very deceptive tactic , it should be improved immediately.",2024-12-15 06:02:03,5.0.4,,,2,google_play,2025-11-30T16:15:08.107712,58
8fbd641c-bf53-4a50-bf06-ecebeac3b6fe,CBE,Commercial Bank of Ethiopia Mobile,com.combanketh.mobilebanking,1,"I’ve been using the CBE mobile banking app, and overall, I appreciate its features. However, I’ve noticed that when I turn on the developer options on my device, the app stops functioning properly. It would be great if you could look into this issue, as I often need to access developer settings for other applications. Thank you for your attention to this matter!","ive been using the cbe mobile banking app, and overall, i appreciate its features. however, ive noticed that when i turn on the developer options on my device, the app stops functioning properly. it would be great if you could look into this issue, as i often need to access developer settings for other applications. thank you for your attention to this matter!",2025-01-29 16:02:20,5.0.9,,,699,google_play,2025-11-30T16:15:08.107712,63
9ac36812-00ce-4af7-a85d-9a25dc13b093,CBE,Commercial Bank of Ethiopia Mobile,com.combanketh.mobilebanking,3,"1. Withdrawal messages are not received regularly 2. Apps need to be more friendly use in terms of operation, 3. Apps lack some advanced security features, Additional comment: 4. Now that we are using modern technology, requirements for Bank Book should fade away with time. Some Branch offices do not entertain customers w/out Bank Book. Thanks and best regards","1. withdrawal messages are not received regularly 2. apps need to be more friendly use in terms of operation, 3. apps lack some advanced security features, additional comment 4. now that we are using modern technology, requirements for bank book should fade away with time. some branch offices do not entertain customers wout bank book. thanks and best regards",2022-03-08 06:54:10,4.3.1,,,15,google_play,2025-11-30T16:15:08.107712,59
094f1e52-28a3-4fe0-ba39-21c69f1eb527,CBE,Commercial Bank of Ethiopia Mobile,com.combanketh.mobilebanking,1,needs improvement. can't see who makes the transfers the name should be seen when the detail is selected. also i have different accounts in my name and i can only use my phone for one account only ? mobile banking has become easy ....commercial banks of Ethiopia......you need to keep up!!!,needs improvement. cant see who makes the transfers the name should be seen when the detail is selected. also i have different accounts in my name and i can only use my phone for one account only ? mobile banking has become easy ....commercial banks of ethiopia......you need to keep up!!!,2018-11-07 17:45:31,1.0,,,22,google_play,2025-11-30T16:15:08.107712,51
fa982fc5-7be0-461a-a78d-c3732df6ac89,CBE,Commercial Bank of Ethiopia Mobile,com.combanketh.mobilebanking,1,"What a trash app! Trash! Trash! Trash! Whenever you want to use the app after once you uninstall it, or receive it from someone else, it will ask you for a new verification. Again, after you clear the cache and data, you will be required to ask a verification code from the nearby bank physically too! What a shame! Never use this app! Your account pass code is unsecure in this app. STOP using this app! I Do!","what a trash app! trash! trash! trash! whenever you want to use the app after once you uninstall it, or receive it from someone else, it will ask you for a new verification. again, after you clear the cache and data, you will be required to ask a verification code from the nearby bank physically too! what a shame! never use this app! your account pass code is unsecure in this app. stop using this app! i do!",2024-09-10 20:55:08,5.0.4,,,17,google_play,2025-11-30T16:15:08.107712,78
46335135-7df4-4127-b9d0-f0464966b331,CBE,Commercial Bank of Ethiopia Mobile,com.combanketh.mobilebanking,4,When I started using the app for the first time I like it. But through time it started annoying me😠 Because it doesn't update the transaction history immediately. I remember one day I transferred 17000 to another account but I can't took screenshots of transportation history. It says repository........! It needs urgent system maintenance ‼️,when i started using the app for the first time i like it. but through time it started annoying me because it doesnt update the transaction history immediately. i remember one day i transferred 17000 to another account but i cant took screenshots of transportation history. it says repository........! it needs urgent system maintenance,2022-09-28 22:13:27,,,,23,google_play,2025-11-30T16:15:08.107712,54
b2d096d3-50f3-4f26-9fdf-9f08f5b8bf47,CBE,Commercial Bank of Ethiopia Mobile,com.combanketh.mobilebanking,2,It functions to the most part until you need it. The most common flaw is when you send money to another bank account. It shows error but the money is actually gone. I paid twice at least 4 times because of this.,it functions to the most part until you need it. the most common flaw is when you send money to another bank account. it shows error but the money is actually gone. i paid twice at least 4 times because of this.,2024-08-29 13:13:16,5.0.4,,,14,google_play,2025-11-30T16:15:08.107712,42
75c186e2-5d20-4c07-ab82-4ae1f5987910,CBE,Commercial Bank of Ethiopia Mobile,com.combanketh.mobilebanking,3,"The application is good but sometimes it doesn't respond my issues ie: Transfer,. In addition to this the application don't show my balance instade it only shows transaction history. If possible it's better if z app were able to show z exact balance sheet and fix a problem of not responding, if so I will rate z app ***** by adding z remaining 2 ** 10 Q.","the application is good but sometimes it doesnt respond my issues ie transfer,. in addition to this the application dont show my balance instade it only shows transaction history. if possible its better if z app were able to show z exact balance sheet and fix a problem of not responding, if so i will rate z app by adding z remaining 2 10 q.",2021-10-11 16:15:28,4.3,,,35,google_play,2025-11-30T16:15:08.107712,65
d449e369-b08e-4dbf-aefd-5c8ea0f5103b,CBE,Commercial Bank of Ethiopia Mobile,com.combanketh.mobilebanking,2,"For starters,the app is by far better than the previous one.It has better graphics,fast synchronization and it's easy to use.But what I don't understand is that first why is it so difficult for you guys to add a ""forgot pin"" link in the login page? Why is it every time a user forgots his/her pin,they had to go to their branch? it's very frustrating and not expected from a banking app of such a giant bank.Secondly,the ""Accounts"" and ""Recents"" sub menus at the bottom have exactly the same features","for starters,the app is by far better than the previous one.it has better graphics,fast synchronization and its easy to use.but what i dont understand is that first why is it so difficult for you guys to add a forgot pin link in the login page? why is it every time a user forgots hisher pin,they had to go to their branch? its very frustrating and not expected from a banking app of such a giant bank.secondly,the accounts and recents sub menus at the bottom have exactly the same features",2020-08-02 13:08:42,,,,14,google_play,2025-11-30T16:15:08.107712,89
3ea6f6ab-8b91-4bd0-b2b9-48e07e896e14,CBE,Commercial Bank of Ethiopia Mobile,com.combanketh.mobilebanking,1,Poor application most times it says error while sending then it actually sent money so u have to double check if its an error or it sent cash. recent transaction don't update as fast sometimes it even misplaces date and bring forth a transaction done a day or 2 back at the top.the only thing remotely good is the UI interface,poor application most times it says error while sending then it actually sent money so u have to double check if its an error or it sent cash. recent transaction dont update as fast sometimes it even misplaces date and bring forth a transaction done a day or 2 back at the top.the only thing remotely good is the ui interface,2024-04-12 14:57:16,5.0.4,,,801,google_play,2025-11-30T16:15:08.107712,61
bbe3e5b3-9305-4a68-b21e-83b272610e7a,CBE,Commercial Bank of Ethiopia Mobile,com.combanketh.mobilebanking,5,"The CBE Mobile Banking App has truly exceeded my expectations. It offers a seamless and reliable banking experience right at my fingertips. From checking my account balance to transferring funds, the app performs flawlessly every time. It's impressive.","the cbe mobile banking app has truly exceeded my expectations. it offers a seamless and reliable banking experience right at my fingertips. from checking my account balance to transferring funds, the app performs flawlessly every time. its impressive.",2023-12-16 07:43:38,,,,33,google_play,2025-11-30T16:15:08.107712,38
422b4547-c045-47ca-aec9-84191286a6d7,CBE,Commercial Bank of Ethiopia Mobile,com.combanketh.mobilebanking,5,"Amazing, very friendly and awesome application. Only one drwaback is that you are not willy to make it active after blocking the mobile banking via 951. I am not still using once blocked. You send me to the branch banks but they don't have enough skill to help.","amazing, very friendly and awesome application. only one drwaback is that you are not willy to make it active after blocking the mobile banking via 951. i am not still using once blocked. you send me to the branch banks but they dont have enough skill to help.",2024-05-12 16:24:57,5.0.4,,,635,google_play,2025-11-30T16:15:08.107712,48
3075b2ab-3259-4869-a5ac-87d70212240c,CBE,Commercial Bank of Ethiopia Mobile,com.combanketh.mobilebanking,3,"The app is always buggy, you've to fix: 1. Transfer history. 2. The double(duplicate) transfer issue which everyone faces, were it gives our error and I've to transfer for a second time thinking it didn't work and both transferred transfers go through.","the app is always buggy, youve to fix 1. transfer history. 2. the doubleduplicate transfer issue which everyone faces, were it gives our error and ive to transfer for a second time thinking it didnt work and both transferred transfers go through.",2023-05-29 15:12:17,4.4.0,,,374,google_play,2025-11-30T16:15:08.107712,42
3e15ee1e-efc9-46d6-b032-750657ec49a2,CBE,Commercial Bank of Ethiopia Mobile,com.combanketh.mobilebanking,4,Th app is great. But you can't make the same amount of payment with the same reason more that once. It will show an error but sometimes it transfer with the error. It should be fixed on the next update.,th app is great. but you cant make the same amount of payment with the same reason more that once. it will show an error but sometimes it transfer with the error. it should be fixed on the next update.,2023-04-11 16:03:32,,,,13,google_play,2025-11-30T16:15:08.107712,40
00c3fe7b-dc0f-4d8f-beb1-3c27edd23042,CBE,Commercial Bank of Ethiopia Mobile,com.combanketh.mobilebanking,3,"the App is one of the BEST things to have in Ethiopia but one of major problems is shows incorrect statements and incorrect available balance, merchants and supermarkets doesn't deduct right away 😑 deductible may come after weeks or month, once u already forgot about it and so many things to work on. please take it seriously Thanks 😊","the app is one of the best things to have in ethiopia but one of major problems is shows incorrect statements and incorrect available balance, merchants and supermarkets doesnt deduct right away deductible may come after weeks or month, once u already forgot about it and so many things to work on. please take it seriously thanks",2022-11-16 09:47:42,4.3.2,,,12,google_play,2025-11-30T16:15:08.107712,57
42f4a54c-d50f-4b74-99f7-0edbe69fe74a,CBE,Commercial Bank of Ethiopia Mobile,com.combanketh.mobilebanking,1,"How can I trust a bank that doesn't have a cyber crime reporting mechanism. I recently traveled out of the country. After a week I got a text message stating that more than 1000bir withdrawn from my account without my knowledge. When I tried to download the receipt, it doesn't even work. I only know it was transfered to a Wegagen bank account via a POS machine. Please be carefull and take a lesson from me. 😡😡😡","how can i trust a bank that doesnt have a cyber crime reporting mechanism. i recently traveled out of the country. after a week i got a text message stating that more than 1000bir withdrawn from my account without my knowledge. when i tried to download the receipt, it doesnt even work. i only know it was transfered to a wegagen bank account via a pos machine. please be carefull and take a lesson from me.",2024-09-16 06:50:24,,,,2,google_play,2025-11-30T16:15:08.107712,76
c0caedf3-4a0b-4c32-94f8-d6a3bb6d3f17,CBE,Commercial Bank of Ethiopia Mobile,com.combanketh.mobilebanking,5,"Good job to the CBE team on this mobile app! It's designed in a way that's simple and intuitive to navigate, which is great for everyone. It effectively handles the essential banking tasks I need to perform regularly. It's a practical and reliable tool that makes everyday banking much more convenient. Thank you for this useful application.","good job to the cbe team on this mobile app! its designed in a way thats simple and intuitive to navigate, which is great for everyone. it effectively handles the essential banking tasks i need to perform regularly. its a practical and reliable tool that makes everyday banking much more convenient. thank you for this useful application.",2025-04-04 21:18:47,5.1.0,,,1375,google_play,2025-11-30T16:15:08.107712,57
35d5d914-be32-48c9-9362-c384bf386e98,CBE,Commercial Bank of Ethiopia Mobile,com.combanketh.mobilebanking,3,"Nothing is working after the last update. Please fix it. With the previous version, when transfering money, it shows error message while the transfer is already made. It is causing unnecessary double transfers.","nothing is working after the last update. please fix it. with the previous version, when transfering money, it shows error message while the transfer is already made. it is causing unnecessary double transfers.",2023-10-12 12:21:24,5.0.2,,,901,google_play,2025-11-30T16:15:08.107712,33
05373320-5899-4027-8113-b248839d7650,CBE,Commercial Bank of Ethiopia Mobile,com.combanketh.mobilebanking,1,"This app is not set up for diaspora users. It works fine until you needed a new verification code, or you change your cell phone and try to use the app on the new phone. You will not be able to get the verification key that it is asking for just for changing your phone. It requires you to go the nearest branch to get the verification key. For me this will be travelling to Ethiopia from USA just to get this code. Even my sister - a joint aact holder & has my Power of Attorney, could not help me.","this app is not set up for diaspora users. it works fine until you needed a new verification code, or you change your cell phone and try to use the app on the new phone. you will not be able to get the verification key that it is asking for just for changing your phone. it requires you to go the nearest branch to get the verification key. for me this will be travelling to ethiopia from usa just to get this code. even my sister a joint aact holder has my power of attorney, could not help me.",2024-10-10 23:27:52,5.0.4,,,11,google_play,2025-11-30T16:15:08.107712,99
c597b8a3-7664-4732-9f35-c0ce40a6891e,CBE,Commercial Bank of Ethiopia Mobile,com.combanketh.mobilebanking,4,"Broadly speaking, it is good app. But recently I have noticed a problem when trying to see the recent transactions it becomes very slow and sluggish even closes and also have seen this on my friends' phone. So, this should be corrected asap and speed should be core feature","broadly speaking, it is good app. but recently i have noticed a problem when trying to see the recent transactions it becomes very slow and sluggish even closes and also have seen this on my friends phone. so, this should be corrected asap and speed should be core feature",2022-06-25 06:15:44,4.3.2,,,207,google_play,2025-11-30T16:15:08.107712,49
a9be2334-1777-43d7-92e2-5f6a4649ceb5,CBE,Commercial Bank of Ethiopia Mobile,com.combanketh.mobilebanking,1,"It's full of crashing features, can't sync real time need 3,4 touching doesn't work many times. In fact it's not working now I'm afraid if I uninstalled it I will be forced to go to the branch to activate it again so here I'm stuck with the app unable to access my money","its full of crashing features, cant sync real time need 3,4 touching doesnt work many times. in fact its not working now im afraid if i uninstalled it i will be forced to go to the branch to activate it again so here im stuck with the app unable to access my money",2024-03-14 06:38:05,5.0.4,,,197,google_play,2025-11-30T16:15:08.107712,53
ce71bc53-deea-4faa-baf2-5f445a4b2827,CBE,Commercial Bank of Ethiopia Mobile,com.combanketh.mobilebanking,5,"It's a beautiful app. But especially when transferring from one account to another, if a receipt is prepared stating the name of the sender and the name of the recipient and the amount of the money. Also, if people make a mistake when making a transfer, it would be nice to have a system where the mistake can be reversed.","its a beautiful app. but especially when transferring from one account to another, if a receipt is prepared stating the name of the sender and the name of the recipient and the amount of the money. also, if people make a mistake when making a transfer, it would be nice to have a system where the mistake can be reversed.",2023-12-11 20:38:41,,,,10,google_play,2025-11-30T16:15:08.107712,60
8bf4df47-c266-4152-9790-4217143b3a91,CBE,Commercial Bank of Ethiopia Mobile,com.combanketh.mobilebanking,2,"Recently there is big problem when sending to safaricom, telebir, and even to cbebirr wallet could anybody who is responsible fix it, it's very frustrating it's been 5 days and my money hasn't been returned it takes it out of my account but doesn't send it to my mpesa update- they have just corrected it and sent me back the money but still I'm afraid now to send again","recently there is big problem when sending to safaricom, telebir, and even to cbebirr wallet could anybody who is responsible fix it, its very frustrating its been 5 days and my money hasnt been returned it takes it out of my account but doesnt send it to my mpesa update they have just corrected it and sent me back the money but still im afraid now to send again",2025-05-31 10:30:33,5.1.0,,,26,google_play,2025-11-30T16:15:08.107712,69
994d7016-3ead-4234-ae00-535b559932e4,CBE,Commercial Bank of Ethiopia Mobile,com.combanketh.mobilebanking,5,"Best and easy app for use than any other local bank's mobile banking system. But the system doesn't show recent transaction some times, though the transaction has done. Better to do on this and other upgrading facilities.","best and easy app for use than any other local banks mobile banking system. but the system doesnt show recent transaction some times, though the transaction has done. better to do on this and other upgrading facilities.",2022-09-08 20:08:58,4.3.2,,,25,google_play,2025-11-30T16:15:08.107712,37
22a97918-4b67-488d-ba5b-4b3e36e939d1,CBE,Commercial Bank of Ethiopia Mobile,com.combanketh.mobilebanking,1,I have been using this app for the past 2 years and I never had faced this kind of problem The problem is when you want to transfer it always says error or account pending then you think it didn't work unfortunately when you check your balance again it's already deducted,i have been using this app for the past 2 years and i never had faced this kind of problem the problem is when you want to transfer it always says error or account pending then you think it didnt work unfortunately when you check your balance again its already deducted,2022-11-04 21:37:38,4.3.2,,,13,google_play,2025-11-30T16:15:08.107712,51
64adc7dc-c597-43ab-b4d4-9e022042bf7b,CBE,Commercial Bank of Ethiopia Mobile,com.combanketh.mobilebanking,2,"As an app developer, I rely on Developer Mode to build and test apps, but this app blocks access entirely if it's enabled. This restriction is unnecessary and makes it impossible for developers to use the service. Instead of outright blocking, consider implementing enhanced security measures that don't alienate professionals who need this setting. Please reconsider this policy.","as an app developer, i rely on developer mode to build and test apps, but this app blocks access entirely if its enabled. this restriction is unnecessary and makes it impossible for developers to use the service. instead of outright blocking, consider implementing enhanced security measures that dont alienate professionals who need this setting. please reconsider this policy.",2024-12-31 07:22:07,5.0.8,,,66,google_play,2025-11-30T16:15:08.107712,58
82c729b0-422b-42b2-ab5d-0ba8744c8f16,CBE,Commercial Bank of Ethiopia Mobile,com.combanketh.mobilebanking,1,The fast and easy to use app there is nothing to deny aboutt that... but it has a serious issue on showing transaction history like if i send or receive money i ll find the transaction history after a day. When the sms message is not working at some days the issue get worse like we dont have an idea how much money we have received. I dont this this issue is hard to fix for you hope you will fix it on the next update....the app deserve 4stars tbh but i just want you to see this seriously thankyou,the fast and easy to use app there is nothing to deny aboutt that... but it has a serious issue on showing transaction history like if i send or receive money i ll find the transaction history after a day. when the sms message is not working at some days the issue get worse like we dont have an idea how much money we have received. i dont this this issue is hard to fix for you hope you will fix it on the next update....the app deserve 4stars tbh but i just want you to see this seriously thankyou,2024-09-11 19:25:11,5.0.4,,,18,google_play,2025-11-30T16:15:08.107712,100
9757be96-192f-41b4-b635-0967a292902d,CBE,Commercial Bank of Ethiopia Mobile,com.combanketh.mobilebanking,5,"It is a very nice and easy app to use. There is only one thing i would like you to add. If you could transfer from your account to another person's telebirr account, it only works to your own phone number","it is a very nice and easy app to use. there is only one thing i would like you to add. if you could transfer from your account to another persons telebirr account, it only works to your own phone number",2024-05-02 15:04:42,5.0.4,,,952,google_play,2025-11-30T16:15:08.107712,41
29971f4c-59c8-4c8d-a94f-055e9a52e1c7,CBE,Commercial Bank of Ethiopia Mobile,com.combanketh.mobilebanking,5,"In the beginning, the ability to capture the history was small, now it's a great job to capture all the transactions and the user can see them, another problem is that if a transaction or transfer is made, the number of the receipt will not be downloaded when saving to avoid it, unless a screenshot is taken, it would be better if you fix this.","in the beginning, the ability to capture the history was small, now its a great job to capture all the transactions and the user can see them, another problem is that if a transaction or transfer is made, the number of the receipt will not be downloaded when saving to avoid it, unless a screenshot is taken, it would be better if you fix this.",2023-01-25 09:11:13,,,,17,google_play,2025-11-30T16:15:08.107712,65
4c1f5a4a-fcfe-4808-9788-b67bc84471b0,CBE,Commercial Bank of Ethiopia Mobile,com.combanketh.mobilebanking,1,It's the worst! I just transfer from my cbe account in to my tele birr account for urgent case but unfortunately it holds. And there customer service workers told me it will be returned in to my cbe account after 3 or 5 working days if its not credited in to my telebirr account. How's that working? This bank is a pioneer in from the country. It's really annoying this happens for second time. Please amend your network services. Am totally annoyed by cbe.,its the worst! i just transfer from my cbe account in to my tele birr account for urgent case but unfortunately it holds. and there customer service workers told me it will be returned in to my cbe account after 3 or 5 working days if its not credited in to my telebirr account. hows that working? this bank is a pioneer in from the country. its really annoying this happens for second time. please amend your network services. am totally annoyed by cbe.,2024-09-07 14:54:58,,,,13,google_play,2025-11-30T16:15:08.107712,84
07dd5534-ea32-451f-90e0-fea64ca73c95,CBE,Commercial Bank of Ethiopia Mobile,com.combanketh.mobilebanking,1,"I have been using this app fair smoothly till the last update few days back and now it is a disaster as it repetitively says 'unable to sinc ' and when I uninstalled it and tried to re-install with proper procedure guided from my CBE branch, it again and again fails to accept verification code ...it is quite a disappointment !","i have been using this app fair smoothly till the last update few days back and now it is a disaster as it repetitively says unable to sinc and when i uninstalled it and tried to reinstall with proper procedure guided from my cbe branch, it again and again fails to accept verification code ...it is quite a disappointment !",2020-09-15 19:39:40,,,,10,google_play,2025-11-30T16:15:08.107712,60
eac0a865-b3eb-4c04-a37b-dd0b7e93cbbb,CBE,Commercial Bank of Ethiopia Mobile,com.combanketh.mobilebanking,1,"It cannot start. The old version was working perfectly. I am currently out of Ethiopia and cannot go to the bank to see what is the problem. Now I have no access to my account and with coronavirus travel restrictions, cannot go back to Ethiopia either. Is it possible to get an authorization key so that user can remotely reinstall/register the app?","it cannot start. the old version was working perfectly. i am currently out of ethiopia and cannot go to the bank to see what is the problem. now i have no access to my account and with coronavirus travel restrictions, cannot go back to ethiopia either. is it possible to get an authorization key so that user can remotely reinstallregister the app?",2020-07-23 01:18:25,4.1,"Dear Farzad, Please try to update the app that is published on June 28",2020-06-29 12:35:25,47,google_play,2025-11-30T16:15:08.107712,62
f62e6afa-3471-452c-8855-d57612757b1c,CBE,Commercial Bank of Ethiopia Mobile,com.combanketh.mobilebanking,2,"1- Always mixes up sequence of transaction history and also takea very long to update those 2- doesnt generate the reciept page when you transfer to other banks, mostly displays an error image. 3- struggles to work in places with 2G connection. Generally its a good app since the USSD is a nightmare we will be ok with this.","1 always mixes up sequence of transaction history and also takea very long to update those 2 doesnt generate the reciept page when you transfer to other banks, mostly displays an error image. 3 struggles to work in places with 2g connection. generally its a good app since the ussd is a nightmare we will be ok with this.",2024-03-23 06:38:25,5.0.4,,,330,google_play,2025-11-30T16:15:08.107712,59
43aa27b3-38c1-474a-a7ab-4a726d82537d,CBE,Commercial Bank of Ethiopia Mobile,com.combanketh.mobilebanking,2,I have been using this app for long period of time & I'm very happy. because I'm also use other banks app and nothing can compare this. I know so many people using this app too & we all happier by using this app especially it gives us very helpful recently data for long period of time which is the money we sent and received with very clear info. And its reduced the time which we spend by printing statement on branches. But on this version this future shortened by limited recently data. Whyyy???,i have been using this app for long period of time im very happy. because im also use other banks app and nothing can compare this. i know so many people using this app too we all happier by using this app especially it gives us very helpful recently data for long period of time which is the money we sent and received with very clear info. and its reduced the time which we spend by printing statement on branches. but on this version this future shortened by limited recently data. whyyy???,2023-03-19 22:11:48,4.4.0,,,167,google_play,2025-11-30T16:15:08.107712,92
aff2ec84-1179-4c94-ab8e-58585c48d270,CBE,Commercial Bank of Ethiopia Mobile,com.combanketh.mobilebanking,1,"Why doesn't it show your previous bank balances alongside the transactions! It should show previous balances too! Only shows recent transaction, it must show old transactions as well! It would be great if you could print your bank statement from the app","why doesnt it show your previous bank balances alongside the transactions! it should show previous balances too! only shows recent transaction, it must show old transactions as well! it would be great if you could print your bank statement from the app",2023-05-25 14:28:06,4.4.0,,,55,google_play,2025-11-30T16:15:08.107712,42
3102bbe3-d330-485c-9029-961f65c27f29,CBE,Commercial Bank of Ethiopia Mobile,com.combanketh.mobilebanking,3,"With your new CBE mobile app version, it is gonna be alright and much interactice I hope. However, using it in weaker internet connection is often tiring... 4 issues... 1. One thing, please allow the use to subscribe or unsubscribe from the service without the subscriber requiring him to come to your office in person.... 2. You may also introduce two-factor authorization, like if someone even has got your pin, 3. Consider includng water billing and 4.update your apps often work on improvements","with your new cbe mobile app version, it is gonna be alright and much interactice i hope. however, using it in weaker internet connection is often tiring... 4 issues... 1. one thing, please allow the use to subscribe or unsubscribe from the service without the subscriber requiring him to come to your office in person.... 2. you may also introduce twofactor authorization, like if someone even has got your pin, 3. consider includng water billing and 4.update your apps often work on improvements",2020-06-26 15:02:20,4.0-rc1,"Dear Suleyman, We will consider your feedback,Thank you!!!",2020-06-29 20:20:17,77,google_play,2025-11-30T16:15:08.107712,83
a6910eb7-f2dc-4cdb-badc-65becc5513f1,CBE,Commercial Bank of Ethiopia Mobile,com.combanketh.mobilebanking,5,I love this app b/c every option in the app very clear and supportive.,i love this app bc every option in the app very clear and supportive.,2025-10-30 16:17:03,5.2.1,,,3,google_play,2025-11-30T16:15:08.107712,14
d57ee705-8961-4189-a8e5-357661297d07,CBE,Commercial Bank of Ethiopia Mobile,com.combanketh.mobilebanking,1,At the biggning the app was normal and very handy. Now It's so slow and i can't even load my transactions properly. Not only the app all your customer services are declining so it's better to correct what you have done wrong. Thanks!,at the biggning the app was normal and very handy. now its so slow and i cant even load my transactions properly. not only the app all your customer services are declining so its better to correct what you have done wrong. thanks!,2023-09-01 16:44:44,4.4.0,,,4,google_play,2025-11-30T16:15:08.107712,43
31bf47cd-b783-4f12-a55b-0ac45e0c2580,CBE,Commercial Bank of Ethiopia Mobile,com.combanketh.mobilebanking,1,"Always says INACTIVE, sometimes doesn't sync, other times says go to the nearest branch and when I go they take forever. How come I am not allowed to see all transactions?Mobile banking is for saving time and efficiency. Non is takingplace. Why should I be forced to use my account everyday? I should be able to use it whenever.","always says inactive, sometimes doesnt sync, other times says go to the nearest branch and when i go they take forever. how come i am not allowed to see all transactions?mobile banking is for saving time and efficiency. non is takingplace. why should i be forced to use my account everyday? i should be able to use it whenever.",2024-03-30 08:54:21,5.0.4,,,32,google_play,2025-11-30T16:15:08.107712,59
a86df6ee-37b2-459e-af94-05a78882f4b9,CBE,Commercial Bank of Ethiopia Mobile,com.combanketh.mobilebanking,3,"The good thing is its simplicity to undertake the basic functions. Updates with improvements and fixes should have been released by now. Please fix. 5 years after last review… Issues with beneficiary are fixed. However, still unable to track transactions much less to download in appropriate formats. This feature got diminished in the latest update. Please improve and fix.","the good thing is its simplicity to undertake the basic functions. updates with improvements and fixes should have been released by now. please fix. 5 years after last review issues with beneficiary are fixed. however, still unable to track transactions much less to download in appropriate formats. this feature got diminished in the latest update. please improve and fix.",2023-03-15 09:46:33,4.4.0,,,47,google_play,2025-11-30T16:15:08.107712,59
858fd447-bb59-40e6-a82d-3111bcfe2bc2,CBE,Commercial Bank of Ethiopia Mobile,com.combanketh.mobilebanking,4,"I would have given the app 5 stars if the download or share function of the last transaction confirmation is working. I wonder why you desabled it as I repeatedly obliged to screenshot the confirmation. If I were you, enable is as even pdf file to print and file. I hope you will correct by updating it.","i would have given the app 5 stars if the download or share function of the last transaction confirmation is working. i wonder why you desabled it as i repeatedly obliged to screenshot the confirmation. if i were you, enable is as even pdf file to print and file. i hope you will correct by updating it.",2022-05-30 16:34:38,4.3.1,,,18,google_play,2025-11-30T16:15:08.107712,57
f3c73066-2af0-410b-b20b-6ba0a5235916,CBE,Commercial Bank of Ethiopia Mobile,com.combanketh.mobilebanking,5,"I feel good, it is time and energy saving and also the first platform to digitalization of the financial issue. I want to remanid the developers to make more accessible and add more feature to it!","i feel good, it is time and energy saving and also the first platform to digitalization of the financial issue. i want to remanid the developers to make more accessible and add more feature to it!",2023-07-26 17:55:02,4.4.0,,,108,google_play,2025-11-30T16:15:08.107712,36
71c4a027-0884-491c-9023-58aec1553a21,CBE,Commercial Bank of Ethiopia Mobile,com.combanketh.mobilebanking,1,"The app doesn't have 1. mini statement service In my opinion, I don't have to go to cbe branch to get mini statements and transactions I have done and pay for it.why? 2. Recent transaction The app doesn't store numerous or enough recent transactions, even it doesn't store what stored properly sometimes.","the app doesnt have 1. mini statement service in my opinion, i dont have to go to cbe branch to get mini statements and transactions i have done and pay for it.why? 2. recent transaction the app doesnt store numerous or enough recent transactions, even it doesnt store what stored properly sometimes.",2024-09-02 12:32:35,5.0.4,,,12,google_play,2025-11-30T16:15:08.107712,52
34f5780e-9c96-4734-a12a-bbb07cc10e00,CBE,Commercial Bank of Ethiopia Mobile,com.combanketh.mobilebanking,1,"1.Very unstable, continuously crashes. 2.There is an incredible amount of balance and transaction synchronization errors. 3.Have tries to make a transfer of 60k since yesterday still not able to due to errors popups with no message to explain error. For a bank, that is quite embarrassing and dangerous.","1.very unstable, continuously crashes. 2.there is an incredible amount of balance and transaction synchronization errors. 3.have tries to make a transfer of 60k since yesterday still not able to due to errors popups with no message to explain error. for a bank, that is quite embarrassing and dangerous.",2024-03-09 14:11:53,5.0.4,,,1030,google_play,2025-11-30T16:15:08.107712,48
d882ad7e-cb0f-4921-bb98-daf6275a2d98,CBE,Commercial Bank of Ethiopia Mobile,com.combanketh.mobilebanking,4,"It is helpful app which can be used easily but one important thing, when you send or receive a money it does not appear the hour and the minutes. You don't know if it is afternoon or morning. It is better the receipt to have date and time.","it is helpful app which can be used easily but one important thing, when you send or receive a money it does not appear the hour and the minutes. you dont know if it is afternoon or morning. it is better the receipt to have date and time.",2024-05-17 20:22:34,5.0.4,,,13,google_play,2025-11-30T16:15:08.107712,48
53fac8e5-b6ab-44d4-bf53-e89d415b1830,CBE,Commercial Bank of Ethiopia Mobile,com.combanketh.mobilebanking,3,"With the recent update, I faced a serious problem similar to those mentioned by others. Hence I have to uninstall and reinstall the app...and it is working well now. I strongly suggest if CBE makes a regular check and take a quick corrective actions on reviews made by customers!!!","with the recent update, i faced a serious problem similar to those mentioned by others. hence i have to uninstall and reinstall the app...and it is working well now. i strongly suggest if cbe makes a regular check and take a quick corrective actions on reviews made by customers!!!",2019-03-14 21:38:42,2.0,,,13,google_play,2025-11-30T16:15:08.107712,49
e3247250-71db-4f7b-87db-8c0fdc6ae5a2,CBE,Commercial Bank of Ethiopia Mobile,com.combanketh.mobilebanking,1,"I am extremely disappointed with this App. Every time I try to change my PIN, I receive an error message saying ""unable to connect to server."" Additionally, my transaction processes always fail. As a well-known company, I expected better service from CBE.","i am extremely disappointed with this app. every time i try to change my pin, i receive an error message saying unable to connect to server. additionally, my transaction processes always fail. as a wellknown company, i expected better service from cbe.",2023-11-11 05:03:45,,,,12,google_play,2025-11-30T16:15:08.107712,42
4446351c-4348-4baf-9277-244728bc7228,CBE,Commercial Bank of Ethiopia Mobile,com.combanketh.mobilebanking,5,"The old version stopped working for me and whenever that happens I had to go to my CBE branch and ask for help to get it reinstalled. I just updated it, and it worked like a charm with an elegant UI and very stable services.","the old version stopped working for me and whenever that happens i had to go to my cbe branch and ask for help to get it reinstalled. i just updated it, and it worked like a charm with an elegant ui and very stable services.",2020-08-26 11:02:12,4.1,,,34,google_play,2025-11-30T16:15:08.107712,45
ef42cb52-c7cd-418a-b306-62454aa1605a,CBE,Commercial Bank of Ethiopia Mobile,com.combanketh.mobilebanking,4,"It is best application for banking system. Because it's save time, and make easy all things like, paying for other, transferring mobile charging and etc... But it's good if you add mini statement option like tele birr app, it's make full.","it is best application for banking system. because its save time, and make easy all things like, paying for other, transferring mobile charging and etc... but its good if you add mini statement option like tele birr app, its make full.",2022-05-05 19:19:41,4.3.1,,,36,google_play,2025-11-30T16:15:08.107712,41
3cceab20-cad5-4d06-a30a-cbc86996cf1e,CBE,Commercial Bank of Ethiopia Mobile,com.combanketh.mobilebanking,2,Please it needs to be updated or do some improvement The previous version was very good as compared to this one . with this app I can't make any payment . When I try to send payment it always says You have exceeded your weekly number of transaction!!,please it needs to be updated or do some improvement the previous version was very good as compared to this one . with this app i cant make any payment . when i try to send payment it always says you have exceeded your weekly number of transaction!!,2021-02-04 15:10:01,4.2,,,75,google_play,2025-11-30T16:15:08.107712,48
87ce9f6e-a160-4d05-8d51-e220d693718e,CBE,Commercial Bank of Ethiopia Mobile,com.combanketh.mobilebanking,4,"I like the app, easy to use, if possible please add some more features like calculator. Simply add one more icon with calculator function, so the users can easily do some calculation without closing the app.","i like the app, easy to use, if possible please add some more features like calculator. simply add one more icon with calculator function, so the users can easily do some calculation without closing the app.",2024-10-15 13:45:16,5.0.4,,,5,google_play,2025-11-30T16:15:08.107712,36
c83ec4e0-788c-4e10-b7a2-15a6a73dc348,CBE,Commercial Bank of Ethiopia Mobile,com.combanketh.mobilebanking,4,The updated app is attractive and is working very well. Forced to revise my previous rating of 2 star to 4 star. Hope it will keep on working! Rated it excellent for the past years. Revised my review after it keeps on crashing in 2019 and installing it for a second time in less than 3 months. Please work on the problems.,the updated app is attractive and is working very well. forced to revise my previous rating of 2 star to 4 star. hope it will keep on working! rated it excellent for the past years. revised my review after it keeps on crashing in 2019 and installing it for a second time in less than 3 months. please work on the problems.,2020-07-25 16:14:21,4.1,,,31,google_play,2025-11-30T16:15:08.107712,62
fffe724e-1249-45d0-9ec8-31c1369e91b2,CBE,Commercial Bank of Ethiopia Mobile,com.combanketh.mobilebanking,4,It is a very good application. It works better than any other applications i came across. I have seen much progress since the first time i started using it. Still it needs some improvement with connectivity issues.,it is a very good application. it works better than any other applications i came across. i have seen much progress since the first time i started using it. still it needs some improvement with connectivity issues.,2023-01-03 15:15:07,4.3.2,,,48,google_play,2025-11-30T16:15:08.107712,37
83babb88-d572-436d-8aa0-d97adadddc41,CBE,Commercial Bank of Ethiopia Mobile,com.combanketh.mobilebanking,2,"The CBE MB app is best and updated with so many features from time to time,but it is impossible to download statements. if it is possible please add a statement download option for both the app and USSD.","the cbe mb app is best and updated with so many features from time to time,but it is impossible to download statements. if it is possible please add a statement download option for both the app and ussd.",2025-07-11 03:43:40,5.1.0,,,7,google_play,2025-11-30T16:15:08.107712,38
925590a7-bc1f-4814-8c18-c80ea235e39d,CBE,Commercial Bank of Ethiopia Mobile,com.combanketh.mobilebanking,5,"I am using this service from abroad, which i have active account in Ethiopia. Anytime I want support family, I easily sent funds to my CBE bank using my abroad debit or visa credit and transfer to their bank. so recommend diaspora to open bank account whenever they going back home. it helps a lot . 1st. They can easily send money from their abroad bank account to their CEB, Awash,Oromia bank whatever. 2nd, They don't need family to withdraw money for them to use it. They have privacy.","i am using this service from abroad, which i have active account in ethiopia. anytime i want support family, i easily sent funds to my cbe bank using my abroad debit or visa credit and transfer to their bank. so recommend diaspora to open bank account whenever they going back home. it helps a lot . 1st. they can easily send money from their abroad bank account to their ceb, awash,oromia bank whatever. 2nd, they dont need family to withdraw money for them to use it. they have privacy.",2025-07-25 21:52:06,5.1.0,,,17,google_play,2025-11-30T16:15:08.107712,89
554a5a7d-b07c-43fd-b645-6b951c9c417f,CBE,Commercial Bank of Ethiopia Mobile,com.combanketh.mobilebanking,2,"This app is not reliable for transferring money to other banks or money transfer apps. It will take your money but not deliver it, and for confirmation, it takes three days to refund.","this app is not reliable for transferring money to other banks or money transfer apps. it will take your money but not deliver it, and for confirmation, it takes three days to refund.",2025-07-02 15:24:35,5.1.0,,,3,google_play,2025-11-30T16:15:08.107712,33
cf02d092-27cc-4b99-ab5e-35aba79bc01a,CBE,Commercial Bank of Ethiopia Mobile,com.combanketh.mobilebanking,2,The process of updating is not functioning easily. Installing is easy than updating. Screenshot should not be prevented. it is an instant evidence needed for some transactions.,the process of updating is not functioning easily. installing is easy than updating. screenshot should not be prevented. it is an instant evidence needed for some transactions.,2025-08-18 10:13:42,5.1.0,,,4,google_play,2025-11-30T16:15:08.107712,27
ed5c359a-c50a-4f6b-bb57-c5a77c27beaa,CBE,Commercial Bank of Ethiopia Mobile,com.combanketh.mobilebanking,5,"it is so amazing app. but, it is better to update it to access without any internet fees. just make it to open by free internet service when we open data connection.","it is so amazing app. but, it is better to update it to access without any internet fees. just make it to open by free internet service when we open data connection.",2025-06-09 15:20:06,5.1.0,,,4,google_play,2025-11-30T16:15:08.107712,32
a9d5aab4-636f-4392-8bc6-ccad890de66e,CBE,Commercial Bank of Ethiopia Mobile,com.combanketh.mobilebanking,1,"Seriously, what’s going on with this app? The ""Pay to Beneficiary"" option is completely disabled for Android users, yet iOS users get full access without restrictions. Why are Android users being treated like second class customers? It’s the same app, the same service, but clearly not the same experience. This kind of platform bias is unacceptable, either give everyone the same features or be transparent about why you’re limiting functionality. Right now, it just feels unfair and frustrating.","seriously, whats going on with this app? the pay to beneficiary option is completely disabled for android users, yet ios users get full access without restrictions. why are android users being treated like second class customers? its the same app, the same service, but clearly not the same experience. this kind of platform bias is unacceptable, either give everyone the same features or be transparent about why youre limiting functionality. right now, it just feels unfair and frustrating.",2025-11-15 19:51:01,5.2.1,,,17,google_play,2025-11-30T16:15:08.107712,78
99cabfb1-1901-4b71-846c-81ae4e39736b,CBE,Commercial Bank of Ethiopia Mobile,com.combanketh.mobilebanking,3,"This ought to be a major update in a while. The graphical user interface has been well improved. However, a very important feature that used to exist in the old versions, which used to allow the user to transfer money within his own accounts in the CBE at ease has to be reinstated back.","this ought to be a major update in a while. the graphical user interface has been well improved. however, a very important feature that used to exist in the old versions, which used to allow the user to transfer money within his own accounts in the cbe at ease has to be reinstated back.",2020-06-29 07:18:26,,"Dear Awet, Thank you for the feedback,You can get own account transfer menu by calling CBE contact center (+951).",2020-06-29 12:48:24,27,google_play,2025-11-30T16:15:08.107712,54
be14f123-3f88-4b36-b119-1c5da58d3223,CBE,Commercial Bank of Ethiopia Mobile,com.combanketh.mobilebanking,3,"I used this app for a long time , and i like it, its user friendly, not complicated at all, and more over it makes life easier for real. But the now after some times, this app is working better only on wifi, .. its veary hard to use it with mobile data, so please do something","i used this app for a long time , and i like it, its user friendly, not complicated at all, and more over it makes life easier for real. but the now after some times, this app is working better only on wifi, .. its veary hard to use it with mobile data, so please do something",2021-06-08 05:28:05,4.3,,,58,google_play,2025-11-30T16:15:08.107712,57
1132baf4-1d4e-4746-834e-506b36a35e67,CBE,Commercial Bank of Ethiopia Mobile,com.combanketh.mobilebanking,5,Make it available to all smart phone. It selects some phone to be down load from play store. It also better to be transfer through xenders . Better from previous one but need some support to be available to all smart phone.,make it available to all smart phone. it selects some phone to be down load from play store. it also better to be transfer through xenders . better from previous one but need some support to be available to all smart phone.,2020-08-05 20:49:34,4.1,,,30,google_play,2025-11-30T16:15:08.107712,42
9b993599-283e-417d-a6ed-188f9caee05c,CBE,Commercial Bank of Ethiopia Mobile,com.combanketh.mobilebanking,4,"This one is better than the previous versions. But am unable to send to benficiaries, it was working on the previous versions. While working on the other features please work on this failure too. Thank u!","this one is better than the previous versions. but am unable to send to benficiaries, it was working on the previous versions. while working on the other features please work on this failure too. thank u!",2021-08-24 09:26:49,4.3,,,32,google_play,2025-11-30T16:15:08.107712,36
f219bf99-4710-4f39-aa93-77f42d1045b0,CBE,Commercial Bank of Ethiopia Mobile,com.combanketh.mobilebanking,3,"It's a great application, but if you could improve it a bit, for example, by making it so that we can register and use it ourselves from the comfort of our own homes without having to go to a bank branch.","its a great application, but if you could improve it a bit, for example, by making it so that we can register and use it ourselves from the comfort of our own homes without having to go to a bank branch.",2025-07-01 16:38:41,5.1.0,,,8,google_play,2025-11-30T16:15:08.107712,41
73e05f2b-a7bd-4d89-bdf8-4943603f02bf,CBE,Commercial Bank of Ethiopia Mobile,com.combanketh.mobilebanking,2,"It's very bad. It deserves 0 stars. It doesn't show some transactions,it misplace transactions,it misplace dates,it shows nonsense errors and so more. I just rate it to 2 stars for helping me a lot.","its very bad. it deserves 0 stars. it doesnt show some transactions,it misplace transactions,it misplace dates,it shows nonsense errors and so more. i just rate it to 2 stars for helping me a lot.",2024-04-14 16:40:03,5.0.4,,,70,google_play,2025-11-30T16:15:08.107712,34
450024d7-e656-4c29-872f-603c1a536fe4,CBE,Commercial Bank of Ethiopia Mobile,com.combanketh.mobilebanking,4,Can't use this app after unsubscibing previous phone holders account and reinstalling. While I enter pin and activation code it says failed to authenticate and finally blocks the pin after 3 trials. I have been retried more than 3 times and finally gets stuck. Pls help.,cant use this app after unsubscibing previous phone holders account and reinstalling. while i enter pin and activation code it says failed to authenticate and finally blocks the pin after 3 trials. i have been retried more than 3 times and finally gets stuck. pls help.,2020-11-01 21:25:31,4.2,,,10,google_play,2025-11-30T16:15:08.107712,46
d8b089cb-de9a-4517-8b8d-8a2789fd177a,CBE,Commercial Bank of Ethiopia Mobile,com.combanketh.mobilebanking,5,Easy to use and not Complicated 👍,easy to use and not complicated,2025-09-15 18:03:48,5.2.1,,,4,google_play,2025-11-30T16:15:08.107712,6
c61286fb-631a-440c-96fd-1dc5d09bc76e,CBE,Commercial Bank of Ethiopia Mobile,com.combanketh.mobilebanking,4,"this new update(Mar 19,2025) is great in fixing bugs, stability and smooth experience I'll give u that but it came with a big shortcoming which is not allowing to take screenshot. I can't screenshot neither my balance nor the transaction or anything within the app, i understand it's for security reasons but please bring that back, allow us to take screenshot we need that. Thanks.","this new updatemar 19,2025 is great in fixing bugs, stability and smooth experience ill give u that but it came with a big shortcoming which is not allowing to take screenshot. i cant screenshot neither my balance nor the transaction or anything within the app, i understand its for security reasons but please bring that back, allow us to take screenshot we need that. thanks.",2025-03-20 13:11:38,5.1.0,,,1200,google_play,2025-11-30T16:15:08.107712,65
bedd17e8-5c65-4262-935f-abd4f263c998,CBE,Commercial Bank of Ethiopia Mobile,com.combanketh.mobilebanking,1,"Dear all, if you're an iOS user then the new update doesn't work at all. Those of you who use the Android App and you've been having troubles your user credentials have expired that's why it doesn't even load your balance, so you need to go to your branch and have them fix that!","dear all, if youre an ios user then the new update doesnt work at all. those of you who use the android app and youve been having troubles your user credentials have expired thats why it doesnt even load your balance, so you need to go to your branch and have them fix that!",2021-05-18 11:03:13,4.2,,,29,google_play,2025-11-30T16:15:08.107712,54
98dd0b28-377c-4fc7-8222-1317829e7f9a,CBE,Commercial Bank of Ethiopia Mobile,com.combanketh.mobilebanking,1,I wasn't able to try your app because while opening the app it's says your device is rooted. Even if it's a precaution incase of hacking but my device is not rooted. I even disable OEM unlocking but the error is still there.,i wasnt able to try your app because while opening the app its says your device is rooted. even if its a precaution incase of hacking but my device is not rooted. i even disable oem unlocking but the error is still there.,2020-10-27 09:23:50,4.2,,,15,google_play,2025-11-30T16:15:08.107712,43
1c371662-1ae6-442f-8134-fa301db86d7b,CBE,Commercial Bank of Ethiopia Mobile,com.combanketh.mobilebanking,5,I never want to use this app. I like to type *889#. I just hated to go to the bank to activate the app. It took them 1 minute to do it. Now I just bragging I can recharge my phone with one click. Nice interface keep at it.,i never want to use this app. i like to type 889. i just hated to go to the bank to activate the app. it took them 1 minute to do it. now i just bragging i can recharge my phone with one click. nice interface keep at it.,2020-09-25 12:42:18,4.2,,,58,google_play,2025-11-30T16:15:08.107712,49
73dfb8f6-ee5d-469b-8a1b-80606ca5f721,CBE,Commercial Bank of Ethiopia Mobile,com.combanketh.mobilebanking,1,"Terrible! I had to use it to pay for my service at Document Authentication & Registration office. I hit confirm it says try again & I hit confirm again & it ends up sending the money twice. Then I had to write a letter to the office to get my money back & it is been more than 2 weeks but I didn't get my money back yet. I talked the issue to my branch they said you are lucky the issue is with a gov't office, they would do their accounting and return your money, but there is nothing they can do.","terrible! i had to use it to pay for my service at document authentication registration office. i hit confirm it says try again i hit confirm again it ends up sending the money twice. then i had to write a letter to the office to get my money back it is been more than 2 weeks but i didnt get my money back yet. i talked the issue to my branch they said you are lucky the issue is with a govt office, they would do their accounting and return your money, but there is nothing they can do.",2022-03-05 05:05:13,4.3.1,,,71,google_play,2025-11-30T16:15:08.107712,99
bbf41cf7-45eb-4474-ad7b-4e021144dda3,CBE,Commercial Bank of Ethiopia Mobile,com.combanketh.mobilebanking,4,"1. It is good, flexible, simple and easy. But it can't serve offiline and didn't compliment with the ussd *889# 2. Checking Account balance is off and hidden under transfer.","1. it is good, flexible, simple and easy. but it cant serve offiline and didnt compliment with the ussd 889 2. checking account balance is off and hidden under transfer.",2024-01-17 00:08:06,5.0.2,,,237,google_play,2025-11-30T16:15:08.107712,30
f0235136-29d9-42d6-a480-070acbe48e1a,CBE,Commercial Bank of Ethiopia Mobile,com.combanketh.mobilebanking,4,"Wow cbe keep up the good work, the interface is very attractive,the processing speed is good(needs to put some effort),canceling or aborting any proceeding task seems impossible(of course the payment process should not be interrupted...i do agree)...all in all, I'm hoping this will be resolved soon by the updates...","wow cbe keep up the good work, the interface is very attractive,the processing speed is goodneeds to put some effort,canceling or aborting any proceeding task seems impossibleof course the payment process should not be interrupted...i do agree...all in all, im hoping this will be resolved soon by the updates...",2024-02-27 14:11:37,,,,11,google_play,2025-11-30T16:15:08.107712,49
00e6d9d8-1001-4f9b-aa55-be3c2e663623,CBE,Commercial Bank of Ethiopia Mobile,com.combanketh.mobilebanking,3,Unrealeble in many ways; double payment more than 5 times; frequent interruptions; and don't produce receipt more often. CBE - pls come up with a better version as we move more and more to e-payement.,unrealeble in many ways double payment more than 5 times frequent interruptions and dont produce receipt more often. cbe pls come up with a better version as we move more and more to epayement.,2023-12-27 10:48:26,,,,7,google_play,2025-11-30T16:15:08.107712,34
cedd01b3-42f3-4b34-9525-22963a184a8f,CBE,Commercial Bank of Ethiopia Mobile,com.combanketh.mobilebanking,5,Nice to see more transactions BUT if u have lots of transaction it lags and becomes slow. May be an option to limit the transaction history to a reasonable amount or by date so it doesnt load all data.,nice to see more transactions but if u have lots of transaction it lags and becomes slow. may be an option to limit the transaction history to a reasonable amount or by date so it doesnt load all data.,2021-12-29 11:56:20,4.3,,,23,google_play,2025-11-30T16:15:08.107712,39
d3125729-3da0-4331-9052-dfbb2850b136,CBE,Commercial Bank of Ethiopia Mobile,com.combanketh.mobilebanking,5,"I am not exaggerating when I say that this application is one of the biggest players in the banking industry. It has simplified a lot of things for the user, even if the bank is in his pocket. But my opinion is (1), when we transfer money, there is a word limit on the (Note) at the end. Why can't we write our reason briefly? I don't understand why it is limited. On the other hand, there is no limit on the bank. Could you explain this? (2), when we pay for water, why is the code not mentioned","i am not exaggerating when i say that this application is one of the biggest players in the banking industry. it has simplified a lot of things for the user, even if the bank is in his pocket. but my opinion is 1, when we transfer money, there is a word limit on the note at the end. why cant we write our reason briefly? i dont understand why it is limited. on the other hand, there is no limit on the bank. could you explain this? 2, when we pay for water, why is the code not mentioned",2025-03-29 04:34:21,5.1.0,,,58,google_play,2025-11-30T16:15:08.107712,99
3e5aecbb-e47d-47a4-b4c2-bd7321637900,CBE,Commercial Bank of Ethiopia Mobile,com.combanketh.mobilebanking,2,The recent update is not optimized fir latest version of android,the recent update is not optimized fir latest version of android,2025-09-02 15:10:49,5.2.1,,,4,google_play,2025-11-30T16:15:08.107712,11
00ec9a23-cdc5-4eb1-a074-56db739bee43,CBE,Commercial Bank of Ethiopia Mobile,com.combanketh.mobilebanking,4,It is a great app what i always prefer.but there are some shortcomings like all account wide statements are not seen and the receipt should contain the banks legal stamp after we completw the transactions. Continue.....!,it is a great app what i always prefer.but there are some shortcomings like all account wide statements are not seen and the receipt should contain the banks legal stamp after we completw the transactions. continue.....!,2023-07-07 11:07:14,4.4.0,,,12,google_play,2025-11-30T16:15:08.107712,36
2127ac2c-ea02-41f4-82aa-c19dd51a87ee,CBE,Commercial Bank of Ethiopia Mobile,com.combanketh.mobilebanking,4,"""This mobile banking app is fast and user-friendly, but the only issue I encountered is that I can't access my bank statement within the app. I kindly request that this feature be added, similar to what is offered by other private bank mobile banking apps.","this mobile banking app is fast and userfriendly, but the only issue i encountered is that i cant access my bank statement within the app. i kindly request that this feature be added, similar to what is offered by other private bank mobile banking apps.",2025-04-12 23:37:04,,,,1,google_play,2025-11-30T16:15:08.107712,45
49d91d55-75ab-456a-8e45-41c1178c4134,CBE,Commercial Bank of Ethiopia Mobile,com.combanketh.mobilebanking,1,It simply isn't working. Example: I can't access my account statement in order to find out how much I sent to Mr X or Y over the last six months or so. Nor is your FAQ section helpful. I suggest that you review the efficacy of your app.,it simply isnt working. example i cant access my account statement in order to find out how much i sent to mr x or y over the last six months or so. nor is your faq section helpful. i suggest that you review the efficacy of your app.,2024-03-09 21:50:01,5.0.4,,,22,google_play,2025-11-30T16:15:08.107712,48
3a927026-f73f-47b2-a0f3-d81e491db58c,CBE,Commercial Bank of Ethiopia Mobile,com.combanketh.mobilebanking,1,It used to be the best bank app in Ethiopia. But now using it is a terrible experience. For every transaction it shows an error message. Making a simple payment requires 5 to 6 trials to complete.,it used to be the best bank app in ethiopia. but now using it is a terrible experience. for every transaction it shows an error message. making a simple payment requires 5 to 6 trials to complete.,2025-01-31 19:04:32,5.0.9,,,67,google_play,2025-11-30T16:15:08.107712,37
6adcb01e-03a9-48e0-a7b3-91d585b09b2f,CBE,Commercial Bank of Ethiopia Mobile,com.combanketh.mobilebanking,4,"It's been long time since i stepped on a door of a bank. I send, receive a mony, pay my utilities and do all the finantial stuffs. I loved it!! But I think the security should be more. stronger. Like making the code 6 degits. Thank You!","its been long time since i stepped on a door of a bank. i send, receive a mony, pay my utilities and do all the finantial stuffs. i loved it!! but i think the security should be more. stronger. like making the code 6 degits. thank you!",2024-02-14 14:24:09,5.0.2,,,9,google_play,2025-11-30T16:15:08.107712,47
350c6e48-00aa-4219-a3da-1f895e0d1160,CBE,Commercial Bank of Ethiopia Mobile,com.combanketh.mobilebanking,1,"I have one complain, why it require verification code every time when i change my phone or reinstalled the app, as you know that code i can get it only from the branch. I know that it demanded for security reason but this method could be changed by otp sms text then i enter my own PIN and log in. couldn't you send us otp (One time password)? For instance like Dashen Bank. i waste my time and money to get verification code. You seriously think about it.","i have one complain, why it require verification code every time when i change my phone or reinstalled the app, as you know that code i can get it only from the branch. i know that it demanded for security reason but this method could be changed by otp sms text then i enter my own pin and log in. couldnt you send us otp one time password? for instance like dashen bank. i waste my time and money to get verification code. you seriously think about it.",2023-07-23 08:57:18,4.4.0,,,11,google_play,2025-11-30T16:15:08.107712,88
aaf40634-d81f-4553-9c8b-71b6ea121d5d,CBE,Commercial Bank of Ethiopia Mobile,com.combanketh.mobilebanking,1,"The worst update seen in the bank industry for mobile banking. If you're unable to make it smooth and reliable at the same time , return it to previous version. It shows that you don't have the best expertise like other banks in the country.","the worst update seen in the bank industry for mobile banking. if youre unable to make it smooth and reliable at the same time , return it to previous version. it shows that you dont have the best expertise like other banks in the country.",2025-01-04 08:29:24,,,,2,google_play,2025-11-30T16:15:08.107712,45
af30a943-ed3e-46d1-b248-2fb1e95545dc,CBE,Commercial Bank of Ethiopia Mobile,com.combanketh.mobilebanking,5,"I have been using this wonderful app. It is easy to use and user-friendly and perfect user experience app. I just have one suggestion, if you cloud add more info like who(person or company) deposited, and deposit discrimination if any in the recent transaction section of the app. The rest is perfect.","i have been using this wonderful app. it is easy to use and userfriendly and perfect user experience app. i just have one suggestion, if you cloud add more info like whoperson or company deposited, and deposit discrimination if any in the recent transaction section of the app. the rest is perfect.",2023-03-26 15:27:34,4.4.0,,,336,google_play,2025-11-30T16:15:08.107712,52
03c7dd66-837f-4316-9286-fa5e4f8b6a4c,CBE,Commercial Bank of Ethiopia Mobile,com.combanketh.mobilebanking,3,"After the update I received today, I have tried to conduct transfer to other CBE accounts and it continously brings error messages saying none available. It is also not allowing me to download the transacation picture as is advertised here. Please do something CBE as this app is continuing to frustrate me again and again.","after the update i received today, i have tried to conduct transfer to other cbe accounts and it continously brings error messages saying none available. it is also not allowing me to download the transacation picture as is advertised here. please do something cbe as this app is continuing to frustrate me again and again.",2021-06-04 19:01:43,4.3,,,25,google_play,2025-11-30T16:15:08.107712,55
c082de79-c904-4d2b-9623-acd3383c2432,CBE,Commercial Bank of Ethiopia Mobile,com.combanketh.mobilebanking,4,"It's a very nice and simple app but, when checking the transaction details, it's not showing who sent/deposited money into my account. Especially when I receive money from organisations.","its a very nice and simple app but, when checking the transaction details, its not showing who sentdeposited money into my account. especially when i receive money from organisations.",2023-01-12 08:51:14,4.3.2,,,7,google_play,2025-11-30T16:15:08.107712,29
8a28c8f1-7eda-478f-9f83-f386234bb1be,CBE,Commercial Bank of Ethiopia Mobile,com.combanketh.mobilebanking,4,I have been used this app from the beginning and like it. On the current updated version it states we can share and save the transaction details. However it can't share or save. The only option I am using is Screenshot. So would you please review it?,i have been used this app from the beginning and like it. on the current updated version it states we can share and save the transaction details. however it cant share or save. the only option i am using is screenshot. so would you please review it?,2021-06-09 18:55:15,,,,6,google_play,2025-11-30T16:15:08.107712,47
c6632ce0-0cd2-41f7-b63f-697334ccfe72,CBE,Commercial Bank of Ethiopia Mobile,com.combanketh.mobilebanking,1,We're going to stop using not only this apk additional to stop all CBE services. bcz of when to use the apk it doesn't work properly/ doesn't sync /.... + started from last 2 months they're cut 5 birr without our permission for commission. + Cut 10 birr from us when transfer to telebirr... Uuuu CBE'jobs,were going to stop using not only this apk additional to stop all cbe services. bcz of when to use the apk it doesnt work properly doesnt sync .... started from last 2 months theyre cut 5 birr without our permission for commission. cut 10 birr from us when transfer to telebirr... uuuu cbejobs,2024-03-12 10:01:31,5.0.4,,,157,google_play,2025-11-30T16:15:08.107712,54
63287d43-c842-40cb-bbea-dfcdfa65e41a,CBE,Commercial Bank of Ethiopia Mobile,com.combanketh.mobilebanking,3,"Better than pervious,Nice interface and looking. However , *better to include balance after each withdraw/deposit. *include water services ( You show it in the app but not there) *Make it Printable via bluetooth printer *","better than pervious,nice interface and looking. however , better to include balance after each withdrawdeposit. include water services you show it in the app but not there make it printable via bluetooth printer",2020-08-18 16:47:25,4.1,,,12,google_play,2025-11-30T16:15:08.107712,33
ef00529e-94ab-4df9-a7e0-2bee0d213f49,CBE,Commercial Bank of Ethiopia Mobile,com.combanketh.mobilebanking,1,I can't access it properly I think it needs update,i cant access it properly i think it needs update,2025-11-10 10:55:40,5.2.1,,,0,google_play,2025-11-30T16:15:08.107712,10
c8be1099-bd82-4f88-a6a4-98516e5a1bee,CBE,Commercial Bank of Ethiopia Mobile,com.combanketh.mobilebanking,1,Shame to see one of the biggest bank in east africa. Have this app 1 .you try to send money.. it will fail on the way you try again and your money have been sent Twice. Then you have to ask the Receiver to send the money back to you. 2. Try to refresh to see your recent transaction and it will show old transaction. Clearly they don't care . You can get your statement easily via telebirr. But cbe you have to go to branch and beg sometimes Bribe the managers to get your own bank statement . Shame,shame to see one of the biggest bank in east africa. have this app 1 .you try to send money.. it will fail on the way you try again and your money have been sent twice. then you have to ask the receiver to send the money back to you. 2. try to refresh to see your recent transaction and it will show old transaction. clearly they dont care . you can get your statement easily via telebirr. but cbe you have to go to branch and beg sometimes bribe the managers to get your own bank statement . shame,2023-11-23 15:41:30,5.0.2,,,34,google_play,2025-11-30T16:15:08.107712,100
7ab7c81d-e47e-404e-94b1-a8b6cda4bb02,CBE,Commercial Bank of Ethiopia Mobile,com.combanketh.mobilebanking,1,1 star because I have to visit my bank for new installation of the app and reactivation takes about 45 to 60 minutes with there long queue and system failures. Learn from telebire app and give options to customers to apt out of this ridiculous security feature. Second why is there no customization in the settings for displaying which account I want displayed in the first section rather that slide to my main account every time. You are making us pay a monthly subscription. Bare minimum is not it,1 star because i have to visit my bank for new installation of the app and reactivation takes about 45 to 60 minutes with there long queue and system failures. learn from telebire app and give options to customers to apt out of this ridiculous security feature. second why is there no customization in the settings for displaying which account i want displayed in the first section rather that slide to my main account every time. you are making us pay a monthly subscription. bare minimum is not it,2025-02-26 18:11:43,5.0.9,,,12,google_play,2025-11-30T16:15:08.107712,89
64b185c2-4952-4ac3-8d15-94ac618cd92a,CBE,Commercial Bank of Ethiopia Mobile,com.combanketh.mobilebanking,1,"My internate banking is not allowing me to transfer to another bank. While having this app, the application asks me to contact a nearby nmbranch. Don't save your money trysting this application. It is so bad! It doesn't even have help icon included. I dislike this up.","my internate banking is not allowing me to transfer to another bank. while having this app, the application asks me to contact a nearby nmbranch. dont save your money trysting this application. it is so bad! it doesnt even have help icon included. i dislike this up.",2022-02-04 12:00:15,4.3,,,19,google_play,2025-11-30T16:15:08.107712,47
68c21716-6a7b-4317-83f2-266d8f3d591f,CBE,Commercial Bank of Ethiopia Mobile,com.combanketh.mobilebanking,1,Still you roll a same problem with the new updates. When we do mobile transfer after we write short Reason and finish it says Error by writing the amount to transfer and your commission. It do the same thing again and again. Finally the person who receive the money got three times...there is no such thing in other private banks. Only the giant Commercial Bank of Ethiopia have this problem always. Why why why ? Is it difficult for you to get solutions ?,still you roll a same problem with the new updates. when we do mobile transfer after we write short reason and finish it says error by writing the amount to transfer and your commission. it do the same thing again and again. finally the person who receive the money got three times...there is no such thing in other private banks. only the giant commercial bank of ethiopia have this problem always. why why why ? is it difficult for you to get solutions ?,2024-02-12 10:23:16,5.0.4,,,212,google_play,2025-11-30T16:15:08.107712,84
959eb580-d639-4db5-bc03-02d8d3b80271,CBE,Commercial Bank of Ethiopia Mobile,com.combanketh.mobilebanking,1,"While Travelling, I couldn't transfer money from my account to another. I had to delete❌ the app and re install and then wait until they give me authorization code.... too complicated.","while travelling, i couldnt transfer money from my account to another. i had to delete the app and re install and then wait until they give me authorization code.... too complicated.",2022-11-13 06:19:00,4.3.2,,,9,google_play,2025-11-30T16:15:08.107712,31
b5b679e3-6556-40a7-b0bd-6034f5228a3e,CBE,Commercial Bank of Ethiopia Mobile,com.combanketh.mobilebanking,5,"Still the best mobile banking app out here beautiful ui very functional , i wish u used the nfc capability of most devices and also smt intesrting with the new rolled out atm cards that has nfc chips in them it would be smt very new tap and pay through ur atm card to a device . All in all i love it","still the best mobile banking app out here beautiful ui very functional , i wish u used the nfc capability of most devices and also smt intesrting with the new rolled out atm cards that has nfc chips in them it would be smt very new tap and pay through ur atm card to a device . all in all i love it",2023-03-17 14:27:49,4.4.0,,,24,google_play,2025-11-30T16:15:08.107712,63
d57eb3a1-d1cd-4590-9596-59feaab11a04,CBE,Commercial Bank of Ethiopia Mobile,com.combanketh.mobilebanking,1,"The app is broken, I can't see my balance or use any of the services ,when I try to transfer or do any thing else, error message ""none available ""appears. Please fix this problem.","the app is broken, i cant see my balance or use any of the services ,when i try to transfer or do any thing else, error message none available appears. please fix this problem.",2024-01-24 20:47:40,5.0.2,,,26,google_play,2025-11-30T16:15:08.107712,34
e404001e-6c46-4166-964e-157c91fc46d4,CBE,Commercial Bank of Ethiopia Mobile,com.combanketh.mobilebanking,1,"1. Still no biometric sign in option 2. Annoying welcome notification 3. Not able to share payment receipts just from the app 4. Different interface from one mobile device to the other one. 5. In general, the app requires overhaul to cope with other mobile banking services of banks.","1. still no biometric sign in option 2. annoying welcome notification 3. not able to share payment receipts just from the app 4. different interface from one mobile device to the other one. 5. in general, the app requires overhaul to cope with other mobile banking services of banks.",2024-02-16 20:10:55,5.0.4,,,176,google_play,2025-11-30T16:15:08.107712,49
fc46fa63-e474-4b5d-b06b-5bf0a7b08c6c,CBE,Commercial Bank of Ethiopia Mobile,com.combanketh.mobilebanking,3,"This is quite good than before, and well updated, specifically reciept after transaction is well organized. But still, the statement is limited. Work on this how to link with our email to control transactions.","this is quite good than before, and well updated, specifically reciept after transaction is well organized. but still, the statement is limited. work on this how to link with our email to control transactions.",2024-02-19 18:53:54,,,,5,google_play,2025-11-30T16:15:08.107712,34
41fe66fb-7ddd-43e9-b3d7-a6961a8cd946,CBE,Commercial Bank of Ethiopia Mobile,com.combanketh.mobilebanking,2,Its good but we need an option of choosing a specific period to get a historique of transactions. For example when i want to check my previous transactions i only get few transactions. Thank you.,its good but we need an option of choosing a specific period to get a historique of transactions. for example when i want to check my previous transactions i only get few transactions. thank you.,2025-01-30 18:58:54,5.0.9,,,45,google_play,2025-11-30T16:15:08.107712,35
a6eba9bf-c815-4aa5-a8f3-3bf7279f0619,CBE,Commercial Bank of Ethiopia Mobile,com.combanketh.mobilebanking,4,"It's very good app for transactions, to give you 5star one more thing you need to do is include bank statement showing methods. And one more thing after you take your commission why you take 5birr monthly without my confirmation?","its very good app for transactions, to give you 5star one more thing you need to do is include bank statement showing methods. and one more thing after you take your commission why you take 5birr monthly without my confirmation?",2024-12-16 11:34:03,5.0.7,,,39,google_play,2025-11-30T16:15:08.107712,40
2f093798-42f4-40fc-8927-27ac759e0843,CBE,Commercial Bank of Ethiopia Mobile,com.combanketh.mobilebanking,5,"This is the best service, it makes everything easy for you, so why not download this app and if you are satisfied with it, give it five stars, it deserves it. 👍♥️❤️","this is the best service, it makes everything easy for you, so why not download this app and if you are satisfied with it, give it five stars, it deserves it.",2025-07-24 06:58:27,5.1.0,,,10,google_play,2025-11-30T16:15:08.107712,31
75349e93-40fd-4119-9c54-682273ec34dc,CBE,Commercial Bank of Ethiopia Mobile,com.combanketh.mobilebanking,1,When you refresh your account it's slow and it doesn't tell you the latest update time. This means you don't know whether the figure you see is old or new. This upgrade was actually a downgrade!,when you refresh your account its slow and it doesnt tell you the latest update time. this means you dont know whether the figure you see is old or new. this upgrade was actually a downgrade!,2020-07-27 15:25:11,4.1,,,13,google_play,2025-11-30T16:15:08.107712,36
64a863d9-6d94-4cfd-bb96-e6e101a0e153,CBE,Commercial Bank of Ethiopia Mobile,com.combanketh.mobilebanking,1,"Before years later i used this app and is used to work in mobile data eventhough it doesn't have different features like this version but now it doesn't even sync my balance and even can't use any of the services it says "" can't sync "" and "" none available "" 😡🤬😡",before years later i used this app and is used to work in mobile data eventhough it doesnt have different features like this version but now it doesnt even sync my balance and even cant use any of the services it says cant sync and none available,2020-12-16 00:57:31,4.2,,,37,google_play,2025-11-30T16:15:08.107712,47
cda6606e-73e8-4b41-8ace-27c1cb2e9121,CBE,Commercial Bank of Ethiopia Mobile,com.combanketh.mobilebanking,4,"Its a nice app and banking services. I have two questions&/ suggestions, why the beneficiary lists are sometimes not available/ not working? It will better if you allowed to see more than one page transaction statement.","its a nice app and banking services. i have two questions suggestions, why the beneficiary lists are sometimes not available not working? it will better if you allowed to see more than one page transaction statement.",2021-11-06 07:28:38,4.3,,,19,google_play,2025-11-30T16:15:08.107712,36
b97433ef-bc09-4700-8772-46e9980dad3d,CBE,Commercial Bank of Ethiopia Mobile,com.combanketh.mobilebanking,5,"Its amazing app , i like it specifically updated version is to smart . WOW CBE. But users have to Login without of goingto Bank after first registration . In this app If User was change His phone or uninstall app Hi have to go bank to use again, this is not good :: if this problem was fixed This app wasn't Any - comments. This is my feedback Thanks","its amazing app , i like it specifically updated version is to smart . wow cbe. but users have to login without of goingto bank after first registration . in this app if user was change his phone or uninstall app hi have to go bank to use again, this is not good if this problem was fixed this app wasnt any comments. this is my feedback thanks",2022-03-18 10:34:46,,,,10,google_play,2025-11-30T16:15:08.107712,68
0b7c0ba6-d0fc-4b61-9c40-d50ba113907f,CBE,Commercial Bank of Ethiopia Mobile,com.combanketh.mobilebanking,4,Still I have not face critical problems sometimes delay to open,still i have not face critical problems sometimes delay to open,2025-08-25 23:18:39,5.2.1,,,5,google_play,2025-11-30T16:15:08.107712,11
5ac4e6e0-9b3c-48ea-88ad-6b56388a9c5e,CBE,Commercial Bank of Ethiopia Mobile,com.combanketh.mobilebanking,3,"I'm actually forced to review this app again, it used to work fine on any network but after the last update it doesn't work on a wifi network, what if i don't have a data on my sim card and i needed an urgent transaction be made, it really makes me angry that you guys would update it to this dictatorship, please fix this","im actually forced to review this app again, it used to work fine on any network but after the last update it doesnt work on a wifi network, what if i dont have a data on my sim card and i needed an urgent transaction be made, it really makes me angry that you guys would update it to this dictatorship, please fix this",2023-10-26 10:18:57,5.0.2,,,48,google_play,2025-11-30T16:15:08.107712,64
7f071ffb-da8d-4cc3-ba4c-134597e595ce,CBE,Commercial Bank of Ethiopia Mobile,com.combanketh.mobilebanking,1,"This application has many problems, 1.This application requires physically going to bank to configure it for the first time. 2.It doesn't not have strong authentication policies 3. Unlike other bank applications it does not support username, password and email/phone number authentication 4. Sometimes it does not work","this application has many problems, 1.this application requires physically going to bank to configure it for the first time. 2.it doesnt not have strong authentication policies 3. unlike other bank applications it does not support username, password and emailphone number authentication 4. sometimes it does not work",2020-08-19 13:54:46,4.1,,,50,google_play,2025-11-30T16:15:08.107712,47
97b04fa2-fb61-47b1-ba02-d97afe0a65a2,CBE,Commercial Bank of Ethiopia Mobile,com.combanketh.mobilebanking,2,"""get your verification code from your nearest branch"" ia the first amazing dialogue your face, when you try to setup your CBE App. It is a way back system that requires you to go physically. You should have sent a verification codes either via phone number or email address. You better change this analogue system to the digital one! 😀","get your verification code from your nearest branch ia the first amazing dialogue your face, when you try to setup your cbe app. it is a way back system that requires you to go physically. you should have sent a verification codes either via phone number or email address. you better change this analogue system to the digital one!",2024-07-13 19:48:26,5.0.4,,,21,google_play,2025-11-30T16:15:08.107712,59
9dc1fe13-3a91-4f62-9a74-01887d1b53f3,CBE,Commercial Bank of Ethiopia Mobile,com.combanketh.mobilebanking,4,"Recent update is very good. User interface has been redesigned and it's really awesome. Only downside is that you can't see all of recent transactions, it is limited to some and there is no way to see older transactions. Apart from that CBE has done a good job in revitalizing the old app.","recent update is very good. user interface has been redesigned and its really awesome. only downside is that you cant see all of recent transactions, it is limited to some and there is no way to see older transactions. apart from that cbe has done a good job in revitalizing the old app.",2020-06-29 16:40:52,,,,40,google_play,2025-11-30T16:15:08.107712,53
5a6a775f-c55f-45c1-a4fc-3b85d078f000,CBE,Commercial Bank of Ethiopia Mobile,com.combanketh.mobilebanking,5,"I’ve noticed two key issues with your app: 1. Username Visibility: The app doesn’t display the username, making verification difficult. Please add this feature. 2. Transaction History: Transaction history gets deleted if the app is reinstalled. This data should remain accessible unless manually deleted by the user. A ""Load More"" option for older transactions would also be helpful. These issues have caused inconvenience. Fixing them would greatly improve the user experience. Thank you.","ive noticed two key issues with your app 1. username visibility the app doesnt display the username, making verification difficult. please add this feature. 2. transaction history transaction history gets deleted if the app is reinstalled. this data should remain accessible unless manually deleted by the user. a load more option for older transactions would also be helpful. these issues have caused inconvenience. fixing them would greatly improve the user experience. thank you.",2024-12-01 10:51:25,5.0.4,,,349,google_play,2025-11-30T16:15:08.107712,73
e340dbfe-53d3-4e05-ba8a-61fb56e150c0,CBE,Commercial Bank of Ethiopia Mobile,com.combanketh.mobilebanking,3,"Trasaction Reports are not full, the list only shows the last 10 transactions, I need to see every transaction I made , and make a contact us page on your app too, other than that it's a good app","trasaction reports are not full, the list only shows the last 10 transactions, i need to see every transaction i made , and make a contact us page on your app too, other than that its a good app",2024-02-14 13:52:18,5.0.4,,,893,google_play,2025-11-30T16:15:08.107712,39
fc2d5345-5ee3-4d50-87b4-38986d32021b,CBE,Commercial Bank of Ethiopia Mobile,com.combanketh.mobilebanking,1,"You have to go to the bank branch to activate the app where there is the worst customer service, after the activation the app lags so much that i had to uninstall it to restart it again. Know it asks to go to the bank again to activate it.","you have to go to the bank branch to activate the app where there is the worst customer service, after the activation the app lags so much that i had to uninstall it to restart it again. know it asks to go to the bank again to activate it.",2022-05-01 10:06:06,,,,4,google_play,2025-11-30T16:15:08.107712,49
dfc6791e-2bb3-4cf6-b6eb-ac87cbd683ea,CBE,Commercial Bank of Ethiopia Mobile,com.combanketh.mobilebanking,1,Very poor app. I had to make 8 transfers of the same amount as the app did confirm success of the first or second or third etc. transfers. I had to pay etb 13 birr 8 times each for service charge.,very poor app. i had to make 8 transfers of the same amount as the app did confirm success of the first or second or third etc. transfers. i had to pay etb 13 birr 8 times each for service charge.,2024-02-02 15:33:57,5.0.2,,,55,google_play,2025-11-30T16:15:08.107712,41
c40fac8c-ea8c-44d3-afd9-c34b09596740,CBE,Commercial Bank of Ethiopia Mobile,com.combanketh.mobilebanking,2,Not working all of a sudden. I do not even know who to call to fix the bug. Disappointed as usual. I believe I need to visit the Branch to get the app fixed. Come on guys! It is not a car we are in 2022 for God sake. .,not working all of a sudden. i do not even know who to call to fix the bug. disappointed as usual. i believe i need to visit the branch to get the app fixed. come on guys! it is not a car we are in 2022 for god sake. .,2022-01-13 03:15:09,4.3,,,27,google_play,2025-11-30T16:15:08.107712,50
d2d11ed1-321f-4969-855c-8268f4739eba,CBE,Commercial Bank of Ethiopia Mobile,com.combanketh.mobilebanking,5,Really it's very good solution to peoples and i am using this application everyday as well as it's important to my business in the activities. More of the application is used for my firemds and my parents as usual as significant. My objectives were so vast i wish the app Will functional every in my life activities and more of saving my time amd easy to use every were. Whenever i was going to working my day today activities if i wants to transfer the money from my own account to others is good..,really its very good solution to peoples and i am using this application everyday as well as its important to my business in the activities. more of the application is used for my firemds and my parents as usual as significant. my objectives were so vast i wish the app will functional every in my life activities and more of saving my time amd easy to use every were. whenever i was going to working my day today activities if i wants to transfer the money from my own account to others is good..,2023-03-22 17:51:41,4.4.0,,,7,google_play,2025-11-30T16:15:08.107712,94
fa428f3d-0edb-4e45-950f-066395b056ad,CBE,Commercial Bank of Ethiopia Mobile,com.combanketh.mobilebanking,5,"grate application, simple and fast. just 2 comments. 1, on recently transaction list please make the very recent first. it lists randomly. 2, put a copy icon next to account number so that we can copy instantly.","grate application, simple and fast. just 2 comments. 1, on recently transaction list please make the very recent first. it lists randomly. 2, put a copy icon next to account number so that we can copy instantly.",2023-10-14 04:33:35,5.0.2,,,644,google_play,2025-11-30T16:15:08.107712,37
e3cd3a03-fc60-4110-b940-b6aace4aa6aa,CBE,Commercial Bank of Ethiopia Mobile,com.combanketh.mobilebanking,1,"Bad App and Bad institution It Can not show a transaction list Correctly It shows a very Messed up Transaction position Before Leaving the Country i beg them Please, I am going to leave the country, please make internet banking active for me, but they told me that the application will work anywhere, And Now it did not work after I left the country, it made me unable to move my money.","bad app and bad institution it can not show a transaction list correctly it shows a very messed up transaction position before leaving the country i beg them please, i am going to leave the country, please make internet banking active for me, but they told me that the application will work anywhere, and now it did not work after i left the country, it made me unable to move my money.",2024-04-23 15:28:23,5.0.4,,,12,google_play,2025-11-30T16:15:08.107712,72
f164f912-599f-4985-8087-caad615499fa,CBE,Commercial Bank of Ethiopia Mobile,com.combanketh.mobilebanking,5,"essy to use ,has great interface and user-friendly g","essy to use ,has great interface and userfriendly g",2025-08-29 16:03:47,5.2.1,,,8,google_play,2025-11-30T16:15:08.107712,9
f13cb958-5d86-4ce0-97be-2a54c0b6e7c3,CBE,Commercial Bank of Ethiopia Mobile,com.combanketh.mobilebanking,1,"Isn't there an IT professional in Ethiopia who can solve the problem of downloading the app? it's been 3 days since I've been trying to download the app. You're losing business, big time. I am so disappointed I don't even have words to express how frustrated I am. Please fix it.","isnt there an it professional in ethiopia who can solve the problem of downloading the app? its been 3 days since ive been trying to download the app. youre losing business, big time. i am so disappointed i dont even have words to express how frustrated i am. please fix it.",2022-01-01 22:59:08,,,,5,google_play,2025-11-30T16:15:08.107712,51
f528479d-489d-4a88-bc09-4da54566f84e,CBE,Commercial Bank of Ethiopia Mobile,com.combanketh.mobilebanking,1,"Why it cannot generate key for customers by itself? The main reason the bank suggested this application is to reduce crowded customers from cbe bank branches. The hell your IT department is doing? Why they cannot improve this problem? I don't want to go to Branch bank, they don't know nothing about this application. They're so dumbest person I ever seen. Please try make it simple and very useful application. Don't paint bad color on the legacy of this bank.","why it cannot generate key for customers by itself? the main reason the bank suggested this application is to reduce crowded customers from cbe bank branches. the hell your it department is doing? why they cannot improve this problem? i dont want to go to branch bank, they dont know nothing about this application. theyre so dumbest person i ever seen. please try make it simple and very useful application. dont paint bad color on the legacy of this bank.",2023-12-08 12:58:19,5.0.2,,,6,google_play,2025-11-30T16:15:08.107712,80
d8177ba2-0c1b-4dfa-866d-e4d31e0fc711,CBE,Commercial Bank of Ethiopia Mobile,com.combanketh.mobilebanking,3,"I like the app because it is fast for transaction. But still you have to work on it like user full name, bank statement pdf pin at the end of the app. You have to add that features on it. Thank you.","i like the app because it is fast for transaction. but still you have to work on it like user full name, bank statement pdf pin at the end of the app. you have to add that features on it. thank you.",2023-08-06 11:08:20,4.4.0,,,8,google_play,2025-11-30T16:15:08.107712,42
2a638d32-fa24-4520-b802-61a3e1f3f600,CBE,Commercial Bank of Ethiopia Mobile,com.combanketh.mobilebanking,4,"This app is good and easy to use UI. But, still need some bug fix such as own account transfer and payment to beneficiaries didn't work. Localization also not yet work like date conversion...","this app is good and easy to use ui. but, still need some bug fix such as own account transfer and payment to beneficiaries didnt work. localization also not yet work like date conversion...",2020-11-10 12:55:38,4.2,,,9,google_play,2025-11-30T16:15:08.107712,34
88ada793-bd87-4052-8eca-dd512919ebbc,CBE,Commercial Bank of Ethiopia Mobile,com.combanketh.mobilebanking,1,It doesn't work anymore. It says it synced successfully but doesn't show any thing. It doesn't sync at all,it doesnt work anymore. it says it synced successfully but doesnt show any thing. it doesnt sync at all,2021-01-03 18:58:49,4.2,,,5,google_play,2025-11-30T16:15:08.107712,19
ee38a8d8-bb00-4308-a166-3f70197bb782,CBE,Commercial Bank of Ethiopia Mobile,com.combanketh.mobilebanking,4,"Good but needs improvement. It should retain my settings. For example, I turned off the cbe- Noor option, but everytime I open the app, it defaults back to the previous setting.","good but needs improvement. it should retain my settings. for example, i turned off the cbe noor option, but everytime i open the app, it defaults back to the previous setting.",2023-05-06 13:18:29,,,,8,google_play,2025-11-30T16:15:08.107712,31
c46a07c1-f9a3-4af2-b6a5-85628e0146cd,CBE,Commercial Bank of Ethiopia Mobile,com.combanketh.mobilebanking,5,A great update in the Mobile Banking Application. Thanks for the System and customization department,a great update in the mobile banking application. thanks for the system and customization department,2025-08-26 11:02:10,5.2.1,,,9,google_play,2025-11-30T16:15:08.107712,15
8c45f96d-a981-41c9-bf40-24521ee112d2,CBE,Commercial Bank of Ethiopia Mobile,com.combanketh.mobilebanking,1,"Very disappointing, it doesnt order transaction correctly, it randomly switches the orders everytime you refresh it, it sometimes shows wrong dates. Very unorganized.","very disappointing, it doesnt order transaction correctly, it randomly switches the orders everytime you refresh it, it sometimes shows wrong dates. very unorganized.",2022-05-23 16:57:13,,,,5,google_play,2025-11-30T16:15:08.107712,23
6a662c60-c425-4705-baa1-40b99d3d4fc9,CBE,Commercial Bank of Ethiopia Mobile,com.combanketh.mobilebanking,1,Why the 3.7MB update takes forever to install? At first I thought it was my data conn issue but was not. I have been enjoying the later version until I unable to use due to update installation issue.,why the 3.7mb update takes forever to install? at first i thought it was my data conn issue but was not. i have been enjoying the later version until i unable to use due to update installation issue.,2020-09-13 23:03:12,4.1,,,4,google_play,2025-11-30T16:15:08.107712,38
f55b2778-cc7b-44e5-a903-c9e4d9a92b42,CBE,Commercial Bank of Ethiopia Mobile,com.combanketh.mobilebanking,3,"The latest update is creating a lot of problems. For instance, I had to reopen the app like 10 times to fix the ""NetWork error"" issue.","the latest update is creating a lot of problems. for instance, i had to reopen the app like 10 times to fix the network error issue.",2024-02-13 10:29:19,5.0.4,,,861,google_play,2025-11-30T16:15:08.107712,26
7662b86b-0261-48c9-b50f-c5e91af8e5e3,CBE,Commercial Bank of Ethiopia Mobile,com.combanketh.mobilebanking,1,"It worked fine until I have received an SMS with a link to update the app, it directs me to play store having Open and uninstall options which when I choose open kept bringing me back to the interface of the app I already have.","it worked fine until i have received an sms with a link to update the app, it directs me to play store having open and uninstall options which when i choose open kept bringing me back to the interface of the app i already have.",2022-02-12 14:48:53,4.3,,,9,google_play,2025-11-30T16:15:08.107712,45
8ff50357-495a-4f3f-bd08-1e7059db34df,CBE,Commercial Bank of Ethiopia Mobile,com.combanketh.mobilebanking,4,"It is developed in a simple way, but what if you add a notebook, like to save some info or other bank account number","it is developed in a simple way, but what if you add a notebook, like to save some info or other bank account number",2025-07-04 08:08:29,5.1.0,,,2,google_play,2025-11-30T16:15:08.107712,24
5ec2e73e-f27b-4b42-b96e-715fa3499cb8,CBE,Commercial Bank of Ethiopia Mobile,com.combanketh.mobilebanking,4,The app Is very good but the amharic language option doesn't work properly like you select amharic option and go to transfer sub option it automaticaly changes to engilsh .so it's good if you work on it.thanks!!!,the app is very good but the amharic language option doesnt work properly like you select amharic option and go to transfer sub option it automaticaly changes to engilsh .so its good if you work on it.thanks!!!,2023-10-23 13:23:56,5.0.2,,,22,google_play,2025-11-30T16:15:08.107712,37
baec1733-3cce-4c00-8c5f-9a13784752c6,CBE,Commercial Bank of Ethiopia Mobile,com.combanketh.mobilebanking,5,I love this app. Some improvement I wish to be made is that a menu that helps to Bach delete beneficiaries (delete two or more beneficiaries at once instead of individually). Thank you!,i love this app. some improvement i wish to be made is that a menu that helps to bach delete beneficiaries delete two or more beneficiaries at once instead of individually. thank you!,2021-01-02 09:39:27,4.2,,,15,google_play,2025-11-30T16:15:08.107712,33
ac0a9db1-e22d-4b36-9762-f0964ee05f97,CBE,Commercial Bank of Ethiopia Mobile,com.combanketh.mobilebanking,4,"It's a fast and responsive app. But for those of us who want detailed transaction info, and statement going back a long time, it's lacking.","its a fast and responsive app. but for those of us who want detailed transaction info, and statement going back a long time, its lacking.",2023-09-30 10:49:53,5.0.2,,,162,google_play,2025-11-30T16:15:08.107712,25
f2dc8749-0618-4233-8488-f8b24b9e1a2a,CBE,Commercial Bank of Ethiopia Mobile,com.combanketh.mobilebanking,1,It is a very weak app it does not even show transaction history. If there are 3 transactions in a day it shows two and does not show the rest.,it is a very weak app it does not even show transaction history. if there are 3 transactions in a day it shows two and does not show the rest.,2024-05-09 22:37:10,,,,5,google_play,2025-11-30T16:15:08.107712,30
d76ff66a-17e3-4d04-bd55-d61418fdac16,CBE,Commercial Bank of Ethiopia Mobile,com.combanketh.mobilebanking,3,It's a quiet good and smoothly accessible app which allows users to transfer and deposit but it would have been very great if there was a chance for topping up or Adding balance to your account.,its a quiet good and smoothly accessible app which allows users to transfer and deposit but it would have been very great if there was a chance for topping up or adding balance to your account.,2024-02-16 05:47:49,5.0.4,,,743,google_play,2025-11-30T16:15:08.107712,36
0ba36563-4038-48e7-a726-04d6c78093a4,CBE,Commercial Bank of Ethiopia Mobile,com.combanketh.mobilebanking,1,Disappointing! I lost my phone so I went to a CBE branch to reactivate it (unnecessary imo) waited for 2 hours to receive the verification key for it to be useless and invalid.,disappointing! i lost my phone so i went to a cbe branch to reactivate it unnecessary imo waited for 2 hours to receive the verification key for it to be useless and invalid.,2022-02-10 14:32:48,4.3,,,8,google_play,2025-11-30T16:15:08.107712,33
02a8488a-1993-4582-a072-3364f04647f6,CBE,Commercial Bank of Ethiopia Mobile,com.combanketh.mobilebanking,2,the app is recently crushing each time you open and try to make transfers...it used to be good. take lessons from the Dashen Super app or ethiotelecom. it is not befitting of your experience and glory. inv3st in making it more friendly and convenient. I am considering leaving CBE for good.,the app is recently crushing each time you open and try to make transfers...it used to be good. take lessons from the dashen super app or ethiotelecom. it is not befitting of your experience and glory. inv3st in making it more friendly and convenient. i am considering leaving cbe for good.,2025-05-06 12:33:07,,,,1,google_play,2025-11-30T16:15:08.107712,51
0be4f493-ab4b-481f-90f7-a4b433a7a5c4,CBE,Commercial Bank of Ethiopia Mobile,com.combanketh.mobilebanking,4,"Easy to use, it has got everything you need. The only problem I encountered is it doesn't show all your transactions in history, It just hides some without any reason.","easy to use, it has got everything you need. the only problem i encountered is it doesnt show all your transactions in history, it just hides some without any reason.",2021-01-01 07:36:37,,,,5,google_play,2025-11-30T16:15:08.107712,30
080004c3-262f-4fe4-b83c-c2419c5c70dc,CBE,Commercial Bank of Ethiopia Mobile,com.combanketh.mobilebanking,3,"The update made on the app. each time is good .but the recently added ""standing instruction ""menu doesnt contain a reverse/deletion mechanism if one wants to stop it.",the update made on the app. each time is good .but the recently added standing instruction menu doesnt contain a reversedeletion mechanism if one wants to stop it.,2023-12-27 10:38:55,5.0.2,,,17,google_play,2025-11-30T16:15:08.107712,28
2eb041b7-96a2-44d4-934f-8a51a577b37a,CBE,Commercial Bank of Ethiopia Mobile,com.combanketh.mobilebanking,4,"It is a user friendly and helpful app. It has greatly helped my day to day activities. However, it requires improvement on the weekly transaction limitations and it sometimes crashes.","it is a user friendly and helpful app. it has greatly helped my day to day activities. however, it requires improvement on the weekly transaction limitations and it sometimes crashes.",2023-05-02 10:49:23,4.4.0,,,124,google_play,2025-11-30T16:15:08.107712,30
aa4c4185-7a3c-439f-b20f-a4ef5cdfecdd,CBE,Commercial Bank of Ethiopia Mobile,com.combanketh.mobilebanking,3,"It's very good app and It's best than any banks app. but the only problem I got is the financial status display is limited, it's shows very few transactions","its very good app and its best than any banks app. but the only problem i got is the financial status display is limited, its shows very few transactions",2024-02-12 18:57:55,5.0.4,,,209,google_play,2025-11-30T16:15:08.107712,29
e2ddd26d-a78a-4d14-833c-61bd0aebe644,CBE,Commercial Bank of Ethiopia Mobile,com.combanketh.mobilebanking,4,"Nice app but mostly the txn sorting is not correct, earlier txns come on top but latest ones at below so its better if it has a time stamp besides the date or do something for better txn sorting.","nice app but mostly the txn sorting is not correct, earlier txns come on top but latest ones at below so its better if it has a time stamp besides the date or do something for better txn sorting.",2021-06-04 22:11:25,4.3,,,11,google_play,2025-11-30T16:15:08.107712,39
9f85039b-06f2-4b78-8a70-14576cc580e5,CBE,Commercial Bank of Ethiopia Mobile,com.combanketh.mobilebanking,4,"Its so flexible, easy and fast. More perfect if adding another acc. is possible Or interchangeabily within different account for those who use multiple acc.","its so flexible, easy and fast. more perfect if adding another acc. is possible or interchangeabily within different account for those who use multiple acc.",2023-11-16 15:35:57,5.0.2,,,31,google_play,2025-11-30T16:15:08.107712,25
c8877d09-c176-4d02-b4c2-bcf052832c93,CBE,Commercial Bank of Ethiopia Mobile,com.combanketh.mobilebanking,3,"The app is helpfull. But it has issues on weekends, sunday. It not syncing updates and complete transaction.","the app is helpfull. but it has issues on weekends, sunday. it not syncing updates and complete transaction.",2023-10-29 07:14:30,5.0.2,,,25,google_play,2025-11-30T16:15:08.107712,18
374817ec-0c03-4186-a8b2-16656e5ec6a8,CBE,Commercial Bank of Ethiopia Mobile,com.combanketh.mobilebanking,1,"Unable to use the app for around a month! (It cames with an error message ""None available"" everytime I try to transfer). What a Worst app!!!",unable to use the app for around a month! it cames with an error message none available everytime i try to transfer. what a worst app!!!,2024-05-01 21:54:35,5.0.4,,,11,google_play,2025-11-30T16:15:08.107712,26
9c8c855a-7fd4-4bbf-9d04-337d935f2e23,CBE,Commercial Bank of Ethiopia Mobile,com.combanketh.mobilebanking,3,"it is good app . but i had some essue's lately, they app don't show Transaction history properly in order of date of withdrawal . You should fix that in the next Update.","it is good app . but i had some essues lately, they app dont show transaction history properly in order of date of withdrawal . you should fix that in the next update.",2024-09-14 21:43:16,5.0.4,,,5,google_play,2025-11-30T16:15:08.107712,33
344d43ca-c8e2-4a4b-8e1e-dae1b1fdbc20,CBE,Commercial Bank of Ethiopia Mobile,com.combanketh.mobilebanking,1,My experience with this app is very bad. I just downloaded and installed this app and I stuck with the verification code. The app requested me to input the code without sending it. 😢,my experience with this app is very bad. i just downloaded and installed this app and i stuck with the verification code. the app requested me to input the code without sending it.,2020-10-19 09:41:37,,"Dear Solomon,

Once you download the application, you can get Verfication key and PIN from  any CBE Branch.",2020-10-28 18:19:18,8,google_play,2025-11-30T16:15:08.107712,33
16a77cdf-6d13-43fe-8ce4-8828dac84c5b,CBE,Commercial Bank of Ethiopia Mobile,com.combanketh.mobilebanking,4,Easy to use I found it intuitive to use the app. It would be nice if it includes finger print to access the account.,easy to use i found it intuitive to use the app. it would be nice if it includes finger print to access the account.,2021-04-10 14:04:31,4.2,,,4,google_play,2025-11-30T16:15:08.107712,24
495031eb-0d44-4081-8f7f-6f70e0bba7ee,CBE,Commercial Bank of Ethiopia Mobile,com.combanketh.mobilebanking,5,I'm living in China. Previously it was working even around the beginning of the new updated relased. Currently I can log in but it is not working after that. Is the new version is working out of Ethiopia or not?,im living in china. previously it was working even around the beginning of the new updated relased. currently i can log in but it is not working after that. is the new version is working out of ethiopia or not?,2020-08-14 12:25:49,4.1,,,7,google_play,2025-11-30T16:15:08.107712,40
ef1c27d9-deb2-4a1c-8248-bb4cfdbdfd99,CBE,Commercial Bank of Ethiopia Mobile,com.combanketh.mobilebanking,3,Better from previous version but doesn't support to use more than 1 account with one phone no. And also once reinstalling the app. Need authentication and confirmation no from branch. I wish you can make it soon,better from previous version but doesnt support to use more than 1 account with one phone no. and also once reinstalling the app. need authentication and confirmation no from branch. i wish you can make it soon,2020-08-24 19:09:00,,,,6,google_play,2025-11-30T16:15:08.107712,37
308dcbb0-6649-4033-bc04-f4d9d43f3520,CBE,Commercial Bank of Ethiopia Mobile,com.combanketh.mobilebanking,4,This app is helpfull but the only problem i am facing is I lost all my previous transaction and list of contacts(acc numbers those were saved in the app) when i updated the latest one. And how can i restor it pls,this app is helpfull but the only problem i am facing is i lost all my previous transaction and list of contactsacc numbers those were saved in the app when i updated the latest one. and how can i restor it pls,2024-02-23 10:08:27,,,,4,google_play,2025-11-30T16:15:08.107712,42
6e0abb61-6809-440e-b9b2-8ca0f2a18da7,CBE,Commercial Bank of Ethiopia Mobile,com.combanketh.mobilebanking,5,Its nice app more easy to use it. It shown only Recent history transaction. Please all transaction history.To summarize my transaction with reason. And add traffic penality button. Generally its nice app,its nice app more easy to use it. it shown only recent history transaction. please all transaction history.to summarize my transaction with reason. and add traffic penality button. generally its nice app,2021-11-13 13:18:43,4.3,,,17,google_play,2025-11-30T16:15:08.107712,32
0d1201bc-a6b4-458e-91c7-616ec9cf7a79,CBE,Commercial Bank of Ethiopia Mobile,com.combanketh.mobilebanking,1,It was ok but resently it has become unuseable to say the list. It does not sincronise and I have not been able to make use of it.,it was ok but resently it has become unuseable to say the list. it does not sincronise and i have not been able to make use of it.,2024-06-10 16:30:00,,,,2,google_play,2025-11-30T16:15:08.107712,28
400d44c7-d5fc-4d72-9c64-eac88733e9c2,CBE,Commercial Bank of Ethiopia Mobile,com.combanketh.mobilebanking,1,"Please improve your system of registration. Even after you took actvation code from branch the process is too difficult to register. Why not response?? 1.Is that adding sufaricom airtime was good improvement. You may did thàt for your bussiness. Coz safari have their own apps to sell airtime. If you want to improve, Màke It to connect with account whith out need of going branch. 2. Even make it digital Mobile banking, mean paper less banking(Authorize customer to get account number at his home","please improve your system of registration. even after you took actvation code from branch the process is too difficult to register. why not response?? 1.is that adding sufaricom airtime was good improvement. you may did tht for your bussiness. coz safari have their own apps to sell airtime. if you want to improve, mke it to connect with account whith out need of going branch. 2. even make it digital mobile banking, mean paper less bankingauthorize customer to get account number at his home",2023-04-08 05:26:29,,,,5,google_play,2025-11-30T16:15:08.107712,84
7395b05a-c33e-47ea-9128-f687201f49de,CBE,Commercial Bank of Ethiopia Mobile,com.combanketh.mobilebanking,1,"Always eventough I have enough balance I cant make bill payment saying insuffcient balance. I always have to ask other for adding me more extra money. If it is your marketing stategy to make people deposite more, thats not a strategy....its theft ለዛውም የማይረባ ብር ለመለቃቀም ብላችሁ","always eventough i have enough balance i cant make bill payment saying insuffcient balance. i always have to ask other for adding me more extra money. if it is your marketing stategy to make people deposite more, thats not a strategy....its theft",2024-01-11 14:00:28,5.0.2,,,13,google_play,2025-11-30T16:15:08.107712,42
91323cb3-0dc5-49e1-a417-ccbc2e0aff18,CBE,Commercial Bank of Ethiopia Mobile,com.combanketh.mobilebanking,1,"I am a business man i use this app long time, but it is very poor there is no filter to search the transactions of one Acc. If want to now how many times i send or receive.","i am a business man i use this app long time, but it is very poor there is no filter to search the transactions of one acc. if want to now how many times i send or receive.",2024-05-19 04:57:05,5.0.4,,,7,google_play,2025-11-30T16:15:08.107712,38
92214dfb-c8d4-41c4-b71c-5c599c5ed20c,CBE,Commercial Bank of Ethiopia Mobile,com.combanketh.mobilebanking,4,"Very nice app, it makes my financial work so easy but i have one problem, that is the app RELAUNCHES itself after I closed it. if you guys could get rid of this it would be a lot better. Thanks!","very nice app, it makes my financial work so easy but i have one problem, that is the app relaunches itself after i closed it. if you guys could get rid of this it would be a lot better. thanks!",2021-11-05 21:03:36,,,,4,google_play,2025-11-30T16:15:08.107712,40
e5c5465e-84c5-4e51-bf40-28bd4d568561,CBE,Commercial Bank of Ethiopia Mobile,com.combanketh.mobilebanking,4,"I have been using this app. for long period of time but after my phone's motherboard was damaged and replaced it with a new one. it says ""your device is rooted"" whenever I have installed the app. again want to use it again as before. what shall I do?",i have been using this app. for long period of time but after my phones motherboard was damaged and replaced it with a new one. it says your device is rooted whenever i have installed the app. again want to use it again as before. what shall i do?,2023-05-23 12:39:27,4.4.0,,,9,google_play,2025-11-30T16:15:08.107712,49
049576cf-6d13-49c7-89c6-4bacdb609c53,CBE,Commercial Bank of Ethiopia Mobile,com.combanketh.mobilebanking,1,"Before the new version, the app was fast and merits 4 ⭐. However, following the upgrade, the app is slow and takes time to reload. Apps are useless without speed, so make them work.","before the new version, the app was fast and merits 4 . however, following the upgrade, the app is slow and takes time to reload. apps are useless without speed, so make them work.",2024-12-19 07:35:54,5.0.7,,,553,google_play,2025-11-30T16:15:08.107712,34
cbf0ec60-96ac-4ca5-9436-e174c3507ad2,CBE,Commercial Bank of Ethiopia Mobile,com.combanketh.mobilebanking,1,"after updating the app it never works. Let alone giving a star if there was a negative star, i would have given you negative start. how could a biggest bank in a country doesn't have good app. ለማንኛውም ግን ማፈሪያ ባንክ ነው !!","after updating the app it never works. let alone giving a star if there was a negative star, i would have given you negative start. how could a biggest bank in a country doesnt have good app. !!",2019-03-26 18:37:08,2.0,,,4,google_play,2025-11-30T16:15:08.107712,38
d4477f8c-1c55-4e8a-9ea3-717f381518b5,CBE,Commercial Bank of Ethiopia Mobile,com.combanketh.mobilebanking,2,The application for transaction any where and time important however on process transaction intruption after some minut deducted the amount so happened double payment . So please improved ! To transact reliable show correctly on time of transaction.,the application for transaction any where and time important however on process transaction intruption after some minut deducted the amount so happened double payment . so please improved ! to transact reliable show correctly on time of transaction.,2023-07-29 06:25:17,4.4.0,,,6,google_play,2025-11-30T16:15:08.107712,38
52c230e0-a6ef-4c79-b92c-f5b6cef065cd,CBE,Commercial Bank of Ethiopia Mobile,com.combanketh.mobilebanking,2,There is a glitch regarding the transaction history. Recent transaction history are browsed almost after a day. Which makes it very inconvenient for the users.,there is a glitch regarding the transaction history. recent transaction history are browsed almost after a day. which makes it very inconvenient for the users.,2024-06-16 12:29:37,5.0.4,,,9,google_play,2025-11-30T16:15:08.107712,25
098198b0-359c-4237-9b1a-a71d32d1b8ba,CBE,Commercial Bank of Ethiopia Mobile,com.combanketh.mobilebanking,1,"The previous version was working fine but after update it said that my device was rooted, even though it wasn't, and it didn't work. I had to reinstall the previous one.","the previous version was working fine but after update it said that my device was rooted, even though it wasnt, and it didnt work. i had to reinstall the previous one.",2020-07-24 18:38:24,1.0,"Dear Amanuel, For security reasons the app doesn't work on rooted devices.",2020-07-24 13:03:26,7,google_play,2025-11-30T16:15:08.107712,31
66b0aeaa-fb70-432c-95ee-fa52d4b413d7,CBE,Commercial Bank of Ethiopia Mobile,com.combanketh.mobilebanking,1,"Just updated to version 4.3 but it failed to sync after that. Please do something, I couldn't use it since it is popping ""can't sync"".","just updated to version 4.3 but it failed to sync after that. please do something, i couldnt use it since it is popping cant sync.",2021-06-07 06:59:12,4.3,"Dear Mebratu, Thank you for the feedback.",2020-06-29 20:18:07,14,google_play,2025-11-30T16:15:08.107712,25
09de4192-583d-4f15-8018-671523fc2f81,CBE,Commercial Bank of Ethiopia Mobile,com.combanketh.mobilebanking,3,"Nice app. But i know woman who got robbed her phone and they tranfered all money that she got because they got her password from her phone. Please do not save the password localy in the phone. Make a post request to validate the password or use oauth methods. That is much safer you can look at apps like paypal,payooneer ...","nice app. but i know woman who got robbed her phone and they tranfered all money that she got because they got her password from her phone. please do not save the password localy in the phone. make a post request to validate the password or use oauth methods. that is much safer you can look at apps like paypal,payooneer ...",2024-03-26 10:24:02,5.0.4,,,14,google_play,2025-11-30T16:15:08.107712,61
e351b374-6927-40ec-8c22-2832eb524ccc,CBE,Commercial Bank of Ethiopia Mobile,com.combanketh.mobilebanking,1,"Very disappointed! It asks for verification code but no way to get it. The verification code should be sent to our mail or phone number. It doesn't give you any clue to get the code. I go to CBE branch & requested them if I can get the code, but they don't even know how to get it.","very disappointed! it asks for verification code but no way to get it. the verification code should be sent to our mail or phone number. it doesnt give you any clue to get the code. i go to cbe branch requested them if i can get the code, but they dont even know how to get it.",2021-04-15 21:01:43,4.2,,,119,google_play,2025-11-30T16:15:08.107712,57
2c3ab83e-8d37-4bb0-92e8-bfb4368be387,CBE,Commercial Bank of Ethiopia Mobile,com.combanketh.mobilebanking,1,App's literally broken after the last update. The new interface was great but unusable. I sent E-mail to to Dev. team but no response or acknowledgment of the issue so far. Please resolve it ASAP.,apps literally broken after the last update. the new interface was great but unusable. i sent email to to dev. team but no response or acknowledgment of the issue so far. please resolve it asap.,2021-08-03 15:51:44,4.3,,,39,google_play,2025-11-30T16:15:08.107712,35
f737b140-2f6c-46ea-a315-de4c6a38fcd0,CBE,Commercial Bank of Ethiopia Mobile,com.combanketh.mobilebanking,1,"Why force-disable Developer Options in the latest update? I get that it's a security precaution, but it's overkill. Plenty of other financial apps do not require it and it's sometimes necessary for debugging/experimental reasons","why forcedisable developer options in the latest update? i get that its a security precaution, but its overkill. plenty of other financial apps do not require it and its sometimes necessary for debuggingexperimental reasons",2025-01-21 08:28:34,5.0.8,,,260,google_play,2025-11-30T16:15:08.107712,34
3e23614c-e339-4a27-8f2f-f9c1e60e8cdc,CBE,Commercial Bank of Ethiopia Mobile,com.combanketh.mobilebanking,4,"I have got the application very useful, fast and simple to use. It is great app for self service but I had to go to branch office to activate it. Please try using OTP to activate the app","i have got the application very useful, fast and simple to use. it is great app for self service but i had to go to branch office to activate it. please try using otp to activate the app",2022-11-23 06:50:11,4.3.2,,,87,google_play,2025-11-30T16:15:08.107712,38
9f3ac2bf-046c-4e02-9704-fd8171c6df35,CBE,Commercial Bank of Ethiopia Mobile,com.combanketh.mobilebanking,1,Has not show recent exact information. Some transactions are included and others excluded. Bad experiance. Always I got in truble by thinking the correct balance.,has not show recent exact information. some transactions are included and others excluded. bad experiance. always i got in truble by thinking the correct balance.,2024-09-19 06:32:53,5.0.4,,,0,google_play,2025-11-30T16:15:08.107712,25
23a22ba0-1b9b-4885-ac15-dd7e34e3db8e,CBE,Commercial Bank of Ethiopia Mobile,com.combanketh.mobilebanking,4,The interface is good. But can you hide amount of money. It is sensitive. And login pin and keyboard are not really synced,the interface is good. but can you hide amount of money. it is sensitive. and login pin and keyboard are not really synced,2021-06-01 17:34:51,4.2,,,6,google_play,2025-11-30T16:15:08.107712,23
624d273b-dd78-4c80-92e7-92c837dd4fa6,CBE,Commercial Bank of Ethiopia Mobile,com.combanketh.mobilebanking,3,"It is a very good application, but, when I open the recent transactions it almost crashes or stops responding. You need to fix this.","it is a very good application, but, when i open the recent transactions it almost crashes or stops responding. you need to fix this.",2022-12-25 05:36:11,,,,5,google_play,2025-11-30T16:15:08.107712,24
87472748-f1c4-4ad4-9161-34d220b02d1d,CBE,Commercial Bank of Ethiopia Mobile,com.combanketh.mobilebanking,1,"Terrible application. every time when I have transactions, say an error while the transaction is already done, doesn't show the recent updates balances and transaction.","terrible application. every time when i have transactions, say an error while the transaction is already done, doesnt show the recent updates balances and transaction.",2024-04-30 14:29:05,5.0.4,,,10,google_play,2025-11-30T16:15:08.107712,25
9f3023a8-b8f0-4186-9762-110a68ff948c,CBE,Commercial Bank of Ethiopia Mobile,com.combanketh.mobilebanking,2,I don't understand the reason why this app asks me to turn off my developer options whenever I try to log into the app 🙄 This issue immediately needs to be fixed. Why would I sacrifice my phone's performance to use only this app? It's ridiculous 😒,i dont understand the reason why this app asks me to turn off my developer options whenever i try to log into the app this issue immediately needs to be fixed. why would i sacrifice my phones performance to use only this app? its ridiculous,2025-01-06 08:01:36,5.0.8,,,34,google_play,2025-11-30T16:15:08.107712,45
e24ccf59-5427-4fbe-b103-96f2ee5a17be,CBE,Commercial Bank of Ethiopia Mobile,com.combanketh.mobilebanking,1,I'm frustrated by this app.its not even doing a single thing for me.it just keeps saying none available every time I try to use it. Hope the developers bring solutions to this problem. Thanks in advance,im frustrated by this app.its not even doing a single thing for me.it just keeps saying none available every time i try to use it. hope the developers bring solutions to this problem. thanks in advance,2020-11-09 21:40:13,4.2,,,5,google_play,2025-11-30T16:15:08.107712,36
df6ea774-f420-4498-82d9-f0501c3168a6,CBE,Commercial Bank of Ethiopia Mobile,com.combanketh.mobilebanking,4,Great app. But why limit transaction history? We should be able to view transaction history at least for the past 12 months if not more. Currently it only goes back one or two weeks.,great app. but why limit transaction history? we should be able to view transaction history at least for the past 12 months if not more. currently it only goes back one or two weeks.,2021-03-04 08:09:49,4.2,,,53,google_play,2025-11-30T16:15:08.107712,34
5ea9cebd-d99f-4f92-b9aa-5b9a75e31241,CBE,Commercial Bank of Ethiopia Mobile,com.combanketh.mobilebanking,1,"It is good and easy to use. But as you changed your phone it needs activation code from bank. So this needs improvement. Always as you changed your phone, you should go to bank branch to get activation","it is good and easy to use. but as you changed your phone it needs activation code from bank. so this needs improvement. always as you changed your phone, you should go to bank branch to get activation",2020-09-29 21:05:49,4.2,,,31,google_play,2025-11-30T16:15:08.107712,38
cff6e8f6-b9a6-4959-9547-c7ba44430c85,CBE,Commercial Bank of Ethiopia Mobile,com.combanketh.mobilebanking,1,I have updated the june 28 version then it is not workings all. Considering the current Covid 19 pandemic you should make the system more friendly to avoid physical visit to the bank . i just don't get it why CBE is always two steep back in making the process more easy .,i have updated the june 28 version then it is not workings all. considering the current covid 19 pandemic you should make the system more friendly to avoid physical visit to the bank . i just dont get it why cbe is always two steep back in making the process more easy .,2020-07-28 06:44:24,4.1,,,10,google_play,2025-11-30T16:15:08.107712,53
a183f035-d7fd-4db0-ac13-1a33340764dc,CBE,Commercial Bank of Ethiopia Mobile,com.combanketh.mobilebanking,1,"can you please fix the problem, I'm overseas and can't get to CBE branch for a fix, PLEASE DO SOMETHING!! start by removing it from play store until you figure out what the issue is!","can you please fix the problem, im overseas and cant get to cbe branch for a fix, please do something!! start by removing it from play store until you figure out what the issue is!",2019-03-31 10:20:02,2.0,,,5,google_play,2025-11-30T16:15:08.107712,35
939d455e-2152-4b7f-86d7-08ae01ad42b5,CBE,Commercial Bank of Ethiopia Mobile,com.combanketh.mobilebanking,4,"It is a very good app; but as a comment, the signs in the app should have their own unique color. For example, the Top up sign should have the color of ethiotelecom.","it is a very good app but as a comment, the signs in the app should have their own unique color. for example, the top up sign should have the color of ethiotelecom.",2020-06-27 10:48:26,4.0,,,10,google_play,2025-11-30T16:15:08.107712,33
08944513-53dd-41d3-9ef8-e04bd683ad40,CBE,Commercial Bank of Ethiopia Mobile,com.combanketh.mobilebanking,4,"For those who have only one phone but have two bank accounts, it is not possible to administer both accounts in one phone. Please, make your program to allow two accounts in one phone.","for those who have only one phone but have two bank accounts, it is not possible to administer both accounts in one phone. please, make your program to allow two accounts in one phone.",2023-03-11 08:02:58,4.3.2,,,7,google_play,2025-11-30T16:15:08.107712,34
f0ac4f21-127f-4c7a-bb36-72e2cbf9a762,CBE,Commercial Bank of Ethiopia Mobile,com.combanketh.mobilebanking,5,"Very good application. However, recently, it is not working properly. Refusing to transfer money to telebirr and other accounts.","very good application. however, recently, it is not working properly. refusing to transfer money to telebirr and other accounts.",2022-02-12 12:27:08,4.3.1,,,97,google_play,2025-11-30T16:15:08.107712,19
0b25c884-b152-4eda-a04d-397cb6c35e2f,CBE,Commercial Bank of Ethiopia Mobile,com.combanketh.mobilebanking,1,"I'm having trouble with the application, I can't see my balance or send money using the application. This is very disappointing as I have been experiencing this for a while.","im having trouble with the application, i cant see my balance or send money using the application. this is very disappointing as i have been experiencing this for a while.",2024-03-15 22:03:43,5.0.4,,,24,google_play,2025-11-30T16:15:08.107712,30
27edcec7-5f4e-4bf4-89ec-40c5c52fe89e,CBE,Commercial Bank of Ethiopia Mobile,com.combanketh.mobilebanking,1,"App crushing after update. I approach the bank to fix it and they told me I need new authentication key for every update. What if I was abroad? Even after I logged in, features like Services, Finance and Banking are not there. It doesn't deserve a single star either.","app crushing after update. i approach the bank to fix it and they told me i need new authentication key for every update. what if i was abroad? even after i logged in, features like services, finance and banking are not there. it doesnt deserve a single star either.",2019-03-05 10:56:58,2.0,,,35,google_play,2025-11-30T16:15:08.107712,49
682e1471-d28c-4908-b374-bf6d91876ead,CBE,Commercial Bank of Ethiopia Mobile,com.combanketh.mobilebanking,2,1. Statement is limited with one screen display. There should be access to see my transactions of at least 6 months before. 2. Sometimes debit/credit is not shown on the account details.......,1. statement is limited with one screen display. there should be access to see my transactions of at least 6 months before. 2. sometimes debitcredit is not shown on the account details.......,2024-11-09 12:19:24,5.0.4,,,0,google_play,2025-11-30T16:15:08.107712,32
d9238914-4aec-4c54-9e9a-d161f0fa5ea0,CBE,Commercial Bank of Ethiopia Mobile,com.combanketh.mobilebanking,1,"The not allowing the app while ""developer options"" is on needs to be fixed! Why the hell is an app telling me what to do with my own OS??? This is an unnecessary fix that needs to be fixed!!!",the not allowing the app while developer options is on needs to be fixed! why the hell is an app telling me what to do with my own os??? this is an unnecessary fix that needs to be fixed!!!,2025-01-01 19:36:54,5.0.8,,,810,google_play,2025-11-30T16:15:08.107712,39
f0b6e496-f445-49e9-af5c-84406b02b9f6,CBE,Commercial Bank of Ethiopia Mobile,com.combanketh.mobilebanking,4,Simple and nice !!! The issue with using mobile app is you can't print/share the transaction slip.Some company/people required the printable file for their record,simple and nice !!! the issue with using mobile app is you cant printshare the transaction slip.some companypeople required the printable file for their record,2021-03-31 06:35:20,4.2,,,26,google_play,2025-11-30T16:15:08.107712,25
3e50015f-431a-48e9-8573-4b6cfc879cf4,CBE,Commercial Bank of Ethiopia Mobile,com.combanketh.mobilebanking,4,"It is a good app, but when there is no readymade bill for payment, it doesn't tell anything, just say continue. It will be nice if it tells us, the bill is not yet ready for payment.","it is a good app, but when there is no readymade bill for payment, it doesnt tell anything, just say continue. it will be nice if it tells us, the bill is not yet ready for payment.",2022-09-05 12:15:08,4.3.2,,,7,google_play,2025-11-30T16:15:08.107712,37
afbee011-0ce5-4af5-aee3-c169501f64a7,CBE,Commercial Bank of Ethiopia Mobile,com.combanketh.mobilebanking,2,Transcation information available only for a very short period of time. Unstable when used for two accounts. It sometimes doesn't show me my second account.,transcation information available only for a very short period of time. unstable when used for two accounts. it sometimes doesnt show me my second account.,2021-10-24 20:15:07,4.3,,,5,google_play,2025-11-30T16:15:08.107712,25
4df1ef33-2596-4a62-a554-961d6a170f0c,CBE,Commercial Bank of Ethiopia Mobile,com.combanketh.mobilebanking,4,"When I enter values in the Amount and Remark fields and click the Continue button, I encounter an error. However, the transaction still deducts the specified amount. It is essential to test this error handling functionality.","when i enter values in the amount and remark fields and click the continue button, i encounter an error. however, the transaction still deducts the specified amount. it is essential to test this error handling functionality.",2024-09-11 13:21:43,,,,0,google_play,2025-11-30T16:15:08.107712,36
41c7e513-ba54-4bca-96fc-a06f50487c07,CBE,Commercial Bank of Ethiopia Mobile,com.combanketh.mobilebanking,5,"I use a variety of mobile banking applications, but I really enjoy using CBE over those from other banks because it's quick and user-friendly. I greatly appreciate it.","i use a variety of mobile banking applications, but i really enjoy using cbe over those from other banks because its quick and userfriendly. i greatly appreciate it.",2022-12-07 16:43:37,4.3.2,,,12,google_play,2025-11-30T16:15:08.107712,28
6c5f43c4-9890-4998-96e5-426db702906e,CBE,Commercial Bank of Ethiopia Mobile,com.combanketh.mobilebanking,4,By far the most crucial and progressivly growing financial app. Keep up the good work.from an end user stand point It would also make sense to include push notification for each transaction as well.,by far the most crucial and progressivly growing financial app. keep up the good work.from an end user stand point it would also make sense to include push notification for each transaction as well.,2021-09-13 10:09:51,4.3,,,14,google_play,2025-11-30T16:15:08.107712,34
a1c19a7f-9be5-433b-92a7-88c87d69d6d6,CBE,Commercial Bank of Ethiopia Mobile,com.combanketh.mobilebanking,1,"Now after the last update has been launched, the app is being somewhat complex. The orders of the transaction is not working correctly. Please have a review on it.","now after the last update has been launched, the app is being somewhat complex. the orders of the transaction is not working correctly. please have a review on it.",2023-03-14 12:11:15,4.4.0,,,15,google_play,2025-11-30T16:15:08.107712,29
6fc46f71-58d1-4b20-912d-50cbc669d821,CBE,Commercial Bank of Ethiopia Mobile,com.combanketh.mobilebanking,1,I've been using the previous app more than a year without any prob. This application is not working more than a month and even they couldn't also fix it.,ive been using the previous app more than a year without any prob. this application is not working more than a month and even they couldnt also fix it.,2020-12-04 08:04:53,4.2,,,14,google_play,2025-11-30T16:15:08.107712,29
b6e9e6ab-6e72-4b49-b6c1-f9f451a1a08f,CBE,Commercial Bank of Ethiopia Mobile,com.combanketh.mobilebanking,5,Your app is very simple to use. But please add search option so that we can easily find our transaction done with an account number.,your app is very simple to use. but please add search option so that we can easily find our transaction done with an account number.,2022-10-01 21:08:45,4.3.2,,,8,google_play,2025-11-30T16:15:08.107712,25
1014c477-ddae-4227-bb1c-4e49f8b5836b,CBE,Commercial Bank of Ethiopia Mobile,com.combanketh.mobilebanking,1,Recent transactions history was loading properly and used to preview older histories too but not anymore and that sucks! So work on transactions history well!,recent transactions history was loading properly and used to preview older histories too but not anymore and that sucks! so work on transactions history well!,2023-03-08 11:19:11,4.4.0,,,29,google_play,2025-11-30T16:15:08.107712,25
051f48dd-8f62-4260-84ab-3d6a372dc89b,CBE,Commercial Bank of Ethiopia Mobile,com.combanketh.mobilebanking,5,Whats wrong the app following the new update? I can't even see my balance now. I used old app for more than three years from Europe and every thing was perfect. Now you it looks like the app is not stable. Thank you for spoiling it.,whats wrong the app following the new update? i cant even see my balance now. i used old app for more than three years from europe and every thing was perfect. now you it looks like the app is not stable. thank you for spoiling it.,2024-02-27 14:23:01,5.0.4,,,95,google_play,2025-11-30T16:15:08.107712,46
c4f8963d-d961-44b3-bb86-c3dc4b7ed445,CBE,Commercial Bank of Ethiopia Mobile,com.combanketh.mobilebanking,4,"Excellent application. 1. It lacks currency exchange rate. 2. It says ""error"" but transfer the birr which biase customers. Please solve the above issues.",excellent application. 1. it lacks currency exchange rate. 2. it says error but transfer the birr which biase customers. please solve the above issues.,2022-02-12 16:27:09,4.3,,,11,google_play,2025-11-30T16:15:08.107712,24
c35e5c78-cbbe-46a6-a8bf-f40207002d99,CBE,Commercial Bank of Ethiopia Mobile,com.combanketh.mobilebanking,1,"Most of the time 'no sync available'. Been trying to transfer all day,with no luck. Very bad app","most of the time no sync available. been trying to transfer all day,with no luck. very bad app",2022-12-14 15:01:37,4.3.2,,,3,google_play,2025-11-30T16:15:08.107712,18
7f95c0fc-e54d-40af-b9a1-1d4f0264b34f,CBE,Commercial Bank of Ethiopia Mobile,com.combanketh.mobilebanking,1,"feature to add beneficiary account from older version isn't available on this one, and the greeting notification that pops out during every log in is boring.","feature to add beneficiary account from older version isnt available on this one, and the greeting notification that pops out during every log in is boring.",2024-11-17 16:55:54,,,,0,google_play,2025-11-30T16:15:08.107712,26
c87b6b87-e11b-4d61-b5a0-e82549ae3ad8,CBE,Commercial Bank of Ethiopia Mobile,com.combanketh.mobilebanking,3,"After money is transferred, it shows failed signal. When trying again, it says failed again but it was actually transferring two times. Damn!","after money is transferred, it shows failed signal. when trying again, it says failed again but it was actually transferring two times. damn!",2021-02-26 20:03:41,4.2,,,14,google_play,2025-11-30T16:15:08.107712,23
b9b2a892-624c-49f1-a807-9c88220a6098,CBE,Commercial Bank of Ethiopia Mobile,com.combanketh.mobilebanking,2,"Recent service fee change is ridiculous. Plus making transfer to other banks and Telebirr wallet is even crazier. You suppose to be an exemplary institution, but you are doing the opposite.","recent service fee change is ridiculous. plus making transfer to other banks and telebirr wallet is even crazier. you suppose to be an exemplary institution, but you are doing the opposite.",2024-05-14 16:29:14,5.0.4,,,6,google_play,2025-11-30T16:15:08.107712,31
4369c394-d276-4294-8d74-eeca7c712972,CBE,Commercial Bank of Ethiopia Mobile,com.combanketh.mobilebanking,1,"The worst app ever made! I transfered money to abyssinia bank account, deducted the money from my cbe account but never made it through to my abyssinia account! I hate this app and bank! Idk why they are making me wait a whole week to return my money! Even there call center 951 doesn't work! Shame!","the worst app ever made! i transfered money to abyssinia bank account, deducted the money from my cbe account but never made it through to my abyssinia account! i hate this app and bank! idk why they are making me wait a whole week to return my money! even there call center 951 doesnt work! shame!",2024-03-05 04:05:06,5.0.4,,,26,google_play,2025-11-30T16:15:08.107712,56
fa96cd21-0bca-44e5-85f4-5feff72bf19c,CBE,Commercial Bank of Ethiopia Mobile,com.combanketh.mobilebanking,1,When ever I change my phone or something happened why would I have to go to the office to get the code this app this not amazing I didn't like it this is big problem u have to change this if I have to go to the bank every time I change phone or anything happened it bad app in this time in this technology.,when ever i change my phone or something happened why would i have to go to the office to get the code this app this not amazing i didnt like it this is big problem u have to change this if i have to go to the bank every time i change phone or anything happened it bad app in this time in this technology.,2023-03-10 19:20:21,4.4.0,,,22,google_play,2025-11-30T16:15:08.107712,65
679091ba-00d4-4458-8c5b-40cafd43ba91,CBE,Commercial Bank of Ethiopia Mobile,com.combanketh.mobilebanking,2,Best and easy to use but the limitations is the when someone want to send birr from cbe to tele birr the transfer fee is higher and this is not correct,best and easy to use but the limitations is the when someone want to send birr from cbe to tele birr the transfer fee is higher and this is not correct,2024-03-11 15:17:32,5.0.4,,,20,google_play,2025-11-30T16:15:08.107712,31
e32440c5-d7a0-44ef-826e-75de643cda80,CBE,Commercial Bank of Ethiopia Mobile,com.combanketh.mobilebanking,1,"Dear developer, The new update says mybdevice is rooted and I cant use the app, However I amb100% sure that my device is not rooted. Please fix this bug ASAP as this issue iw ibservee on another galaxy S7 edge device","dear developer, the new update says mybdevice is rooted and i cant use the app, however i amb100 sure that my device is not rooted. please fix this bug asap as this issue iw ibservee on another galaxy s7 edge device",2020-08-21 20:39:25,4.1,,,7,google_play,2025-11-30T16:15:08.107712,41
0c4cc5a6-a66c-4706-916e-0dd0ae42f8f4,CBE,Commercial Bank of Ethiopia Mobile,com.combanketh.mobilebanking,1,"Can got 0 ⭐ Please ! this App is completely Scam Becouse I made payment in other bank option in the App but the APP (-) mY BALANCE BUT NO successful notification to get screen shoot, no SMS and no Transaction history and I alerdy lost my mony becous my clint also does not get the mony i sent! I pay but I didn't got mony! stey away frim CBE","can got 0 please ! this app is completely scam becouse i made payment in other bank option in the app but the app my balance but no successful notification to get screen shoot, no sms and no transaction history and i alerdy lost my mony becous my clint also does not get the mony i sent! i pay but i didnt got mony! stey away frim cbe",2024-05-19 20:40:00,5.0.4,,,14,google_play,2025-11-30T16:15:08.107712,68
a871ca50-e87e-44c3-ae4c-198683a50eb9,CBE,Commercial Bank of Ethiopia Mobile,com.combanketh.mobilebanking,3,"Improve the transaction history it misleading when you don't update the transaction correctly, and make it record the monthly Fee that deducted from our account, at this point the messages are more reliable","improve the transaction history it misleading when you dont update the transaction correctly, and make it record the monthly fee that deducted from our account, at this point the messages are more reliable",2024-06-08 16:16:58,5.0.4,,,11,google_play,2025-11-30T16:15:08.107712,33
5846bdaf-ca56-462d-8fd1-5119c69ffd63,CBE,Commercial Bank of Ethiopia Mobile,com.combanketh.mobilebanking,1,It's refreshing not working since last update. I already authenticated and signed in to my account but it says no available when I clicked on service.,its refreshing not working since last update. i already authenticated and signed in to my account but it says no available when i clicked on service.,2020-11-16 15:06:50,4.2,,,7,google_play,2025-11-30T16:15:08.107712,26
debeb4fd-253e-448c-ad9c-1883e88c04f7,CBE,Commercial Bank of Ethiopia Mobile,com.combanketh.mobilebanking,1,"If you forgot your password you have to go to the bank which is so tiring, there should be a link on the app that helps you recover your password. And it has huge problem using the app to send money.","if you forgot your password you have to go to the bank which is so tiring, there should be a link on the app that helps you recover your password. and it has huge problem using the app to send money.",2020-10-20 14:07:03,,,,4,google_play,2025-11-30T16:15:08.107712,41
064e45aa-e188-44bc-a0a3-7f7dd095a131,CBE,Commercial Bank of Ethiopia Mobile,com.combanketh.mobilebanking,2,"The app is not compatible with certain devices. For example, with samsung galaxy note edge.","the app is not compatible with certain devices. for example, with samsung galaxy note edge.",2020-08-25 11:51:21,1.0,,,5,google_play,2025-11-30T16:15:08.107712,15
8a46d7fa-b9f8-4d57-9bb7-32f6307eb622,CBE,Commercial Bank of Ethiopia Mobile,com.combanketh.mobilebanking,3,"On the previous version i used to have the remaining balance after each transaction, that was so helpful. But know its just the last remaining balance zat u can check. Zats not good","on the previous version i used to have the remaining balance after each transaction, that was so helpful. but know its just the last remaining balance zat u can check. zats not good",2020-08-16 11:49:54,4.1,,,7,google_play,2025-11-30T16:15:08.107712,33
cf4e1335-0e7b-4842-8f67-5ee6bc405b59,CBE,Commercial Bank of Ethiopia Mobile,com.combanketh.mobilebanking,5,i believe that the updated mobile application will answer many of the users question and it is recommended that iphone users use the one downloaded from the app store rather than the one downloaded from the play store.,i believe that the updated mobile application will answer many of the users question and it is recommended that iphone users use the one downloaded from the app store rather than the one downloaded from the play store.,2024-02-27 21:06:10,5.0.4,,,354,google_play,2025-11-30T16:15:08.107712,38
43d40957-c77e-4e3a-9232-7ee669b7bceb,CBE,Commercial Bank of Ethiopia Mobile,com.combanketh.mobilebanking,3,"Please add the ability to view all transaction history, and pressing back on sub pages should not display logout confirmation. Plus, self registration should be a thing","please add the ability to view all transaction history, and pressing back on sub pages should not display logout confirmation. plus, self registration should be a thing",2021-08-21 19:32:49,4.3,,,9,google_play,2025-11-30T16:15:08.107712,27
52c22755-53b4-43cf-a386-808739f868d3,CBE,Commercial Bank of Ethiopia Mobile,com.combanketh.mobilebanking,2,This app is not dependable and it fail to sync often. By far the sms version is better. Please try to solve it soon.,this app is not dependable and it fail to sync often. by far the sms version is better. please try to solve it soon.,2020-11-07 14:20:35,4.2,,,7,google_play,2025-11-30T16:15:08.107712,24
7e818042-e310-4e2d-bbcc-f8aabcb973a1,CBE,Commercial Bank of Ethiopia Mobile,com.combanketh.mobilebanking,5,"Now that I could change b/n accounts easily, I'm much satisfied with this app; and I upgrade my rating to 5 star. However, I wish the app would enable to produce report a history of at least 3 months.","now that i could change bn accounts easily, im much satisfied with this app and i upgrade my rating to 5 star. however, i wish the app would enable to produce report a history of at least 3 months.",2023-03-23 17:57:44,,,,42,google_play,2025-11-30T16:15:08.107712,39
715717ee-33ff-40f6-86d2-a503b239b3e1,CBE,Commercial Bank of Ethiopia Mobile,com.combanketh.mobilebanking,5,"Every thing is good and functional , but the password length is too short and it is also receive only 4 numbers. I wish if the password field receives string","every thing is good and functional , but the password length is too short and it is also receive only 4 numbers. i wish if the password field receives string",2022-10-02 12:28:23,,,,5,google_play,2025-11-30T16:15:08.107712,30
8148fe69-b7ee-4e78-b2f8-e995e46369ed,CBE,Commercial Bank of Ethiopia Mobile,com.combanketh.mobilebanking,5,First time tha i get happy by CBE's achievements. Congrats CBE Simple to use and uptodate. Go on and it will be nice if you add the investment options so that we can invest online too. Good Job,first time tha i get happy by cbes achievements. congrats cbe simple to use and uptodate. go on and it will be nice if you add the investment options so that we can invest online too. good job,2020-07-07 23:10:44,,,,10,google_play,2025-11-30T16:15:08.107712,38
f5f86a10-3cbe-4a41-8474-b26191062f97,CBE,Commercial Bank of Ethiopia Mobile,com.combanketh.mobilebanking,3,"I keep getting error pop ups on my screen even after closing the app and when i am using other apps, please fix this bug.","i keep getting error pop ups on my screen even after closing the app and when i am using other apps, please fix this bug.",2020-09-15 07:38:45,4.2,,,10,google_play,2025-11-30T16:15:08.107712,25
ab843ac7-bb3a-45f5-b4e8-4c6c315c97a0,CBE,Commercial Bank of Ethiopia Mobile,com.combanketh.mobilebanking,5,The application is best based on the online banking system. But sometimes it shows previous balance when logging in and it confuses after making transaction,the application is best based on the online banking system. but sometimes it shows previous balance when logging in and it confuses after making transaction,2022-08-07 09:22:52,4.3.2,,,14,google_play,2025-11-30T16:15:08.107712,25
1470ff4b-3645-4694-bdc1-49d94ffbfb45,CBE,Commercial Bank of Ethiopia Mobile,com.combanketh.mobilebanking,1,"The app stop to show me the balance, but it synchronized while refreshing in contrary all of the services are not available . No online care available , amazing millions of customer waiting physical contact for routine solution .","the app stop to show me the balance, but it synchronized while refreshing in contrary all of the services are not available . no online care available , amazing millions of customer waiting physical contact for routine solution .",2023-07-01 03:26:19,4.4.0,,,11,google_play,2025-11-30T16:15:08.107712,39
ec8390c8-2d6d-43e5-97fb-f3e980186027,CBE,Commercial Bank of Ethiopia Mobile,com.combanketh.mobilebanking,4,"It is a good app. But it is better to add the following features in the next version, 1) Add ATM withdrawal option 2) Password reset option 4) Finger print option 3) E-receipt","it is a good app. but it is better to add the following features in the next version, 1 add atm withdrawal option 2 password reset option 4 finger print option 3 ereceipt",2024-01-26 17:50:00,5.0.2,,,18,google_play,2025-11-30T16:15:08.107712,33
bc51783e-d5e4-476d-bdd2-4bd5640fb161,CBE,Commercial Bank of Ethiopia Mobile,com.combanketh.mobilebanking,3,"It was better if it showed at least the last 20 transactions, and one good thing is you can search people from history by their name.","it was better if it showed at least the last 20 transactions, and one good thing is you can search people from history by their name.",2024-01-11 10:53:02,5.0.2,,,11,google_play,2025-11-30T16:15:08.107712,26
a15d9d24-2721-4305-b475-337a2a3145cd,CBE,Commercial Bank of Ethiopia Mobile,com.combanketh.mobilebanking,4,"I am out of Ethiopia I used to this app.It's very nice to use. but now I can't use. Also i tried the new version 4.1 and it doesn't work. I can't check my balance,transfer.... please help me!! how to solve the following problems? => can't sync & => none available","i am out of ethiopia i used to this app.its very nice to use. but now i cant use. also i tried the new version 4.1 and it doesnt work. i cant check my balance,transfer.... please help me!! how to solve the following problems? cant sync none available",2020-07-27 12:06:17,4.1,,,13,google_play,2025-11-30T16:15:08.107712,48
2cf1507c-6c8e-49ba-85d8-7c5f3fe730c0,CBE,Commercial Bank of Ethiopia Mobile,com.combanketh.mobilebanking,2,Hard app to rely on for business transactions. As it shows error message while the money is transferred resulting in sending money multiple times. Plus transaction details gets updated after days of the actual transaction.,hard app to rely on for business transactions. as it shows error message while the money is transferred resulting in sending money multiple times. plus transaction details gets updated after days of the actual transaction.,2023-10-16 06:23:29,5.0.2,,,33,google_play,2025-11-30T16:15:08.107712,35
8fc3b91e-0dd5-4386-96e6-25c6da54073d,CBE,Commercial Bank of Ethiopia Mobile,com.combanketh.mobilebanking,5,We'll designed user interface and easy to use app. Well done CBE. The last version was just boring and unattractive. This version looks so good that I'm seeing people logging in just to enjoy the view. Keep it up.,well designed user interface and easy to use app. well done cbe. the last version was just boring and unattractive. this version looks so good that im seeing people logging in just to enjoy the view. keep it up.,2020-08-22 11:56:31,4.1,,,26,google_play,2025-11-30T16:15:08.107712,39
1345710a-a286-45a4-b8e5-77f53f186de2,CBE,Commercial Bank of Ethiopia Mobile,com.combanketh.mobilebanking,1,Doesn't work properly. It crashes some many times. commercial bank of Ethiopia not only the application but also sending money to own CBE birr doesn't get your money in your bank account. forcefully you must wait 3-5 days to get your money back to your account. walk up CBE the world is going to decentralized finance.,doesnt work properly. it crashes some many times. commercial bank of ethiopia not only the application but also sending money to own cbe birr doesnt get your money in your bank account. forcefully you must wait 35 days to get your money back to your account. walk up cbe the world is going to decentralized finance.,2025-03-26 21:41:05,5.1.0,,,8,google_play,2025-11-30T16:15:08.107712,56
54b5aab4-c7c6-4731-ac3c-2eacc32a847c,CBE,Commercial Bank of Ethiopia Mobile,com.combanketh.mobilebanking,3,Great application. But when it opened after Minimization it doesn't ask for pin. I mean it directly opens which is not safe. Anyone who has the phone can transfer or do other activities. please Update the app in to new level.,great application. but when it opened after minimization it doesnt ask for pin. i mean it directly opens which is not safe. anyone who has the phone can transfer or do other activities. please update the app in to new level.,2023-11-21 17:56:12,5.0.2,,,24,google_play,2025-11-30T16:15:08.107712,41
e57cd23a-dd7c-4634-b9d2-2d4340dd943e,CBE,Commercial Bank of Ethiopia Mobile,com.combanketh.mobilebanking,1,"1.I have to log out and wait for more minutes to make another transfer . 2. I get charged for a not satisfactory transfer amount. 3.On some days I see some transactions with different amount of transfers which I don't do . 4.I can not transfer more than 20K. and charger for every transfer is not fair 5.And l wish to know ""For Ethiopians where exactly is there country to live in""",1.i have to log out and wait for more minutes to make another transfer . 2. i get charged for a not satisfactory transfer amount. 3.on some days i see some transactions with different amount of transfers which i dont do . 4.i can not transfer more than 20k. and charger for every transfer is not fair 5.and l wish to know for ethiopians where exactly is there country to live in,2024-11-26 11:43:10,5.0.4,,,3,google_play,2025-11-30T16:15:08.107712,72
fdb4f079-3fb6-46b7-8b5d-8d2ad774c9dc,CBE,Commercial Bank of Ethiopia Mobile,com.combanketh.mobilebanking,1,"0 star if possible, this bank is one of the most dumbest and most crowded banks I have ever seen. Plus, it is taking more than a month just to confirm the validity of the National ID I provided to open my account, so my account is still frozen for more than a month prior to it's creation and I can't use it. Never ever think about creating account using this bank. Anything that belongs to Ethiopian Government is in its poorest quality. Use modern banks like Awash bank or Abyssinia bank instead.","0 star if possible, this bank is one of the most dumbest and most crowded banks i have ever seen. plus, it is taking more than a month just to confirm the validity of the national id i provided to open my account, so my account is still frozen for more than a month prior to its creation and i cant use it. never ever think about creating account using this bank. anything that belongs to ethiopian government is in its poorest quality. use modern banks like awash bank or abyssinia bank instead.",2023-06-30 14:17:44,,,,2,google_play,2025-11-30T16:15:08.107712,93
450ce12c-bed9-4b5d-8339-ead9eb35562e,CBE,Commercial Bank of Ethiopia Mobile,com.combanketh.mobilebanking,4,"I have seen lots of great updates right here, especially the 2FA using the biometric security technique, I suggest you work on minimising app crashing due to the accumulation of cache, very little cache crash it.","i have seen lots of great updates right here, especially the 2fa using the biometric security technique, i suggest you work on minimising app crashing due to the accumulation of cache, very little cache crash it.",2025-02-03 14:35:53,5.0.9,,,30,google_play,2025-11-30T16:15:08.107712,36
420ab521-b373-4976-abed-9677ad0c2c38,CBE,Commercial Bank of Ethiopia Mobile,com.combanketh.mobilebanking,1,"I have been using CBE App for long, but recently it has started crashing repeatedly and even my phone is reporting that the app has bugs and tells me to wait the developer to fix these bugs.","i have been using cbe app for long, but recently it has started crashing repeatedly and even my phone is reporting that the app has bugs and tells me to wait the developer to fix these bugs.",2025-03-09 20:06:18,,,,2,google_play,2025-11-30T16:15:08.107712,37
2c25d231-51d7-4b6c-bac7-ece14278c7c1,CBE,Commercial Bank of Ethiopia Mobile,com.combanketh.mobilebanking,1,"Needs urgent fix, account balance os not showing and says none available when trying to send money.Your customer service line is also non functional, they pick up the phone and say nothing.It is unacceptable from such a huge bank.We deserve better after you tax us for sending our own money through your platform.","needs urgent fix, account balance os not showing and says none available when trying to send money.your customer service line is also non functional, they pick up the phone and say nothing.it is unacceptable from such a huge bank.we deserve better after you tax us for sending our own money through your platform.",2024-02-03 09:44:21,5.0.2,,,0,google_play,2025-11-30T16:15:08.107712,53
fac47329-a3e8-4a81-9c89-c3a37fa205bc,CBE,Commercial Bank of Ethiopia Mobile,com.combanketh.mobilebanking,5,"It's very extraordinary app, the user interface is soo awesome, most importantly it's very user friendly. In terms of speed and services its unbelievably fast and flexible. I really appreciate the crews who've been working behind the scene to make this wonderful job alive. Well done !","its very extraordinary app, the user interface is soo awesome, most importantly its very user friendly. in terms of speed and services its unbelievably fast and flexible. i really appreciate the crews whove been working behind the scene to make this wonderful job alive. well done !",2022-10-31 20:47:25,4.3.2,,,105,google_play,2025-11-30T16:15:08.107712,47
81a1f646-9c99-4d13-b086-d4530d26d4de,CBE,Commercial Bank of Ethiopia Mobile,com.combanketh.mobilebanking,4,"Great Experience 👍 but there is o e thing that highly bother me *the password to login every time you open the app 😒 it ask you a pin instead what I say you can make it to be a fingerprint, because putting password continously so frustrating and also not secure as somebody can see our pin Thank you 😊","great experience but there is o e thing that highly bother me the password to login every time you open the app it ask you a pin instead what i say you can make it to be a fingerprint, because putting password continously so frustrating and also not secure as somebody can see our pin thank you",2022-08-29 03:10:45,,,,7,google_play,2025-11-30T16:15:08.107712,57
61e4d334-c5f9-49c1-9d6a-c0a13bb22366,CBE,Commercial Bank of Ethiopia Mobile,com.combanketh.mobilebanking,1,"I don't know what to do with this app anymore..after I synconized it, it doesn't show the features or the tools that needed to use for, just it shows my balance.. needed to be fixed asap.","i dont know what to do with this app anymore..after i synconized it, it doesnt show the features or the tools that needed to use for, just it shows my balance.. needed to be fixed asap.",2021-05-08 14:42:52,4.2,,,9,google_play,2025-11-30T16:15:08.107712,36
2c4be739-53d6-4753-90f9-62f82f9b695f,CBE,Commercial Bank of Ethiopia Mobile,com.combanketh.mobilebanking,1,Two step verification update is fake (meaningless). Why because the app gives you an option of to use pin while requesting two step verification step. 🔐 This updated app is not differ than the previous one in case of security & safegaurding users.👹👹💀💀 The other features of the app are best and easy to use it.⭐️⭐️⭐️⭐️⭐️,two step verification update is fake meaningless. why because the app gives you an option of to use pin while requesting two step verification step. this updated app is not differ than the previous one in case of security safegaurding users. the other features of the app are best and easy to use it.,2025-03-06 01:18:50,5.0.9,,,32,google_play,2025-11-30T16:15:08.107712,54
1a0a3d1f-a6b5-4e95-a6de-d23bfe81be34,CBE,Commercial Bank of Ethiopia Mobile,com.combanketh.mobilebanking,3,It used to work fine but nowadays if u try to use it after midnight it doesn't always work either with Wi-Fi or data and sometimes we gotta pay things before the dead line and boom it doesn't work,it used to work fine but nowadays if u try to use it after midnight it doesnt always work either with wifi or data and sometimes we gotta pay things before the dead line and boom it doesnt work,2024-11-20 01:22:40,5.0.4,,,7,google_play,2025-11-30T16:15:08.107712,39
72c5c550-0e9d-4fd6-981f-84f3516bedaa,CBE,Commercial Bank of Ethiopia Mobile,com.combanketh.mobilebanking,4,"I've been using this app for over a year. It's user friendly, but my problem with it is that it only tells me any transaction I've made through this app after a day or two. It doesn't show right away so I need you to fix it ASAP please.","ive been using this app for over a year. its user friendly, but my problem with it is that it only tells me any transaction ive made through this app after a day or two. it doesnt show right away so i need you to fix it asap please.",2023-03-22 19:18:34,4.4.0,,,15,google_play,2025-11-30T16:15:08.107712,49
e1026d09-65d7-41c7-97e7-3a072beee79f,CBE,Commercial Bank of Ethiopia Mobile,com.combanketh.mobilebanking,1,"I don't understand the reason, why I need to disable developer options to access the app, it has no security risks nor does it hinder the app's functionalities. This goes out to the dev, I hope your life is filled with inconveniences.","i dont understand the reason, why i need to disable developer options to access the app, it has no security risks nor does it hinder the apps functionalities. this goes out to the dev, i hope your life is filled with inconveniences.",2025-04-02 15:13:34,5.1.0,,,43,google_play,2025-11-30T16:15:08.107712,42
ea23b98c-f4c7-4fdc-b64f-d8097e5efd1a,CBE,Commercial Bank of Ethiopia Mobile,com.combanketh.mobilebanking,4,"I was using this app for the last two years with no problems. It stopped working about 3 months ago. when I tried to transfer funds it gives me error ""can't do this transaction. inactive account.""",i was using this app for the last two years with no problems. it stopped working about 3 months ago. when i tried to transfer funds it gives me error cant do this transaction. inactive account.,2025-05-27 22:47:06,5.1.0,,,15,google_play,2025-11-30T16:15:08.107712,36
d1f42380-eb1d-4623-91d3-89f47ccd506f,CBE,Commercial Bank of Ethiopia Mobile,com.combanketh.mobilebanking,1,"The app that I use didn't transfer money to my telebirr account. There's no where to be found ""Transfer to Telebirr"". Only transfer to Telebirr agent is available and it require short code. It turns to be boring app ever.",the app that i use didnt transfer money to my telebirr account. theres no where to be found transfer to telebirr. only transfer to telebirr agent is available and it require short code. it turns to be boring app ever.,2024-01-24 15:48:20,5.0.2,,,12,google_play,2025-11-30T16:15:08.107712,40
5c690624-9e09-44d7-91a0-c73e3071b4ce,CBE,Commercial Bank of Ethiopia Mobile,com.combanketh.mobilebanking,4,It was working fine till recently. It suddenly stopped showing me the balance on the front page and all service features are not working. Hope it gets fixed soon.,it was working fine till recently. it suddenly stopped showing me the balance on the front page and all service features are not working. hope it gets fixed soon.,2022-11-10 14:52:47,4.3.2,,,7,google_play,2025-11-30T16:15:08.107712,29
f8364be6-3b60-4eac-884b-4df746aa5678,CBE,Commercial Bank of Ethiopia Mobile,com.combanketh.mobilebanking,5,"Very smart app, but it's not compatible for all android version. So, please amend it since almost all users use mobile apparatus that have a version of below 6.","very smart app, but its not compatible for all android version. so, please amend it since almost all users use mobile apparatus that have a version of below 6.",2020-08-11 21:34:53,4.1,,,14,google_play,2025-11-30T16:15:08.107712,29
cbae8db5-455f-45a9-a45b-a41eafbd59d0,CBE,Commercial Bank of Ethiopia Mobile,com.combanketh.mobilebanking,1,Taking away the screenshot of the receipt is just silly. Worse is tbe download button putting a copy of the screenshot - which you prevented to be taken - in tbe downloads folder where we cant attach directly from Whatsapp. Millions of people use the screenshot as proof of payment / transfer yet you make that harder for everyone? I have every user contacts the developer or manager who made this awful decision.,taking away the screenshot of the receipt is just silly. worse is tbe download button putting a copy of the screenshot which you prevented to be taken in tbe downloads folder where we cant attach directly from whatsapp. millions of people use the screenshot as proof of payment transfer yet you make that harder for everyone? i have every user contacts the developer or manager who made this awful decision.,2025-03-20 04:58:01,5.1.0,,,49,google_play,2025-11-30T16:15:08.107712,70
e86dc853-b071-4ba1-8326-6cb96f6fc354,CBE,Commercial Bank of Ethiopia Mobile,com.combanketh.mobilebanking,4,"Very good application. However, I have one functionality recommendation. What if you let the app transfer money to any telebirr account as for MPESA? By the way, I am not the only one to ask this. Thank you!","very good application. however, i have one functionality recommendation. what if you let the app transfer money to any telebirr account as for mpesa? by the way, i am not the only one to ask this. thank you!",2025-04-01 00:27:55,5.1.0,,,16,google_play,2025-11-30T16:15:08.107712,38
c0704460-00b9-4ba9-85a6-5643a4bb84bd,CBE,Commercial Bank of Ethiopia Mobile,com.combanketh.mobilebanking,2,"Some transaction is not going to be processed accordingly. Which going to take 3-5days which is not completely right. since this bank has mass of customers. However, It should be considered as the money can be needed for emergency purposes.","some transaction is not going to be processed accordingly. which going to take 35days which is not completely right. since this bank has mass of customers. however, it should be considered as the money can be needed for emergency purposes.",2024-08-25 11:50:39,5.0.4,,,2,google_play,2025-11-30T16:15:08.107712,40
f58f4cbb-2513-49e5-be3e-6cb1f855749a,CBE,Commercial Bank of Ethiopia Mobile,com.combanketh.mobilebanking,1,Recent transactions doesn't load properly sometimes . And also when transferring to someone sometimes it says failed and but already transferred which might cause to double transfer,recent transactions doesnt load properly sometimes . and also when transferring to someone sometimes it says failed and but already transferred which might cause to double transfer,2025-02-07 18:28:05,5.0.9,,,11,google_play,2025-11-30T16:15:08.107712,27
e1d8c77a-481a-453e-b331-2eb514115b69,CBE,Commercial Bank of Ethiopia Mobile,com.combanketh.mobilebanking,3,I can not use the app after I reinstall it while I am abroad. It requested me to get security key from nearedt CBE branch. There is no CBE branch overseas. Due to this reason I can not acess my acount using the app!!! CBE should resolve this for diaspora customers.,i can not use the app after i reinstall it while i am abroad. it requested me to get security key from nearedt cbe branch. there is no cbe branch overseas. due to this reason i can not acess my acount using the app!!! cbe should resolve this for diaspora customers.,2024-01-11 11:56:36,,,,4,google_play,2025-11-30T16:15:08.107712,51
7fbce453-198b-401e-ab72-5f778309cd92,CBE,Commercial Bank of Ethiopia Mobile,com.combanketh.mobilebanking,2,"Please kindly ask to update the app and allow us to screenshot, it's convenient and efficient as long as you add security to the access there is no reason to block us from screenshooting our screen.","please kindly ask to update the app and allow us to screenshot, its convenient and efficient as long as you add security to the access there is no reason to block us from screenshooting our screen.",2025-05-14 14:14:19,,,,0,google_play,2025-11-30T16:15:08.107712,36
92a1eb3a-4db5-4cf3-8cdb-3e26574c5084,CBE,Commercial Bank of Ethiopia Mobile,com.combanketh.mobilebanking,1,"It used to work properly, but not anymore. I used to use the app from abroad; but these days, it kept saying ""unable to connect"" when I tried to check my balance and do transactions.","it used to work properly, but not anymore. i used to use the app from abroad but these days, it kept saying unable to connect when i tried to check my balance and do transactions.",2025-02-07 15:16:31,5.0.9,,,10,google_play,2025-11-30T16:15:08.107712,35
66f5fb67-df7b-4274-aba4-d2c99ae38b1c,CBE,Commercial Bank of Ethiopia Mobile,com.combanketh.mobilebanking,1,It crashes multiple times everytime you launch it. Fix it. Edit: crash fixed but screenshots has been disabled. I don't know who thought this was a good idea.,it crashes multiple times everytime you launch it. fix it. edit crash fixed but screenshots has been disabled. i dont know who thought this was a good idea.,2025-03-26 14:25:42,5.1.0,,,172,google_play,2025-11-30T16:15:08.107712,28
acb76940-bed8-415a-afd0-5396c87fefaa,CBE,Commercial Bank of Ethiopia Mobile,com.combanketh.mobilebanking,4,"Dear CBE Team, The updated version of CbE application is very interesting and has an additional features which is very nice but still the app doesn't have an option of transferring money into another Telebirr service number rather than own Telebirr account...so please add this feature.","dear cbe team, the updated version of cbe application is very interesting and has an additional features which is very nice but still the app doesnt have an option of transferring money into another telebirr service number rather than own telebirr account...so please add this feature.",2023-03-12 14:12:48,4.4.0,,,53,google_play,2025-11-30T16:15:08.107712,46
9b29b7c6-cced-4d30-b53c-cc13c9d729bb,CBE,Commercial Bank of Ethiopia Mobile,com.combanketh.mobilebanking,4,It's a good app but I have two suggestions. It would be nice if it had an option to change between our own accounts. The option for downloading and sharing transactions that we have made does not work,its a good app but i have two suggestions. it would be nice if it had an option to change between our own accounts. the option for downloading and sharing transactions that we have made does not work,2021-12-24 13:02:37,,,,8,google_play,2025-11-30T16:15:08.107712,38
51e311f1-6242-413f-91e1-5facc62e4b1f,CBE,Commercial Bank of Ethiopia Mobile,com.combanketh.mobilebanking,2,"my first frequent experience of cbe app is critical-time failure such as suspending payment on air for 2-5 days with zero explanation, deducting from sender account without depositing to the receiver act. Another fatal error by the banking company as a whole (not the app itself though) is forced-banking with corporations without consent of employers-users of the corresponding corporations","my first frequent experience of cbe app is criticaltime failure such as suspending payment on air for 25 days with zero explanation, deducting from sender account without depositing to the receiver act. another fatal error by the banking company as a whole not the app itself though is forcedbanking with corporations without consent of employersusers of the corresponding corporations",2025-04-21 13:44:01,5.1.0,,,15,google_play,2025-11-30T16:15:08.107712,59
79d81ab4-0b0d-4e6d-b25c-77be31d1de38,CBE,Commercial Bank of Ethiopia Mobile,com.combanketh.mobilebanking,3,"The app was working properly, but in the last two days, it showed not available while I am in a good network area with both wifi or data. Please fix it. With regards","the app was working properly, but in the last two days, it showed not available while i am in a good network area with both wifi or data. please fix it. with regards",2023-11-19 05:58:42,5.0.2,,,37,google_play,2025-11-30T16:15:08.107712,33
a3174cbc-f8a5-407a-b95f-036afe3718e0,CBE,Commercial Bank of Ethiopia Mobile,com.combanketh.mobilebanking,3,"There is problem with sudden system or software failure. And most importantly the history of transaction is too short , at least we must be able to look at monthly statement on the app!!!","there is problem with sudden system or software failure. and most importantly the history of transaction is too short , at least we must be able to look at monthly statement on the app!!!",2021-01-31 17:10:27,,,,21,google_play,2025-11-30T16:15:08.107712,34
6cf09afc-f13c-462f-9183-c33863284a68,CBE,Commercial Bank of Ethiopia Mobile,com.combanketh.mobilebanking,3,"The history sometimes misses transactions, tranfer to cbe birr debited but not really transferred, We need to really cop up with the world for real. The hacks and security problems, invest on and solve them.","the history sometimes misses transactions, tranfer to cbe birr debited but not really transferred, we need to really cop up with the world for real. the hacks and security problems, invest on and solve them.",2025-03-30 10:51:58,5.1.0,,,29,google_play,2025-11-30T16:15:08.107712,35
cd8cae0b-6e75-4a03-b64b-034388a78229,CBE,Commercial Bank of Ethiopia Mobile,com.combanketh.mobilebanking,1,Unstatisfied with the new update keeps crashing every now and then and even though i haven't reached the max txn per day still refuses to transfer...probably going to change my bank if it's not fixed asap,unstatisfied with the new update keeps crashing every now and then and even though i havent reached the max txn per day still refuses to transfer...probably going to change my bank if its not fixed asap,2025-03-10 21:47:02,5.0.9,,,11,google_play,2025-11-30T16:15:08.107712,36
a8b8791f-3a31-44ce-95ff-f8ea1714fc3a,CBE,Commercial Bank of Ethiopia Mobile,com.combanketh.mobilebanking,1,- Stop showing toasts on errors. It keeps showing up after app is closed - Show paged transaction history. The latest 10 is not enough. - Network error is happening and it's taking money without filling airtime to my phone ...,stop showing toasts on errors. it keeps showing up after app is closed show paged transaction history. the latest 10 is not enough. network error is happening and its taking money without filling airtime to my phone ...,2020-12-13 02:01:34,4.2,,,25,google_play,2025-11-30T16:15:08.107712,38
fbd53fa0-04bf-4363-8e72-22fa3c5eb447,CBE,Commercial Bank of Ethiopia Mobile,com.combanketh.mobilebanking,1,"Do you even have tech support who reads the review and work on the glitch? the last update is totally unusable. Fix it quickly its a big national brand, it shouldn't have taken this long","do you even have tech support who reads the review and work on the glitch? the last update is totally unusable. fix it quickly its a big national brand, it shouldnt have taken this long",2019-03-07 13:59:37,2.0,,,12,google_play,2025-11-30T16:15:08.107712,35
738c8295-b994-464f-8165-bdc537656489,CBE,Commercial Bank of Ethiopia Mobile,com.combanketh.mobilebanking,4,"Over all Nice app, But I do like to point out a little bit of an issue. The transaction history tab needs a lot of work. It is so sluggish to a point it makes the app crash at times.","over all nice app, but i do like to point out a little bit of an issue. the transaction history tab needs a lot of work. it is so sluggish to a point it makes the app crash at times.",2023-01-04 13:17:30,4.3.2,,,14,google_play,2025-11-30T16:15:08.107712,40
e9797e69-9294-4068-b793-c58dfff348c9,CBE,Commercial Bank of Ethiopia Mobile,com.combanketh.mobilebanking,5,"I have been using this app for one year.It Is an amazing application,I have never been used such like app in my life.It is very interactive ,compatiable with any android phones,easy to be used by any one irrespective of any level of education and very realiable to realized digital banking system all over the globe.I Wish all banking sectors will update their mobile banking system based on this app. CBE is My bank and I Proud of it Shumet Mamo Sassie","i have been using this app for one year.it is an amazing application,i have never been used such like app in my life.it is very interactive ,compatiable with any android phones,easy to be used by any one irrespective of any level of education and very realiable to realized digital banking system all over the globe.i wish all banking sectors will update their mobile banking system based on this app. cbe is my bank and i proud of it shumet mamo sassie",2023-12-26 16:22:19,5.0.2,,,32,google_play,2025-11-30T16:15:08.107712,81
9bf683a7-b0c4-4ada-bde4-27c5d3099a12,CBE,Commercial Bank of Ethiopia Mobile,com.combanketh.mobilebanking,1,"app is crashing with the new update. please fix it as soon as possible. I am in another country and not able to make transactions. Please, are you reading the reviews? Guys does anyone know if it works by uninstalling and reinstalling without needing to go the bank??","app is crashing with the new update. please fix it as soon as possible. i am in another country and not able to make transactions. please, are you reading the reviews? guys does anyone know if it works by uninstalling and reinstalling without needing to go the bank??",2019-03-21 11:29:30,2.0,,,17,google_play,2025-11-30T16:15:08.107712,48
3a714e33-9586-4395-8a93-9c78e782f708,CBE,Commercial Bank of Ethiopia Mobile,com.combanketh.mobilebanking,3,"The app is very nice to use but why you guys are cutting 10birr for each transaction to telebirr? Please, consider all market segments, there are students and labour workers. We all are not that rich 10birr+ service fee to be cut. CBE please, consider these thing.","the app is very nice to use but why you guys are cutting 10birr for each transaction to telebirr? please, consider all market segments, there are students and labour workers. we all are not that rich 10birr service fee to be cut. cbe please, consider these thing.",2024-06-25 13:51:46,5.0.4,,,3,google_play,2025-11-30T16:15:08.107712,47
f107c5a1-1a11-4e79-a9e1-d4e7bdfc0fd1,CBE,Commercial Bank of Ethiopia Mobile,com.combanketh.mobilebanking,1,I'm sad guys what are you doing? Why did you add the screenshot restriction to the app? You just made it worse it was a great value to us. You need to rethink it. i will change the 1 star rating when you resolve the issue.,im sad guys what are you doing? why did you add the screenshot restriction to the app? you just made it worse it was a great value to us. you need to rethink it. i will change the 1 star rating when you resolve the issue.,2025-03-22 18:09:06,5.1.0,,,14,google_play,2025-11-30T16:15:08.107712,46
9f20cf3f-dd87-43a0-9a9d-9007b59867f0,CBE,Commercial Bank of Ethiopia Mobile,com.combanketh.mobilebanking,1,"The previous varsion of this application is good, yet recently it required verification code that unable to get online. So, is it realy fair to go to branc of bank to fill it? please improve such problem. Untill that i will going to uninstall this application. Good bye!!","the previous varsion of this application is good, yet recently it required verification code that unable to get online. so, is it realy fair to go to branc of bank to fill it? please improve such problem. untill that i will going to uninstall this application. good bye!!",2023-11-13 13:19:56,,,,5,google_play,2025-11-30T16:15:08.107712,48
1310296e-3850-494f-83bc-936ea27684ab,BOA,Bank of Abyssinia Mobile,com.boa.boaMobileBanking,3,"It does not show the name of the person who sent the money to request a receipt. This has become very difficult for us. When different people transfer the same amount to me from different banks, it is very difficult to identify the account or the name of the sender.","it does not show the name of the person who sent the money to request a receipt. this has become very difficult for us. when different people transfer the same amount to me from different banks, it is very difficult to identify the account or the name of the sender.",2025-10-01 21:45:17,25.09.03,,,50,google_play,2025-11-30T16:15:08.107712,50
c6661ae9-95ab-4a2d-be7b-ad93bb48f278,BOA,Bank of Abyssinia Mobile,com.boa.boaMobileBanking,1,"I would like to share feedback regarding the application. It frequently experiences disruptions and does not function properly, often freezing or failing to load. This issue is affecting workflow and efficiency. Kindly review and address this problem to ensure smoother performance.","i would like to share feedback regarding the application. it frequently experiences disruptions and does not function properly, often freezing or failing to load. this issue is affecting workflow and efficiency. kindly review and address this problem to ensure smoother performance.",2025-11-08 11:11:33,25.09.03,,,77,google_play,2025-11-30T16:15:08.107712,41
e7e0dd5b-59ee-4ed8-abe8-821ed28c1a6f,BOA,Bank of Abyssinia Mobile,com.boa.boaMobileBanking,3,"Your application is very irritating to use, some functionality doesn't even work like on the card management. You need to do better than this and it good idea to reference other banking applications.","your application is very irritating to use, some functionality doesnt even work like on the card management. you need to do better than this and it good idea to reference other banking applications.",2025-11-04 13:26:13,25.09.03,,,10,google_play,2025-11-30T16:15:08.107712,33
d36fbdcb-b57e-4384-8e5b-ae549e25b33e,BOA,Bank of Abyssinia Mobile,com.boa.boaMobileBanking,1,It keeps notifying me to disable developer options and quiet while I'm not enabled. always bring another type of problem with new updates.,it keeps notifying me to disable developer options and quiet while im not enabled. always bring another type of problem with new updates.,2025-11-22 12:21:32,25.09.03,,,0,google_play,2025-11-30T16:15:08.107712,23
c198f602-e9fb-4b61-ad3a-8efe42269b8d,BOA,Bank of Abyssinia Mobile,com.boa.boaMobileBanking,1,I cant belive I could find the worst bank app ever .yet very simple to fix the problem and the company just ignored it. no body can do business with this kind of app.,i cant belive i could find the worst bank app ever .yet very simple to fix the problem and the company just ignored it. no body can do business with this kind of app.,2025-11-18 18:28:03,25.09.03,,,0,google_play,2025-11-30T16:15:08.107712,34
7cedd008-b817-442b-9da0-76ea15713450,BOA,Bank of Abyssinia Mobile,com.boa.boaMobileBanking,1,On my ios it's perfect but on android it barley works and don't transfer and after a while it crushed and totally stopped working. Please fix the issue my beloved bank of abyssinia.,on my ios its perfect but on android it barley works and dont transfer and after a while it crushed and totally stopped working. please fix the issue my beloved bank of abyssinia.,2025-09-15 16:16:36,25.09.03,,,179,google_play,2025-11-30T16:15:08.107712,33
7345b274-906c-4bfc-b37d-8131020ad13e,BOA,Bank of Abyssinia Mobile,com.boa.boaMobileBanking,1,Why does it keep crashing? I can't even use this. BOA should do better. You have many customers and how to deal with this. I can't send money now.,why does it keep crashing? i cant even use this. boa should do better. you have many customers and how to deal with this. i cant send money now.,2025-10-05 18:04:02,25.09.03,,,3,google_play,2025-11-30T16:15:08.107712,29
dfad5025-20f7-4556-bdaf-294785947fa3,BOA,Bank of Abyssinia Mobile,com.boa.boaMobileBanking,4,its nice app especially the transaction limit is extended but We face that BoA m.banking app doesn't respond at the activation stage strictly at SMSNG mobile phone. please try this to make safe.,its nice app especially the transaction limit is extended but we face that boa m.banking app doesnt respond at the activation stage strictly at smsng mobile phone. please try this to make safe.,2025-09-11 18:48:42,25.09.03,,,12,google_play,2025-11-30T16:15:08.107712,33
b42ad5f5-049c-49dc-a13c-39b7414793d0,BOA,Bank of Abyssinia Mobile,com.boa.boaMobileBanking,1,"I don't know what is wrong with BOA as a bank in general. It's been going backwards since last year or so. The app is a disaster to use in every possible way. Not stable to log in and very slow to perform transactions, couldn't take a screenshot (or can't even find the pictures even using its save screenshot option). Most of the time, it fails to perform transactions and so on. Simply, it's the worst!","i dont know what is wrong with boa as a bank in general. its been going backwards since last year or so. the app is a disaster to use in every possible way. not stable to log in and very slow to perform transactions, couldnt take a screenshot or cant even find the pictures even using its save screenshot option. most of the time, it fails to perform transactions and so on. simply, its the worst!",2024-08-03 22:59:13,24.07.04,,,567,google_play,2025-11-30T16:15:08.107712,76
8fa4d905-fcd5-4124-8745-0014e9e746cf,BOA,Bank of Abyssinia Mobile,com.boa.boaMobileBanking,1,this app launch time is so long also has dozen bugs in addition it's has been long time get update,this app launch time is so long also has dozen bugs in addition its has been long time get update,2025-11-05 10:22:49,25.09.03,,,2,google_play,2025-11-30T16:15:08.107712,20
91fa4fb9-0eb5-41f3-81b0-c40aea7e51ff,BOA,Bank of Abyssinia Mobile,com.boa.boaMobileBanking,2,What's wrong with App. this days? it doesn't working properly. 1) it's VERY SLOW & doesn't open. it's very Annoying. 2) most of the time it says repeatedly Please try it again or try it later but again and again it doesn't open or work. 3) repeatedly it says something went wrong then it off the screen. I've updated the App. when it needed but nothing changed. 👉PLEASE if it has some issues with the App. Please fix it otherwise I'm going to uninstall it.,whats wrong with app. this days? it doesnt working properly. 1 its very slow doesnt open. its very annoying. 2 most of the time it says repeatedly please try it again or try it later but again and again it doesnt open or work. 3 repeatedly it says something went wrong then it off the screen. ive updated the app. when it needed but nothing changed. please if it has some issues with the app. please fix it otherwise im going to uninstall it.,2024-05-08 14:59:05,24.05.07,,,339,google_play,2025-11-30T16:15:08.107712,84
0ed79d57-a54c-4541-9df0-67e1e8c72be3,BOA,Bank of Abyssinia Mobile,com.boa.boaMobileBanking,1,when trying to activate the app it keeps on loading on the security questions page. It has been two days,when trying to activate the app it keeps on loading on the security questions page. it has been two days,2025-11-13 07:57:58,25.09.03,,,0,google_play,2025-11-30T16:15:08.107712,20
c150161c-e679-408f-aa76-41f4c9787f9a,BOA,Bank of Abyssinia Mobile,com.boa.boaMobileBanking,1,"I have a worst experience while using this mobile application through out the year. Most of the time it fails to ""Login"" or automatically closed the app. And also it takes so much loading time (5 minutes +) trying to access the internal services. Sometimes also while transferring within and to other bank also fails. So, BOA please fix your app.","i have a worst experience while using this mobile application through out the year. most of the time it fails to login or automatically closed the app. and also it takes so much loading time 5 minutes trying to access the internal services. sometimes also while transferring within and to other bank also fails. so, boa please fix your app.",2024-11-29 04:40:35,24.11.22,,,88,google_play,2025-11-30T16:15:08.107712,60
aa74e8f9-67d1-486a-a601-761ce0c79a4e,BOA,Bank of Abyssinia Mobile,com.boa.boaMobileBanking,1,"Barely works, it always fails to connect","barely works, it always fails to connect",2025-11-07 14:33:56,25.09.03,,,0,google_play,2025-11-30T16:15:08.107712,7
c90fb60a-ea63-47f0-aa65-fcb41b6534e1,BOA,Bank of Abyssinia Mobile,com.boa.boaMobileBanking,1,"Nothing has been improved, it doesn't work like the previous version.","nothing has been improved, it doesnt work like the previous version.",2025-09-25 19:41:02,25.09.03,,,3,google_play,2025-11-30T16:15:08.107712,11
3559b91c-fad9-4032-bebe-cf99974b9628,BOA,Bank of Abyssinia Mobile,com.boa.boaMobileBanking,1,"Hello, I’m facing a problem with the BOA Mobile app. Every time I enter my phone number and password, the app crashes and shows an error that says “BoaMobile closed because this app has a bug.” I tried updating, reinstalling, and clearing cache, but nothing worked. Please fix this bug in the next update. I really need access to my account. Thank you.","hello, im facing a problem with the boa mobile app. every time i enter my phone number and password, the app crashes and shows an error that says boamobile closed because this app has a bug. i tried updating, reinstalling, and clearing cache, but nothing worked. please fix this bug in the next update. i really need access to my account. thank you.",2025-06-03 15:21:34,,,,25,google_play,2025-11-30T16:15:08.107712,63
c78f1ddc-5a45-4a99-b001-d1541be9fea4,BOA,Bank of Abyssinia Mobile,com.boa.boaMobileBanking,1,OMG this is like the worst mobile banking app ever. I have many different mobile banking app from different banks but this is the worst so far. It says it has connection issue when I have wifi or data connection and while I'm using other social media apps. It keeps asking me for update once like every week and takes forever to load like I have to wait at least 10 minutes to login and another 10 min to see my balance.,omg this is like the worst mobile banking app ever. i have many different mobile banking app from different banks but this is the worst so far. it says it has connection issue when i have wifi or data connection and while im using other social media apps. it keeps asking me for update once like every week and takes forever to load like i have to wait at least 10 minutes to login and another 10 min to see my balance.,2024-05-02 19:09:54,,,,11,google_play,2025-11-30T16:15:08.107712,82
a2fb35e2-3828-4626-bddb-7443e04bf770,BOA,Bank of Abyssinia Mobile,com.boa.boaMobileBanking,1,"It crashes frequently. It launches on Android 8.1 but I don't think it actually works on versions less than 10. If so, it shouldn't be available for download by such devices to begin with, like many other finance apps are not. It was so much better three months ago, upgrades should be for the better.","it crashes frequently. it launches on android 8.1 but i dont think it actually works on versions less than 10. if so, it shouldnt be available for download by such devices to begin with, like many other finance apps are not. it was so much better three months ago, upgrades should be for the better.",2024-09-06 09:06:12,,,,17,google_play,2025-11-30T16:15:08.107712,55
9815bb8a-2108-49fe-8292-fb360aed8331,BOA,Bank of Abyssinia Mobile,com.boa.boaMobileBanking,1,Very unprofessional and mischievous bank in my opinion. I have had several occasions but recently I used Abyssinia Card to withdraw money and it was deducted from my account but despite reporting several times they said they are processing it but I learned yesterday that since it has been 3 months the bank has decided to include it in their income. How absurd. If you can avoid this bank.,very unprofessional and mischievous bank in my opinion. i have had several occasions but recently i used abyssinia card to withdraw money and it was deducted from my account but despite reporting several times they said they are processing it but i learned yesterday that since it has been 3 months the bank has decided to include it in their income. how absurd. if you can avoid this bank.,2024-12-06 15:19:23,24.09.30,,,17,google_play,2025-11-30T16:15:08.107712,69
07b87145-49d8-4394-bbf7-73e43dec9ac2,BOA,Bank of Abyssinia Mobile,com.boa.boaMobileBanking,2,"Developers/ the company takes too long to update the app, and throughout that process, the app is basically useless. We can't send money or even be able to check our account. They even take it down from the Play Store for a while. This whole process usually takes them 3 to 5 days. This is very disappointing. It is an improvement from the previous version of the app, but they still have a long way to go to compete with the likes of CBE. Transferring to other banks sometimes doesn't work.","developers the company takes too long to update the app, and throughout that process, the app is basically useless. we cant send money or even be able to check our account. they even take it down from the play store for a while. this whole process usually takes them 3 to 5 days. this is very disappointing. it is an improvement from the previous version of the app, but they still have a long way to go to compete with the likes of cbe. transferring to other banks sometimes doesnt work.",2024-05-03 09:28:07,24.04.26,,,185,google_play,2025-11-30T16:15:08.107712,91
03ed7b23-17b8-4ae5-9c2f-29922a888edf,BOA,Bank of Abyssinia Mobile,com.boa.boaMobileBanking,1,"Terrible Bank Experience It’s unbelievable that with all the modern technology, this bank still struggles with even basic transactions. The app constantly crashes, services are limited, and every time I try to transfer money or load Telebirr, there’s a huge delay. I have to wait 5 days for failed transactions to be refunded! Even USSD is unreliable. They’ve put me in embarrassing situations countless times, and customer care never fixes anything. I’ve switched banks, and you should too!","terrible bank experience its unbelievable that with all the modern technology, this bank still struggles with even basic transactions. the app constantly crashes, services are limited, and every time i try to transfer money or load telebirr, theres a huge delay. i have to wait 5 days for failed transactions to be refunded! even ussd is unreliable. theyve put me in embarrassing situations countless times, and customer care never fixes anything. ive switched banks, and you should too!",2024-10-14 07:06:39,,,,26,google_play,2025-11-30T16:15:08.107712,78
f0fe277f-65c1-461c-afad-8cd40c6ab368,BOA,Bank of Abyssinia Mobile,com.boa.boaMobileBanking,1,"It's been two months now, I cannot do any transaction using this app. It's really disappointing. I am using bank of Abyssinia currently because it's the nearest bank to my work place. The bank is turning to the worst bank in the country day by day. They always respond to customers that they are updating their system all year long, I think that's what they train their customer service operators to do.","its been two months now, i cannot do any transaction using this app. its really disappointing. i am using bank of abyssinia currently because its the nearest bank to my work place. the bank is turning to the worst bank in the country day by day. they always respond to customers that they are updating their system all year long, i think thats what they train their customer service operators to do.",2024-06-26 17:45:58,24.05.07,,,23,google_play,2025-11-30T16:15:08.107712,72
ec7606a9-f681-4662-89b9-7b253d145629,BOA,Bank of Abyssinia Mobile,com.boa.boaMobileBanking,1,"I have a fitayah account, a type of interest free account, and because their system is unable to process anything for people like me I can't see any of my accounts in the account list on any transaction, although I can see it when performing security actions or checking my balance, as such this app is as useless to me as the previous one. Unbelievable","i have a fitayah account, a type of interest free account, and because their system is unable to process anything for people like me i cant see any of my accounts in the account list on any transaction, although i can see it when performing security actions or checking my balance, as such this app is as useless to me as the previous one. unbelievable",2024-02-18 07:28:12,24.02.07,"Dear customer, We are sorry for the inconvenience please contact us at 8397 and share as much information as you can. We will investigate your case. Thank you!",2024-02-22 13:53:42,940,google_play,2025-11-30T16:15:08.107712,65
91aacf0f-e666-4add-b7ca-4f952bb86899,BOA,Bank of Abyssinia Mobile,com.boa.boaMobileBanking,1,"This app has been found useless while I compared with the first version of IB12111...that was very good, you guys what is the matter with you. You are far from the technology and the competetor's digital product through convenience, reliable, easeness _-dashen, cbe, zemen... they are doing well! share their experience and be able to satisfy your esteemed customers including me. unless you will be down soon!","this app has been found useless while i compared with the first version of ib12111...that was very good, you guys what is the matter with you. you are far from the technology and the competetors digital product through convenience, reliable, easeness dashen, cbe, zemen... they are doing well! share their experience and be able to satisfy your esteemed customers including me. unless you will be down soon!",2024-04-29 19:18:09,,,,10,google_play,2025-11-30T16:15:08.107712,67
a8423c57-d734-4ebf-9dda-4f4dd43091ec,BOA,Bank of Abyssinia Mobile,com.boa.boaMobileBanking,1,"BOA is unreasonably holding and delaying transactions for more than a day, even transactions within the same bank itself. This is a huge gap that I observed in BOA mobile banking. I didn't experience this kind of challenge while having transactions in other banks' mobile banking platforms. After waiting so long, I called your customer support team and the response they gave me was ""it was the system that holds the transaction & will be released on working days"". This is not totally fair.","boa is unreasonably holding and delaying transactions for more than a day, even transactions within the same bank itself. this is a huge gap that i observed in boa mobile banking. i didnt experience this kind of challenge while having transactions in other banks mobile banking platforms. after waiting so long, i called your customer support team and the response they gave me was it was the system that holds the transaction will be released on working days. this is not totally fair.",2024-09-15 07:59:12,24.07.04,,,22,google_play,2025-11-30T16:15:08.107712,83
93bee220-7c85-4d30-ba6f-c8168c201b5a,BOA,Bank of Abyssinia Mobile,com.boa.boaMobileBanking,4,"This is the best app; many features are awesome, but it should work without the need to turn off the developer options. I'm tired of having to constantly switch the developer options off and on. I've been expressing my struggles about this. I have precious settings enabled in the developer options, and to open the App Boa app, I have to turn them off. Please help us, Abyssinia Bank. I hope you can provide an update soon.","this is the best app many features are awesome, but it should work without the need to turn off the developer options. im tired of having to constantly switch the developer options off and on. ive been expressing my struggles about this. i have precious settings enabled in the developer options, and to open the app boa app, i have to turn them off. please help us, abyssinia bank. i hope you can provide an update soon.",2024-12-08 21:16:05,24.11.22,,,47,google_play,2025-11-30T16:15:08.107712,77
322c12e9-1e9a-4609-b4c0-3ef5f78ff589,BOA,Bank of Abyssinia Mobile,com.boa.boaMobileBanking,1,"Playstore need to have some option to give 0 stars because this application right here, deserve exactly that, imagine being one of the biggest banks In the country and can't manage to have good mobile application in the Era of mobile money, you guys are in the brink of collapse you better make it right real quick or you gonna be 10 meters down to the grave. DON'T USE THIS APP, IT'S WASTE OF TIME.","playstore need to have some option to give 0 stars because this application right here, deserve exactly that, imagine being one of the biggest banks in the country and cant manage to have good mobile application in the era of mobile money, you guys are in the brink of collapse you better make it right real quick or you gonna be 10 meters down to the grave. dont use this app, its waste of time.",2024-05-21 12:17:07,24.05.07,,,122,google_play,2025-11-30T16:15:08.107712,75
daec843b-9c90-4779-9aa3-630128589864,BOA,Bank of Abyssinia Mobile,com.boa.boaMobileBanking,1,Can you please just make it functional. I don't think anyone cares how good it looks if not a single functionality works. Plus it's not even aestheticaly nice. The loading animated icon has white irregular edges because the logo wasn't cut out correctly. The app doesn't work at all. It doesn't even login. It gets stuck on login just showing the logo animation and blames the issue on connectivity. Connectivity is fine and the proof is that this review is posted.,can you please just make it functional. i dont think anyone cares how good it looks if not a single functionality works. plus its not even aestheticaly nice. the loading animated icon has white irregular edges because the logo wasnt cut out correctly. the app doesnt work at all. it doesnt even login. it gets stuck on login just showing the logo animation and blames the issue on connectivity. connectivity is fine and the proof is that this review is posted.,2024-04-15 11:30:58,24.02.07,,,368,google_play,2025-11-30T16:15:08.107712,81
a7eb5cbd-790a-4537-8278-ccaef158654b,BOA,Bank of Abyssinia Mobile,com.boa.boaMobileBanking,1,1) Crashes repeatedly 2) Takes Century to Boot 3) Repeatedly requires Update which is very annoying. 4) It doesn't ask for Password for one step confirmation when transferring money. 5) Automatically stops music when the app is launched (it doesn't really matter just fyi) Overall this have to be the worst mobile banking app I have tried so far and should not be released with all these bugs & issues.,1 crashes repeatedly 2 takes century to boot 3 repeatedly requires update which is very annoying. 4 it doesnt ask for password for one step confirmation when transferring money. 5 automatically stops music when the app is launched it doesnt really matter just fyi overall this have to be the worst mobile banking app i have tried so far and should not be released with all these bugs issues.,2025-08-02 15:36:41,25.05.03,,,133,google_play,2025-11-30T16:15:08.107712,69
c9162816-c2cd-478c-ab34-9569f63d3711,BOA,Bank of Abyssinia Mobile,com.boa.boaMobileBanking,1,the worst bank ever. slow don't accept dual sim. they are very stupid and greedy,the worst bank ever. slow dont accept dual sim. they are very stupid and greedy,2025-10-20 16:36:14,25.09.03,,,0,google_play,2025-11-30T16:15:08.107712,15
d0445199-84e3-493e-8d94-2c6583616901,BOA,Bank of Abyssinia Mobile,com.boa.boaMobileBanking,1,"When we come to use mobile banking app this app is the WOREST one. Who made this app? Why? im almost forget to use it While the app right infront to my phone. I preffered to go branch office rather than to use it. Let alone for transaction or other service for simple purpose to check my balance i used to call for the bank 'call center' rather than to open for this difficult app. It need high speed internet service, it stop service for simple interuption of the network, after transfer the 1/2","when we come to use mobile banking app this app is the worest one. who made this app? why? im almost forget to use it while the app right infront to my phone. i preffered to go branch office rather than to use it. let alone for transaction or other service for simple purpose to check my balance i used to call for the bank call center rather than to open for this difficult app. it need high speed internet service, it stop service for simple interuption of the network, after transfer the 12",2024-02-13 16:35:34,,,,7,google_play,2025-11-30T16:15:08.107712,94
a2d5bdf0-ff92-408b-be55-a4bfa7b61fbc,BOA,Bank of Abyssinia Mobile,com.boa.boaMobileBanking,1,i m sorry but it doesn't work for my android it is too slow but other bank are very fast please update,i m sorry but it doesnt work for my android it is too slow but other bank are very fast please update,2025-10-30 20:18:43,25.09.03,,,0,google_play,2025-11-30T16:15:08.107712,22
58ccb5e9-0cf7-413c-8bb4-6515d4863bc1,BOA,Bank of Abyssinia Mobile,com.boa.boaMobileBanking,5,🥰🥰🥰🥰🥰 app is good but i was live in abroad and when i enter my otp code it didnt make me to write my code it the app want it self write thats not fair so please other wise i like it why,app is good but i was live in abroad and when i enter my otp code it didnt make me to write my code it the app want it self write thats not fair so please other wise i like it why,2025-11-15 17:29:15,25.09.03,,,41,google_play,2025-11-30T16:15:08.107712,42
b9fa948b-07bc-41f5-9e49-5e612b9a9db6,BOA,Bank of Abyssinia Mobile,com.boa.boaMobileBanking,1,the lag is unbelievable when you need it the most this suks,the lag is unbelievable when you need it the most this suks,2025-11-19 11:04:40,25.09.03,,,0,google_play,2025-11-30T16:15:08.107712,12
6fe3a0f0-e9dd-4dcb-81ab-e478b1239d55,BOA,Bank of Abyssinia Mobile,com.boa.boaMobileBanking,1,"I’m giving this app one star because there are no options below that. My experience has been incredibly frustrating due to the extremely long loading times, and the app even closes automatically at times. People choose mobile banking for its convenience, but this app is far too time-consuming, making it the worst I’ve used. I hope improvements are made to enhance the user experience.","im giving this app one star because there are no options below that. my experience has been incredibly frustrating due to the extremely long loading times, and the app even closes automatically at times. people choose mobile banking for its convenience, but this app is far too timeconsuming, making it the worst ive used. i hope improvements are made to enhance the user experience.",2024-12-07 20:40:19,24.11.22,,,430,google_play,2025-11-30T16:15:08.107712,64
d587332b-4722-427d-aa23-47df325f4f55,BOA,Bank of Abyssinia Mobile,com.boa.boaMobileBanking,1,"I've never seen a very worst mobile banking system like this, i lost 37000 birr because of your delay transaction system, i called 8397 and they told me stay for confirmation but, after i changed my mind and waiting for confirmation call to cancel the process they sent it with out my approval, so please don't use the mobile banking system please","ive never seen a very worst mobile banking system like this, i lost 37000 birr because of your delay transaction system, i called 8397 and they told me stay for confirmation but, after i changed my mind and waiting for confirmation call to cancel the process they sent it with out my approval, so please dont use the mobile banking system please",2024-04-23 17:15:45,24.04.22,,,55,google_play,2025-11-30T16:15:08.107712,62
4fbd4527-b629-488c-8ac7-8546e4e4ee9e,BOA,Bank of Abyssinia Mobile,com.boa.boaMobileBanking,5,"What an awesome app! It is supper easy to use with very attractive GUI. But there are some problems to be addressed: (1) It crashes frequently and requires mobile cache to be cleared to relaunch. (2) Automatic OTP input is good. But fix the manual activation option, too. (3) It does not boot fast. (4) There are minor errors during the installation. (5) Color contrast: In the transactions menu, the credit accounts should be in dark green than light green. The debit accounts should be in dark red.","what an awesome app! it is supper easy to use with very attractive gui. but there are some problems to be addressed 1 it crashes frequently and requires mobile cache to be cleared to relaunch. 2 automatic otp input is good. but fix the manual activation option, too. 3 it does not boot fast. 4 there are minor errors during the installation. 5 color contrast in the transactions menu, the credit accounts should be in dark green than light green. the debit accounts should be in dark red.",2024-02-06 19:14:35,24.01.09,,,1962,google_play,2025-11-30T16:15:08.107712,88
ba55af7b-4023-4862-ba6f-9f2ac3b681b7,BOA,Bank of Abyssinia Mobile,com.boa.boaMobileBanking,1,"Was working fine for 2 days then Error the request was not successful please check your connectivity or try again my connection works perfectly i reinstalled the app called support multiple times all of them said it's a system problem be patient it has been a week since then, called again they even dared to say the problem is your phone restart it which i did but still the same other banking apps work perfectly but this my experience with this app, horrible the whole system is bad","was working fine for 2 days then error the request was not successful please check your connectivity or try again my connection works perfectly i reinstalled the app called support multiple times all of them said its a system problem be patient it has been a week since then, called again they even dared to say the problem is your phone restart it which i did but still the same other banking apps work perfectly but this my experience with this app, horrible the whole system is bad",2024-02-14 13:22:56,24.02.07,,,142,google_play,2025-11-30T16:15:08.107712,88
c7640934-b677-425d-acdf-26fd1560e10e,BOA,Bank of Abyssinia Mobile,com.boa.boaMobileBanking,1,"The version 24.04.26 is not opening on any of my devices. I noticed this issue on my friend's Android 9 phone and also on my Samsung Android 12 phone. Even after weekly updates, the newest version is not working properly. Please provide a stable version update, as I prefer the older version of the app from the new one.","the version 24.04.26 is not opening on any of my devices. i noticed this issue on my friends android 9 phone and also on my samsung android 12 phone. even after weekly updates, the newest version is not working properly. please provide a stable version update, as i prefer the older version of the app from the new one.",2024-05-04 21:44:53,,,,8,google_play,2025-11-30T16:15:08.107712,59
b95b5757-59e6-4147-9c90-c5bb787386c6,BOA,Bank of Abyssinia Mobile,com.boa.boaMobileBanking,3,"Please add an option to manually input the OTP. I am residing outside of Ethiopia. I encountered difficulty accessing my account following the recent update (change) of your mobile banking app. Unfortunately, I am unable to activate the app on my mobile device. During the activation process, the app prompts for an OTP, which I can receive via Telegram. However, there is no option to manually input the OTP. I kindly request your assistance in resolving this matter and activating my account","please add an option to manually input the otp. i am residing outside of ethiopia. i encountered difficulty accessing my account following the recent update change of your mobile banking app. unfortunately, i am unable to activate the app on my mobile device. during the activation process, the app prompts for an otp, which i can receive via telegram. however, there is no option to manually input the otp. i kindly request your assistance in resolving this matter and activating my account",2024-02-03 21:48:59,24.01.09,,,133,google_play,2025-11-30T16:15:08.107712,82
a7888312-64d5-44d6-b708-a6d29b168825,BOA,Bank of Abyssinia Mobile,com.boa.boaMobileBanking,1,"I will give only one star, because it faced with multiple of problems. 1. The app is not as fast as the other banks App, for e.g like CBE 2. The App asks repeatedly to switch off developer options, even if it is switched off. 3. Bank of Abyssinia's services are interesting, but they ignored the issues on the App service. 4. Most customers gave a complain on the App, but no one accept their complain to fix the issue. 5. Lastly, I will not recommend the App unless the issue has been solved ASAP!!","i will give only one star, because it faced with multiple of problems. 1. the app is not as fast as the other banks app, for e.g like cbe 2. the app asks repeatedly to switch off developer options, even if it is switched off. 3. bank of abyssinias services are interesting, but they ignored the issues on the app service. 4. most customers gave a complain on the app, but no one accept their complain to fix the issue. 5. lastly, i will not recommend the app unless the issue has been solved asap!!",2025-01-03 05:56:58,24.11.22,,,23,google_play,2025-11-30T16:15:08.107712,95
5072a136-5343-4309-b265-14b5b12f9bd3,BOA,Bank of Abyssinia Mobile,com.boa.boaMobileBanking,1,"Why the app doesn't allow to update the previous version. In addition to this, when I install the new version and try to activate, the app doesn't allow to write the activation OTP code to the screen. I have received the OTP password from telegram and email. Would you please fix this bug. Thank you","why the app doesnt allow to update the previous version. in addition to this, when i install the new version and try to activate, the app doesnt allow to write the activation otp code to the screen. i have received the otp password from telegram and email. would you please fix this bug. thank you",2024-02-03 20:01:10,24.01.09,,,556,google_play,2025-11-30T16:15:08.107712,55
6aba852c-18d6-4a41-a154-74c6184959ad,BOA,Bank of Abyssinia Mobile,com.boa.boaMobileBanking,1,"The worst mobile banking app ever!!! I have tried to transfer 25,000 from my BOA account to my CBE and it still hasn't reached my CBE account yet. When I tried contacting customer support they just tell me it's a problem with the system. I have waited 48 hours and I still haven't received my money. Bank of Abyssinia the worst bank and system, I don't recommend this app or bank to anyone.","the worst mobile banking app ever!!! i have tried to transfer 25,000 from my boa account to my cbe and it still hasnt reached my cbe account yet. when i tried contacting customer support they just tell me its a problem with the system. i have waited 48 hours and i still havent received my money. bank of abyssinia the worst bank and system, i dont recommend this app or bank to anyone.",2024-03-01 13:31:20,24.02.07,,,31,google_play,2025-11-30T16:15:08.107712,73
896ee9aa-a483-4b1f-b73c-0a26c4b54790,BOA,Bank of Abyssinia Mobile,com.boa.boaMobileBanking,1,most of the time is not working properly,most of the time is not working properly,2025-11-25 06:23:20,25.09.03,,,0,google_play,2025-11-30T16:15:08.107712,8
68b7a597-8133-4584-9c3f-1e26fa21184e,BOA,Bank of Abyssinia Mobile,com.boa.boaMobileBanking,1,from the last week updates the app is not working Please check the problems,from the last week updates the app is not working please check the problems,2025-10-08 19:21:32,25.09.03,,,0,google_play,2025-11-30T16:15:08.107712,14
924bdf3b-0b78-4402-9aaf-d1cbc39cc6af,BOA,Bank of Abyssinia Mobile,com.boa.boaMobileBanking,1,"I kindly request that Bank of abyssinia address issues with its mobile app. It is very slow, has numerous problems, and frequently experiences downtime. The user experience is also poor. Thank you.","i kindly request that bank of abyssinia address issues with its mobile app. it is very slow, has numerous problems, and frequently experiences downtime. the user experience is also poor. thank you.",2025-10-28 18:07:21,,,,0,google_play,2025-11-30T16:15:08.107712,32
663df513-c514-48fe-9c8f-4d9b244a7bef,BOA,Bank of Abyssinia Mobile,com.boa.boaMobileBanking,1,"Be careful of using this app to transfer large sums of money. Recently I can't top up my mobile card, can't pay tickets, can't transfer money to Telebirr. The *815# works but what's the use of an app if we're using USSD. It will refund your mobile top up days after failing to top up but I wouldn't want to risk that. I'm a big fan of BoA but I wouldn't recommend this app. 👎","be careful of using this app to transfer large sums of money. recently i cant top up my mobile card, cant pay tickets, cant transfer money to telebirr. the 815 works but whats the use of an app if were using ussd. it will refund your mobile top up days after failing to top up but i wouldnt want to risk that. im a big fan of boa but i wouldnt recommend this app.",2024-05-15 13:14:40,,,,3,google_play,2025-11-30T16:15:08.107712,74
14339503-d7a7-475c-bd75-f4240eee990c,BOA,Bank of Abyssinia Mobile,com.boa.boaMobileBanking,1,"This is terrible app. What the hell is your problem. Passwords can't be entered manually. I'm abroad. I don't have my Ethiopian Sim. I'm receiving the activation code via telegram. But you locked the system not to accept the activation OTP manually. Hence, I can't see my accounts, I can't make transactions etc.... how can you not think of this in advance.... now I'm in a terrible situation. I can't know what is going on with my account. WOULD YOU FIX IT NOW.... NOT TOMORROW or THE DAY AFTER...","this is terrible app. what the hell is your problem. passwords cant be entered manually. im abroad. i dont have my ethiopian sim. im receiving the activation code via telegram. but you locked the system not to accept the activation otp manually. hence, i cant see my accounts, i cant make transactions etc.... how can you not think of this in advance.... now im in a terrible situation. i cant know what is going on with my account. would you fix it now.... not tomorrow or the day after...",2024-02-16 02:47:47,,,,4,google_play,2025-11-30T16:15:08.107712,89
cf142536-5be5-4353-b2e2-359e4b4622ae,BOA,Bank of Abyssinia Mobile,com.boa.boaMobileBanking,1,"So BoA, your last application was horrible and buggy. And we thought ""finally!! a functional new app with better UI."" But It didn't last long, a non existent connection error at login.... Please just fix your app to the simplest functional form and it would be up to your other service standards.","so boa, your last application was horrible and buggy. and we thought finally!! a functional new app with better ui. but it didnt last long, a non existent connection error at login.... please just fix your app to the simplest functional form and it would be up to your other service standards.",2024-04-21 22:41:32,24.02.07,,,82,google_play,2025-11-30T16:15:08.107712,52
6856f9cd-42b9-4ec3-879a-d7893bf12b69,BOA,Bank of Abyssinia Mobile,com.boa.boaMobileBanking,1,"Very poor app. It crashes every time, doesn't load properly, and you can't even buy airtime. The programming is subpar. Please take lessons from other online banking apps. I would give it a zero if I could!!","very poor app. it crashes every time, doesnt load properly, and you cant even buy airtime. the programming is subpar. please take lessons from other online banking apps. i would give it a zero if i could!!",2024-05-10 14:57:32,,,,4,google_play,2025-11-30T16:15:08.107712,37
a3f239e6-b1c6-4910-8d4d-5db544802d31,BOA,Bank of Abyssinia Mobile,com.boa.boaMobileBanking,1,"The app does not work well from abroad, there have been continuous upgrades and updates that are very interruptive and non-responsive. Staff do not have the technical capabilities to support whereas the support number and online support are never available.","the app does not work well from abroad, there have been continuous upgrades and updates that are very interruptive and nonresponsive. staff do not have the technical capabilities to support whereas the support number and online support are never available.",2024-02-12 14:10:57,24.02.07,,,76,google_play,2025-11-30T16:15:08.107712,40
dfbe9aad-91a9-4bc9-8aac-1ecf644d89bc,BOA,Bank of Abyssinia Mobile,com.boa.boaMobileBanking,2,"The app doesnot allow to transfer from foreign currency accounts to local currency accounts , it says transaction not allowed , please check it and also it is difficult to activate the app from abroad countries since the otp doesn't reach by sms and it uses email, it doesn't allow manual otp input and the email hardly received , please review your app and make an update !!!","the app doesnot allow to transfer from foreign currency accounts to local currency accounts , it says transaction not allowed , please check it and also it is difficult to activate the app from abroad countries since the otp doesnt reach by sms and it uses email, it doesnt allow manual otp input and the email hardly received , please review your app and make an update !!!",2024-03-22 13:17:14,24.02.07,,,25,google_play,2025-11-30T16:15:08.107712,68
6725eae9-b141-4a7c-abcd-90125d0fa3bd,BOA,Bank of Abyssinia Mobile,com.boa.boaMobileBanking,2,"The app is not suitable and lacks a good UI design. As a large bank, you must update your app with a professional UI that is fast and appropriate.","the app is not suitable and lacks a good ui design. as a large bank, you must update your app with a professional ui that is fast and appropriate.",2025-10-16 10:53:31,,,,0,google_play,2025-11-30T16:15:08.107712,29
243b532d-869b-40a5-931c-a7fec1297cf6,BOA,Bank of Abyssinia Mobile,com.boa.boaMobileBanking,5,"This is a much better app from BOA, easy to activate with ATM credit info, that helps someone like myself who already forgots previous PIN No or IB password. Apps runs fast unlike the previous versions. I hope you don't ruin it with unnecessary update. Please notify customers to use this app through their SMS.","this is a much better app from boa, easy to activate with atm credit info, that helps someone like myself who already forgots previous pin no or ib password. apps runs fast unlike the previous versions. i hope you dont ruin it with unnecessary update. please notify customers to use this app through their sms.",2024-01-18 19:40:54,24.01.09,,,848,google_play,2025-11-30T16:15:08.107712,55
0392e082-49c5-4493-a4ca-14430e890d1b,BOA,Bank of Abyssinia Mobile,com.boa.boaMobileBanking,1,"Worst App it ain't allowing yo activate not even in the nearest branch are able to activate it. I have been client of the bank for 10years. What is this BoA? As we know it being a leading in simplifying banking service this App needs to be fixed. Then we will give it better rate,","worst app it aint allowing yo activate not even in the nearest branch are able to activate it. i have been client of the bank for 10years. what is this boa? as we know it being a leading in simplifying banking service this app needs to be fixed. then we will give it better rate,",2024-02-13 08:33:13,24.02.07,,,17,google_play,2025-11-30T16:15:08.107712,55
d9506985-4b35-431f-81f7-f9388ddb14d2,BOA,Bank of Abyssinia Mobile,com.boa.boaMobileBanking,1,"The worst mobile banking app! It doesn't load (seems like with the perfect WiFi and data connection it still manages to have network issues), when you finally get into the app, it makes it so hard more than it should be to send money.","the worst mobile banking app! it doesnt load seems like with the perfect wifi and data connection it still manages to have network issues, when you finally get into the app, it makes it so hard more than it should be to send money.",2024-05-31 18:55:46,24.05.07,,,69,google_play,2025-11-30T16:15:08.107712,44
66fafa2a-e28c-44d1-a7ce-dec09bb3c929,BOA,Bank of Abyssinia Mobile,com.boa.boaMobileBanking,1,This app is not efficient and can't be used for people outside Ethiopia. I am not able to enter back my OTP code into the App screen as it gets frozen and nothing can be done. Also the login screen forces to enter a local cell phone in Ethiopia and a PIN number. Those of us who live abroad are left out. The previous application with BoA Authenitcater was working efficiently and I was also able to login using my LapTop. I recommend the Application to use login user name & email instead of Ph#.,this app is not efficient and cant be used for people outside ethiopia. i am not able to enter back my otp code into the app screen as it gets frozen and nothing can be done. also the login screen forces to enter a local cell phone in ethiopia and a pin number. those of us who live abroad are left out. the previous application with boa authenitcater was working efficiently and i was also able to login using my laptop. i recommend the application to use login user name email instead of ph.,2024-02-23 21:03:31,24.02.07,,,40,google_play,2025-11-30T16:15:08.107712,94
426191d1-9b6d-4582-aeae-55633c041d3e,BOA,Bank of Abyssinia Mobile,com.boa.boaMobileBanking,1,this app can't open? what is problem? please solve my problem?,this app cant open? what is problem? please solve my problem?,2025-10-28 00:44:21,25.09.03,,,0,google_play,2025-11-30T16:15:08.107712,11
9151c064-a00f-4efc-ad7a-1f632401b194,BOA,Bank of Abyssinia Mobile,com.boa.boaMobileBanking,1,"This app takes too long time to be opened. And even it is not working simply as other banks application. Why this app does not give a digital invoice. Even, I am not able to find where the screeshot is kept after transaction. So, please the developer should fix all these.","this app takes too long time to be opened. and even it is not working simply as other banks application. why this app does not give a digital invoice. even, i am not able to find where the screeshot is kept after transaction. so, please the developer should fix all these.",2024-08-07 15:34:52,24.07.04,,,44,google_play,2025-11-30T16:15:08.107712,51
db0f8d24-804c-4cf2-8a36-f1f68b6bd616,BOA,Bank of Abyssinia Mobile,com.boa.boaMobileBanking,1,"This is the most stupid app I've seen, why would I turn off developer mode just because you can't make your app secure, this clearly indicates the app has very poor implementation and unskilled developers.. There are a lot of people who need developer option for different reasons. Please for the sake of the bank, fix this thing... Even the most secure international banking apps don't require it. Not to mention the lag and crashes","this is the most stupid app ive seen, why would i turn off developer mode just because you cant make your app secure, this clearly indicates the app has very poor implementation and unskilled developers.. there are a lot of people who need developer option for different reasons. please for the sake of the bank, fix this thing... even the most secure international banking apps dont require it. not to mention the lag and crashes",2024-07-12 03:11:29,,,,11,google_play,2025-11-30T16:15:08.107712,75
d2509015-b677-4dbc-ae07-99e399be5ebf,BOA,Bank of Abyssinia Mobile,com.boa.boaMobileBanking,1,My advice for whoever reading is go look for other bank(awash bank is a great example). This bank won't even allow you to access your money when you want. It has bad servers which don't work(respond) on time.,my advice for whoever reading is go look for other bankawash bank is a great example. this bank wont even allow you to access your money when you want. it has bad servers which dont workrespond on time.,2024-05-11 18:15:12,24.05.07,,,14,google_play,2025-11-30T16:15:08.107712,38
ec30627f-c9a0-48f6-8fd2-38fcae3ab112,BOA,Bank of Abyssinia Mobile,com.boa.boaMobileBanking,4,"as bank, u should at least hire someone good at their job bc this a joke nowadays I can't even log in or even transfer without it crashing if u fix the app I will update this review I am counting on u boa update: so they atleast fixed it but as suggestion can u put password when in final step of sending money it will feel more secure that way","as bank, u should at least hire someone good at their job bc this a joke nowadays i cant even log in or even transfer without it crashing if u fix the app i will update this review i am counting on u boa update so they atleast fixed it but as suggestion can u put password when in final step of sending money it will feel more secure that way",2025-08-17 05:44:58,25.05.03,,,8,google_play,2025-11-30T16:15:08.107712,71
9f9ace0f-c63b-4482-a159-12c2bcd357ae,BOA,Bank of Abyssinia Mobile,com.boa.boaMobileBanking,1,Worest Banking App Ever I seen. Fake App Bad Better to Leave,worest banking app ever i seen. fake app bad better to leave,2025-11-10 17:03:40,25.09.03,,,0,google_play,2025-11-30T16:15:08.107712,12
5491d730-4219-44e7-804f-3089aa98f554,BOA,Bank of Abyssinia Mobile,com.boa.boaMobileBanking,1,"This app is trash, it's not working for the past 3-4 days. I've to go to the bank to send money to other banks. Plus the app keeps crashing since the last update. BOA as a bank is deteriorating! This has to change.","this app is trash, its not working for the past 34 days. ive to go to the bank to send money to other banks. plus the app keeps crashing since the last update. boa as a bank is deteriorating! this has to change.",2024-04-30 19:45:24,24.04.26,,,326,google_play,2025-11-30T16:15:08.107712,43
94d435e8-8e1a-43e6-8a3c-bd755d66064e,BOA,Bank of Abyssinia Mobile,com.boa.boaMobileBanking,1,The app keeps crashing it stops responding while I'm using it or trying to open the app. Now I have to go to the bank in person to do any banking activities. In short it is the worst mobile banking system in Ethiopia,the app keeps crashing it stops responding while im using it or trying to open the app. now i have to go to the bank in person to do any banking activities. in short it is the worst mobile banking system in ethiopia,2024-07-11 14:10:32,24.04.26,,,24,google_play,2025-11-30T16:15:08.107712,43
f2fac0e0-abfb-4625-8443-a49953389605,BOA,Bank of Abyssinia Mobile,com.boa.boaMobileBanking,1,"Unreliable, expensive service. Most of the time, it is not working. Sometimes, it will take more than a day to complete transactions and charges more for this unworthy service. I will not recommend this bank app to anyone.","unreliable, expensive service. most of the time, it is not working. sometimes, it will take more than a day to complete transactions and charges more for this unworthy service. i will not recommend this bank app to anyone.",2024-06-10 22:09:57,24.05.07,,,9,google_play,2025-11-30T16:15:08.107712,38
1bdac495-0844-4896-b693-213485aad561,BOA,Bank of Abyssinia Mobile,com.boa.boaMobileBanking,1,"I can't believe in this day and age, one of the major banks of the country can't seem to understand that having a working mobile payment option is a **MUST** to survive. I have decided to move my accounts to CBE and Awash because of this. Can't be bothered with this useless app.","i cant believe in this day and age, one of the major banks of the country cant seem to understand that having a working mobile payment option is a must to survive. i have decided to move my accounts to cbe and awash because of this. cant be bothered with this useless app.",2024-07-04 13:46:13,24.05.07,,,16,google_play,2025-11-30T16:15:08.107712,53
62fa097e-3fd8-4522-a3a3-9b13f17f594d,BOA,Bank of Abyssinia Mobile,com.boa.boaMobileBanking,1,"This app future is good, but there is problems with apps to reset and activate it, which is difficult even to the branch staffs, and it takes too long times to active at the branch plus most of the time high expected failure of activation after process at the counter and OTP sent not work","this app future is good, but there is problems with apps to reset and activate it, which is difficult even to the branch staffs, and it takes too long times to active at the branch plus most of the time high expected failure of activation after process at the counter and otp sent not work",2025-05-06 17:06:33,,,,4,google_play,2025-11-30T16:15:08.107712,55
25b7eec9-d1ef-41be-8bb3-3fd1b1cb8068,BOA,Bank of Abyssinia Mobile,com.boa.boaMobileBanking,1,"please add language in the apps setting(amharic afan oromo, tigniya,and others) sometimes bank to bank transfer is not available through time and even if if it is available not reachable…it is serious issue!","please add language in the apps settingamharic afan oromo, tigniya,and others sometimes bank to bank transfer is not available through time and even if if it is available not reachableit is serious issue!",2025-02-15 16:15:50,24.11.22,,,3,google_play,2025-11-30T16:15:08.107712,33
005d202c-1b73-435b-b0a4-888e815972f6,BOA,Bank of Abyssinia Mobile,com.boa.boaMobileBanking,1,"""I am extremely disappointed with the poor service I have received. It is unacceptable that I cannot make transactions of 30,000 Birr and sometimes my money gets stuck in the air. As a result of your incompetence, I have been forced to change my bank account. This level of service is completely unacceptable and needs to be rectified immediately.""","i am extremely disappointed with the poor service i have received. it is unacceptable that i cannot make transactions of 30,000 birr and sometimes my money gets stuck in the air. as a result of your incompetence, i have been forced to change my bank account. this level of service is completely unacceptable and needs to be rectified immediately.",2024-05-06 00:13:23,24.04.26,,,10,google_play,2025-11-30T16:15:08.107712,59
8bbe29d8-ec75-4ffb-9b2d-fe22c62b1182,BOA,Bank of Abyssinia Mobile,com.boa.boaMobileBanking,1,"The updated version of this app is just time wasting. It doesn't work with 2G/3G network.require log in frequently,not fast as much as possible.automatic log out are the bad features of this app","the updated version of this app is just time wasting. it doesnt work with 2g3g network.require log in frequently,not fast as much as possible.automatic log out are the bad features of this app",2024-04-13 12:51:14,24.02.07,,,22,google_play,2025-11-30T16:15:08.107712,33
b768c25c-bc3a-4d57-8c45-97e489546662,BOA,Bank of Abyssinia Mobile,com.boa.boaMobileBanking,5,I love this bank the best experience ever.,i love this bank the best experience ever.,2025-09-28 03:17:38,25.09.03,,,7,google_play,2025-11-30T16:15:08.107712,8
d8c26573-6298-42ad-b768-d2981e2ec79b,BOA,Bank of Abyssinia Mobile,com.boa.boaMobileBanking,1,It's just terrible. It kept crashing in middle of transaction. Hell sometimes it won't open. My phone is stock Android (pixel 8) and I don't even know how this happens. Fix it!,its just terrible. it kept crashing in middle of transaction. hell sometimes it wont open. my phone is stock android pixel 8 and i dont even know how this happens. fix it!,2024-05-20 18:24:24,24.05.07,,,23,google_play,2025-11-30T16:15:08.107712,32
1962d1c4-e2c2-4ac7-91b6-b0a75ae11d7a,BOA,Bank of Abyssinia Mobile,com.boa.boaMobileBanking,1,Worst mobile banking app I ever experienced I was blaming other apps but comparing with this they're too much better!!!! It clashes it takes much longer time to login while loading in short it's a complete of trash,worst mobile banking app i ever experienced i was blaming other apps but comparing with this theyre too much better!!!! it clashes it takes much longer time to login while loading in short its a complete of trash,2025-03-06 20:44:28,24.11.22,,,5,google_play,2025-11-30T16:15:08.107712,38
0e5e093a-1cf1-4c49-87ed-046888b8afa9,BOA,Bank of Abyssinia Mobile,com.boa.boaMobileBanking,3,"Decent, but there problems sometimes it says error When i transfer money but infact it transferred because of this bug i transferred 2 times instead of 1 and also we can't transfer money to others telebirr acc we only can to our self BOE Dev fix this !!!","decent, but there problems sometimes it says error when i transfer money but infact it transferred because of this bug i transferred 2 times instead of 1 and also we cant transfer money to others telebirr acc we only can to our self boe dev fix this !!!",2025-03-11 07:22:01,,,,3,google_play,2025-11-30T16:15:08.107712,48
53214d92-a487-43cb-b69d-b65294b40823,BOA,Bank of Abyssinia Mobile,com.boa.boaMobileBanking,1,"The app is essentially unusable, it asks to disable developer mode even when it is already disabled and crashes, sometimes it only works with wifi and sometimes only with data, or it crashes just because.......","the app is essentially unusable, it asks to disable developer mode even when it is already disabled and crashes, sometimes it only works with wifi and sometimes only with data, or it crashes just because.......",2024-07-04 09:59:38,24.05.07,,,19,google_play,2025-11-30T16:15:08.107712,35
d1db8100-c3db-4123-a13d-b2c111104f34,BOA,Bank of Abyssinia Mobile,com.boa.boaMobileBanking,5,"This app is way better than both Apollo and the old mobile banking app. It's super easy to use and loads really fast. If you already have boa mobile banking before, activating it is a piece of cake. Great job on making such an awesome app – keep it up !","this app is way better than both apollo and the old mobile banking app. its super easy to use and loads really fast. if you already have boa mobile banking before, activating it is a piece of cake. great job on making such an awesome app keep it up !",2024-01-27 18:13:35,24.01.09,,,98,google_play,2025-11-30T16:15:08.107712,50
881841d6-eb17-46a9-9975-60090151aa37,BOA,Bank of Abyssinia Mobile,com.boa.boaMobileBanking,1,Worst app ever previous version was way better than this version after I activated my mobile banking app it says account not found but I'm their system my IB customer does work fine please fix your bugs and test it before you release it I have visit and report many branches and head quarter but they can't fix the problem,worst app ever previous version was way better than this version after i activated my mobile banking app it says account not found but im their system my ib customer does work fine please fix your bugs and test it before you release it i have visit and report many branches and head quarter but they cant fix the problem,2024-03-23 09:39:09,24.02.07,,,6,google_play,2025-11-30T16:15:08.107712,60
ffe4b898-4efa-4a93-bf70-dd405f3edde4,BOA,Bank of Abyssinia Mobile,com.boa.boaMobileBanking,1,I don't know why they roll out new updates without making sure it works! Why???? Do they need to update to a new staff? Perhaps pay for a better network?? Mindenew? I don't know there always a problem with this app.,i dont know why they roll out new updates without making sure it works! why???? do they need to update to a new staff? perhaps pay for a better network?? mindenew? i dont know there always a problem with this app.,2024-03-02 02:59:27,24.02.07,,,6,google_play,2025-11-30T16:15:08.107712,41
13cb3aad-a536-447c-8e30-2d7eaedcf5e4,BOA,Bank of Abyssinia Mobile,com.boa.boaMobileBanking,1,"The application used to work well. But after updates I'm not able to use the forgot password feature, which is blocking me from accessing it as a whole.","the application used to work well. but after updates im not able to use the forgot password feature, which is blocking me from accessing it as a whole.",2024-08-20 11:35:21,24.07.04,,,9,google_play,2025-11-30T16:15:08.107712,28
0eee74b6-043c-4004-9db6-1f923ecfa564,BOA,Bank of Abyssinia Mobile,com.boa.boaMobileBanking,1,"It has good backgroud and simple. But keeps saying no conectivty , login, Close immediately you made it porly not woriking on stable network!!!","it has good backgroud and simple. but keeps saying no conectivty , login, close immediately you made it porly not woriking on stable network!!!",2024-04-21 20:00:31,24.02.07,,,8,google_play,2025-11-30T16:15:08.107712,24
b12b3e39-f4c6-48bf-86bd-e50202d37452,BOA,Bank of Abyssinia Mobile,com.boa.boaMobileBanking,2,"By far the nicest looking app by an Ethiopian Bank. But it's functionality is weak. It is full of Transaction error, Function Error. Kudos, but it needs more backend work.","by far the nicest looking app by an ethiopian bank. but its functionality is weak. it is full of transaction error, function error. kudos, but it needs more backend work.",2024-04-22 15:44:12,24.04.22,,,10,google_play,2025-11-30T16:15:08.107712,30
5b6eabc7-30fd-4b72-ba91-8acb7763f48b,BOA,Bank of Abyssinia Mobile,com.boa.boaMobileBanking,1,This app is the most worst app I used in Ethiopia and belive me I know I live in Ethiopia. Being the fincial app It doesn't work when you want it. It makes you wait for cash out code and immediately debit the amount before sending the code I have got to say abysinia bank I didn't expect this from you and I use CBE mobile banking,this app is the most worst app i used in ethiopia and belive me i know i live in ethiopia. being the fincial app it doesnt work when you want it. it makes you wait for cash out code and immediately debit the amount before sending the code i have got to say abysinia bank i didnt expect this from you and i use cbe mobile banking,2024-05-18 12:42:05,24.05.07,,,3,google_play,2025-11-30T16:15:08.107712,67
2ed20bd2-3a87-458d-8757-635f698d0e6d,BOA,Bank of Abyssinia Mobile,com.boa.boaMobileBanking,3,The app has bugs. Signing in is still a challenge. Transfer to another bank is impossible. The app is slow and bland.,the app has bugs. signing in is still a challenge. transfer to another bank is impossible. the app is slow and bland.,2024-05-11 08:25:28,24.05.07,,,9,google_play,2025-11-30T16:15:08.107712,22
cdba46f4-4ab0-43ec-8d9a-e695cd895794,BOA,Bank of Abyssinia Mobile,com.boa.boaMobileBanking,1,Sorry to say this compared to other banks mobile app its the worest it need more improvement the app doesn't match the bank standard it need more update its too slow plus it keep saying stop developing option on your phone when no developing setting enabled ??plus when it come to recent transaction nothing to display...,sorry to say this compared to other banks mobile app its the worest it need more improvement the app doesnt match the bank standard it need more update its too slow plus it keep saying stop developing option on your phone when no developing setting enabled ??plus when it come to recent transaction nothing to display...,2024-05-24 19:38:48,24.05.07,,,8,google_play,2025-11-30T16:15:08.107712,56
872b3daf-6c3e-43e9-a7cf-ba1199c25010,BOA,Bank of Abyssinia Mobile,com.boa.boaMobileBanking,2,It was working good before the last update but after the update it asks to disable developer option. why is that? That means any developer with developer option enabled can't access his account. It crushs a lot of times.,it was working good before the last update but after the update it asks to disable developer option. why is that? that means any developer with developer option enabled cant access his account. it crushs a lot of times.,2024-05-01 22:14:29,24.04.26,,,17,google_play,2025-11-30T16:15:08.107712,39
c3c57420-55b1-4d02-956b-cbdc55b33e41,BOA,Bank of Abyssinia Mobile,com.boa.boaMobileBanking,1,"After last update, the app keeps crashing, not working. Pls fix it. Mobile transactions become impossible.","after last update, the app keeps crashing, not working. pls fix it. mobile transactions become impossible.",2024-05-02 08:10:03,24.04.26,,,12,google_play,2025-11-30T16:15:08.107712,16
1e10c54c-f676-477c-9a7b-bb0aba1aeb9e,BOA,Bank of Abyssinia Mobile,com.boa.boaMobileBanking,1,"It say ""The request was not successful. please check device connectivity or try again"" why? One of the bank manager told me it is because of my phone's android version which is 9.1 It is ridiculous! Disappointing",it say the request was not successful. please check device connectivity or try again why? one of the bank manager told me it is because of my phones android version which is 9.1 it is ridiculous! disappointing,2024-09-11 21:39:38,24.07.04,,,9,google_play,2025-11-30T16:15:08.107712,37
3a07b9bf-de50-41a0-a880-d8956c350036,BOA,Bank of Abyssinia Mobile,com.boa.boaMobileBanking,1,"Slow login, crashes frequently, annoying app ever. Since you updated this app, it's been extremely unhelpful.","slow login, crashes frequently, annoying app ever. since you updated this app, its been extremely unhelpful.",2024-05-01 16:40:11,24.04.26,,,9,google_play,2025-11-30T16:15:08.107712,16
2d52d1a5-525c-4655-b858-e8d0d2e20bc2,BOA,Bank of Abyssinia Mobile,com.boa.boaMobileBanking,1,Why is not letting me access my account. The whole point of this app is for me to gey access to my account without physically being at the bank. I would give it a zero but a one will suffice to get my point accross.,why is not letting me access my account. the whole point of this app is for me to gey access to my account without physically being at the bank. i would give it a zero but a one will suffice to get my point accross.,2024-12-27 11:28:26,24.11.22,,,8,google_play,2025-11-30T16:15:08.107712,45
98205344-768d-4132-bc7a-3c86650c6db1,BOA,Bank of Abyssinia Mobile,com.boa.boaMobileBanking,1,"I don't know why every time you come up with a new update the app get worst than the oldest, it is taking more time to load, can load money to telebirr, can't pay awach. Please try to fix it.","i dont know why every time you come up with a new update the app get worst than the oldest, it is taking more time to load, can load money to telebirr, cant pay awach. please try to fix it.",2024-05-02 06:00:51,24.04.26,,,12,google_play,2025-11-30T16:15:08.107712,40
78e8871b-9992-401f-a928-98f5bfd7bb16,BOA,Bank of Abyssinia Mobile,com.boa.boaMobileBanking,3,The latest update has a bug it keeps crashing. Please fix it it's so inconvenient to do our business this way. That or we will switch to other banks,the latest update has a bug it keeps crashing. please fix it its so inconvenient to do our business this way. that or we will switch to other banks,2024-04-30 05:01:28,24.04.26,,,11,google_play,2025-11-30T16:15:08.107712,29
85a692a1-c9ed-4525-a373-8756f3b9724a,BOA,Bank of Abyssinia Mobile,com.boa.boaMobileBanking,1,"Worst app ever, not user friendly, even doesn't serve basic functionality correctly, takes to much time to login and navigate through the app, we expected more from this bank","worst app ever, not user friendly, even doesnt serve basic functionality correctly, takes to much time to login and navigate through the app, we expected more from this bank",2024-08-07 12:03:34,24.07.04,,,6,google_play,2025-11-30T16:15:08.107712,29
6e039674-a668-43a6-8d89-201a4c32000e,BOA,Bank of Abyssinia Mobile,com.boa.boaMobileBanking,3,"Despite the enhanced technology you have, the application doesn't work properly, and it asks for the developer option to be turned off, fix that.","despite the enhanced technology you have, the application doesnt work properly, and it asks for the developer option to be turned off, fix that.",2024-08-12 12:23:20,24.07.04,,,22,google_play,2025-11-30T16:15:08.107712,24
4fef53fb-1b5d-4262-b097-1436650e85b4,BOA,Bank of Abyssinia Mobile,com.boa.boaMobileBanking,4,I prefer the earlier version. This updated app crushes during login and says there is bug. Please fix the bug issue.,i prefer the earlier version. this updated app crushes during login and says there is bug. please fix the bug issue.,2024-05-03 17:19:24,24.04.26,,,18,google_play,2025-11-30T16:15:08.107712,21
d02b75ee-2f90-4c29-a169-b21045b50827,BOA,Bank of Abyssinia Mobile,com.boa.boaMobileBanking,5,"Its amazing and easy to use , but from these two past days it crashes and tells me ""there is not enough connectivity"" while my internet was good enough , and i can't open it anymore !! Fix this proplem ASAP.","its amazing and easy to use , but from these two past days it crashes and tells me there is not enough connectivity while my internet was good enough , and i cant open it anymore !! fix this proplem asap.",2024-03-01 22:09:40,24.02.07,,,12,google_play,2025-11-30T16:15:08.107712,41
b6e1b58d-d5d6-4134-b837-32c4833850ae,BOA,Bank of Abyssinia Mobile,com.boa.boaMobileBanking,1,It usually crashes and the reason it gives is a problem on internet connection although the internet was fine.,it usually crashes and the reason it gives is a problem on internet connection although the internet was fine.,2024-07-23 09:35:15,24.07.04,,,4,google_play,2025-11-30T16:15:08.107712,19
0064eed9-e5be-4a49-a552-8ad9189579b3,BOA,Bank of Abyssinia Mobile,com.boa.boaMobileBanking,2,"It was working fine a couple of days ago, in the utilities section of payment it only provides a few services but that is OK for now but my issue is it has started crashing down these past 2 days","it was working fine a couple of days ago, in the utilities section of payment it only provides a few services but that is ok for now but my issue is it has started crashing down these past 2 days",2024-04-21 14:59:22,24.02.07,,,5,google_play,2025-11-30T16:15:08.107712,40
3d362e0c-4c39-498b-8b61-b52226effacd,BOA,Bank of Abyssinia Mobile,com.boa.boaMobileBanking,1,"The worst app update ever. Why would you include the ""developer option off"" thing here? Why do you care? It is my phone my money, right? That is the reason why I switched to other banks. So either turn it off or everyone will discontinue their business one by one.","the worst app update ever. why would you include the developer option off thing here? why do you care? it is my phone my money, right? that is the reason why i switched to other banks. so either turn it off or everyone will discontinue their business one by one.",2024-11-17 20:11:45,24.09.30,,,23,google_play,2025-11-30T16:15:08.107712,50
68104af7-50d8-4340-b657-d94b6b993573,BOA,Bank of Abyssinia Mobile,com.boa.boaMobileBanking,1,"I never ever seen the worst commercial app like this in my life , it does not work anything , i donot know how the IT Team of the bank tested and launch the app. Its annoying !","i never ever seen the worst commercial app like this in my life , it does not work anything , i donot know how the it team of the bank tested and launch the app. its annoying !",2024-04-30 08:20:42,24.04.26,,,16,google_play,2025-11-30T16:15:08.107712,38
f001bc11-3899-462e-8416-919d4f8b575d,BOA,Bank of Abyssinia Mobile,com.boa.boaMobileBanking,1,"I am an app developer, I need to keep developer options on... WHY ARE YOU ASKING ME TO TURN DEVELOPER OPTIONS OFF... why is it that Abyssinia is the only damned bank in Ethiopia that just can't seem to buld an app that works... it's not that hard people, just look at CBE... this is simply terrible, borderline unusable!","i am an app developer, i need to keep developer options on... why are you asking me to turn developer options off... why is it that abyssinia is the only damned bank in ethiopia that just cant seem to buld an app that works... its not that hard people, just look at cbe... this is simply terrible, borderline unusable!",2024-05-09 13:13:42,24.05.07,,,6,google_play,2025-11-30T16:15:08.107712,59
8e9bcb5d-012f-4969-bb6f-c5a715e31318,BOA,Bank of Abyssinia Mobile,com.boa.boaMobileBanking,3,"One of the weakness in BOA is it's mobile App. I hope this will address some of them, but it is very critical to work on modernizing and ensuring the security of it's mobile banking system in this digitalized world","one of the weakness in boa is its mobile app. i hope this will address some of them, but it is very critical to work on modernizing and ensuring the security of its mobile banking system in this digitalized world",2024-02-04 05:03:19,24.01.09,,,7,google_play,2025-11-30T16:15:08.107712,40
27614b2a-f8e3-48d6-8cb2-9a83c03e36a3,BOA,Bank of Abyssinia Mobile,com.boa.boaMobileBanking,5,"Its nice platform when i compare with the previous version! But, when i try to use mobile banking the app states use the updated one! As it orders, i updated BOA from playstore, when i try to use mobile banking on the following day the same thing-update from the playstore!!!!","its nice platform when i compare with the previous version! but, when i try to use mobile banking the app states use the updated one! as it orders, i updated boa from playstore, when i try to use mobile banking on the following day the same thingupdate from the playstore!!!!",2024-02-20 15:54:44,24.02.07,"Dear customer, We are sorry for the inconvenience please contact us at 8397 and share as much information as you can. We will investigate your case. Thank you!",2024-02-22 13:49:40,330,google_play,2025-11-30T16:15:08.107712,50
e4f460a1-24e4-48c8-8a36-477f91417816,BOA,Bank of Abyssinia Mobile,com.boa.boaMobileBanking,1,I have nothing against your service but your App!!!!??? When will it ever work? Why do you keep changing the interface whenever there is an update? The most unreadable annoying app.,i have nothing against your service but your app!!!!??? when will it ever work? why do you keep changing the interface whenever there is an update? the most unreadable annoying app.,2024-03-22 12:36:57,24.02.07,,,13,google_play,2025-11-30T16:15:08.107712,31
dc201a15-30b2-4d8b-8754-0ecc2db8130b,BOA,Bank of Abyssinia Mobile,com.boa.boaMobileBanking,1,"the app used to run fine, but now it takes like forever to even open the main dashboard and sometimes it just crashes on its own. you guys gotta step it up. we need this app to be way faster","the app used to run fine, but now it takes like forever to even open the main dashboard and sometimes it just crashes on its own. you guys gotta step it up. we need this app to be way faster",2024-06-27 22:33:38,24.05.07,,,9,google_play,2025-11-30T16:15:08.107712,40
821887b9-da34-47e7-9eab-d9559813d40e,BOA,Bank of Abyssinia Mobile,com.boa.boaMobileBanking,3,"Great graphics, but why my music have to stop when I open this app? Make it make sense. But overall, it's good, but also needs too much data just to load this app. We might need a lite version of this.","great graphics, but why my music have to stop when i open this app? make it make sense. but overall, its good, but also needs too much data just to load this app. we might need a lite version of this.",2024-02-15 10:22:15,,,,1,google_play,2025-11-30T16:15:08.107712,41
d99c1e28-22e9-488e-b561-861e8282b60a,BOA,Bank of Abyssinia Mobile,com.boa.boaMobileBanking,5,"Simple, fast and easy to use. I had bad experience on apollo and the older version of this app is too slow.","simple, fast and easy to use. i had bad experience on apollo and the older version of this app is too slow.",2024-02-05 09:58:49,24.01.09,,,8,google_play,2025-11-30T16:15:08.107712,22
7d475f3a-15b4-4e56-ae4b-1fc451749e61,BOA,Bank of Abyssinia Mobile,com.boa.boaMobileBanking,1,"Edit: New bug, app not letting me type in my otp codes. Shameful Why does this app not allow me to use it while having developer options on? Did y'all consider that I might, perhaps, be an actual developer? Why am I expected to toggle the option on and off just to bank (restarting my phone when I do)? Why is the message labled as somthing that will ""smoothen"" the experience? This is like the most ""security consultant"" thing to implement in an app. Please invest in actual security, not this mess.","edit new bug, app not letting me type in my otp codes. shameful why does this app not allow me to use it while having developer options on? did yall consider that i might, perhaps, be an actual developer? why am i expected to toggle the option on and off just to bank restarting my phone when i do? why is the message labled as somthing that will smoothen the experience? this is like the most security consultant thing to implement in an app. please invest in actual security, not this mess.",2025-03-12 20:41:25,25.03.07,,,138,google_play,2025-11-30T16:15:08.107712,92
2795b1e3-ccdc-4b4a-8c25-cd4c6cc0d2ba,BOA,Bank of Abyssinia Mobile,com.boa.boaMobileBanking,1,It has been a while since you guys started giving the mobile app service but still couldn't get it to work. I'm sure you know that it doesn't work already but not sure if you're lazy or incompetent to fix it. You are losing business because of this. Complacency will have consequences.,it has been a while since you guys started giving the mobile app service but still couldnt get it to work. im sure you know that it doesnt work already but not sure if youre lazy or incompetent to fix it. you are losing business because of this. complacency will have consequences.,2024-12-10 07:43:57,24.11.22,,,19,google_play,2025-11-30T16:15:08.107712,52
7fd70a5c-3336-4c74-b321-622b29e5d371,BOA,Bank of Abyssinia Mobile,com.boa.boaMobileBanking,1,"Installed the latest version of this app on my Android 14 device, but it is not working. I have already received the activation key from your branch (via SMS), but couldn't activate it. It is a failed app. I bet you don't have QA testers.","installed the latest version of this app on my android 14 device, but it is not working. i have already received the activation key from your branch via sms, but couldnt activate it. it is a failed app. i bet you dont have qa testers.",2024-04-24 20:05:57,24.04.22,,,34,google_play,2025-11-30T16:15:08.107712,45
3271d45f-2900-41b6-878c-669ac563e60a,BOA,Bank of Abyssinia Mobile,com.boa.boaMobileBanking,1,It keeps showing this pop up to turn off developer options even tho it's off! I had to turn on and then off to make it work! This is a horrible experience and needs a fix asap! Plus kinda slow.,it keeps showing this pop up to turn off developer options even tho its off! i had to turn on and then off to make it work! this is a horrible experience and needs a fix asap! plus kinda slow.,2025-04-19 06:15:54,25.03.07,,,24,google_play,2025-11-30T16:15:08.107712,40
481a1e89-df8b-43d4-9bf7-aa4a5cd196f5,BOA,Bank of Abyssinia Mobile,com.boa.boaMobileBanking,1,The App is not working on Android 9.1 at all. It shows an error notification and forcefully closes the app. Must be fixed ASAP.,the app is not working on android 9.1 at all. it shows an error notification and forcefully closes the app. must be fixed asap.,2024-07-19 17:36:11,24.07.04,,,23,google_play,2025-11-30T16:15:08.107712,24
1c4b07f2-e2ce-4531-8d1b-04dd4c2f2351,BOA,Bank of Abyssinia Mobile,com.boa.boaMobileBanking,5,"It was a very nice app and was exemplary to other banks, but I am experiencing difficulties in transfering transactions and thinking to leave Abyssinia? What would you advise me. ወጣ ወጣና ሆነእኮ ነገሩ።","it was a very nice app and was exemplary to other banks, but i am experiencing difficulties in transfering transactions and thinking to leave abyssinia? what would you advise me.",2024-03-14 16:33:49,24.02.07,,,7,google_play,2025-11-30T16:15:08.107712,30
1756e606-985f-44eb-bab4-95bcf0848416,BOA,Bank of Abyssinia Mobile,com.boa.boaMobileBanking,1,This application is losing major factions on a daily basis. I can count how many times I have used this app; it is completely useless and disappointing if I am not going to use it in times of need then I don't see the point.,this application is losing major factions on a daily basis. i can count how many times i have used this app it is completely useless and disappointing if i am not going to use it in times of need then i dont see the point.,2024-11-28 08:17:48,24.11.22,,,19,google_play,2025-11-30T16:15:08.107712,45
49b877c9-5536-4be5-8674-e3ae975fa0ed,BOA,Bank of Abyssinia Mobile,com.boa.boaMobileBanking,1,"I downloaded the app for the first time while reading other customers reviews and as soon as i installed and opened the app it closes back automatically, what unserious bank, now i uninstalled the app immediately","i downloaded the app for the first time while reading other customers reviews and as soon as i installed and opened the app it closes back automatically, what unserious bank, now i uninstalled the app immediately",2025-03-03 07:24:29,,,,1,google_play,2025-11-30T16:15:08.107712,36
b5ed4d5f-b0f7-4ef4-9b2f-3b12b1f2f50c,BOA,Bank of Abyssinia Mobile,com.boa.boaMobileBanking,3,"I sm a big fan of BOA , but the mobile banking is so trashy( sorry but its the best word to discribe it).... please buy a good server ....it always show blank age after login slecially on sundays it does not work at all...the new update has a good UI but has same respose problem ....","i sm a big fan of boa , but the mobile banking is so trashy sorry but its the best word to discribe it.... please buy a good server ....it always show blank age after login slecially on sundays it does not work at all...the new update has a good ui but has same respose problem ....",2024-02-11 14:41:30,24.01.09,,,4,google_play,2025-11-30T16:15:08.107712,57
b3b60a0b-92ff-4c64-98f7-83f6e2a6ec70,BOA,Bank of Abyssinia Mobile,com.boa.boaMobileBanking,3,When writing amounts z app cannot insert deceimasl so that one cannot transact amounts involving cents !!! A finnacial app to be released without this feature being checked !!!,when writing amounts z app cannot insert deceimasl so that one cannot transact amounts involving cents !!! a finnacial app to be released without this feature being checked !!!,2024-03-20 14:49:19,24.02.07,,,4,google_play,2025-11-30T16:15:08.107712,29
123f1456-c770-45aa-b5a7-d5491958f2c0,BOA,Bank of Abyssinia Mobile,com.boa.boaMobileBanking,2,Hate how we're expected to disable 'Developer Options' everytime we open the app. An unnecessary point of friction that's been put in place in the guise of security.,hate how were expected to disable developer options everytime we open the app. an unnecessary point of friction thats been put in place in the guise of security.,2024-05-14 09:09:43,24.05.07,,,6,google_play,2025-11-30T16:15:08.107712,28
7e629e12-154b-4482-a805-90bf721f5011,BOA,Bank of Abyssinia Mobile,com.boa.boaMobileBanking,5,I don't have words for your great work.. Really Good .what i like the most is the screenshots features is included which gives you the transactions detail ...Great Work...KEEP IT UP !!??,i dont have words for your great work.. really good .what i like the most is the screenshots features is included which gives you the transactions detail ...great work...keep it up !!??,2024-02-03 17:07:15,24.01.09,,,31,google_play,2025-11-30T16:15:08.107712,32
301f6927-9395-4cda-bb77-041a36323875,BOA,Bank of Abyssinia Mobile,com.boa.boaMobileBanking,5,"i entered incorrect security question by mistake boa app lock pin forever, why is there no other options? ?? i contacted different branchs more then 4times but they didn't able to solve this issue .","i entered incorrect security question by mistake boa app lock pin forever, why is there no other options? ?? i contacted different branchs more then 4times but they didnt able to solve this issue .",2025-05-10 11:44:44,25.05.03,,,355,google_play,2025-11-30T16:15:08.107712,35
d1f72257-e5c2-4da7-ab88-1bf64322de8a,BOA,Bank of Abyssinia Mobile,com.boa.boaMobileBanking,3,I am having a challenge to use the app. The app does not allow to update the previous app. Neither does it allow to manually insert OTP - BoA please modify the app to allow these features,i am having a challenge to use the app. the app does not allow to update the previous app. neither does it allow to manually insert otp boa please modify the app to allow these features,2024-02-06 17:31:28,,,,3,google_play,2025-11-30T16:15:08.107712,36
aaa1abe6-69f5-4150-9072-0b456c58efb8,BOA,Bank of Abyssinia Mobile,com.boa.boaMobileBanking,1,"The app is a total waste of time, it glitches, doesn't log in fast, super slow.","the app is a total waste of time, it glitches, doesnt log in fast, super slow.",2024-04-21 10:03:23,24.02.07,,,8,google_play,2025-11-30T16:15:08.107712,16
e8e30cda-3c44-4a11-93cb-89f93fcc4e95,BOA,Bank of Abyssinia Mobile,com.boa.boaMobileBanking,3,So this updated version is so much better and faster but it doesn't open unless it's directly opened from play store. fix this issue I'd give it 5 if it wasn't for this,so this updated version is so much better and faster but it doesnt open unless its directly opened from play store. fix this issue id give it 5 if it wasnt for this,2024-02-16 18:46:54,24.02.07,"Dear customer, We are sorry for the inconvenience please contact us at 8397 and share as much information as you can. We will investigate your case. Thank you!",2024-02-22 13:55:28,7,google_play,2025-11-30T16:15:08.107712,33
83311c04-cd01-496c-b382-2caaa5132819,BOA,Bank of Abyssinia Mobile,com.boa.boaMobileBanking,1,"Shockingly bad! Even when it decides to work, it's painfully slow and frustrating. Such a shame that it has become a stain on an extraordinary bank","shockingly bad! even when it decides to work, its painfully slow and frustrating. such a shame that it has become a stain on an extraordinary bank",2024-09-06 18:16:55,24.07.04,,,3,google_play,2025-11-30T16:15:08.107712,26
95520951-566d-4ddb-bf19-a9ecf5b6e35a,BOA,Bank of Abyssinia Mobile,com.boa.boaMobileBanking,3,"The App is nice and easy to use but after some time it crushed and said ""Error check your device connectivity"" please fix it",the app is nice and easy to use but after some time it crushed and said error check your device connectivity please fix it,2025-07-02 19:59:16,25.05.03,,,25,google_play,2025-11-30T16:15:08.107712,24
6b5a5455-dcd0-4a2a-8cbb-f0deb5706498,BOA,Bank of Abyssinia Mobile,com.boa.boaMobileBanking,1,i have went to the bank so many times because i couldn't make any transaction i can only see my balance nothing else so what is the point of having mobile banking if i can't make any transaction with it please work in that,i have went to the bank so many times because i couldnt make any transaction i can only see my balance nothing else so what is the point of having mobile banking if i cant make any transaction with it please work in that,2025-03-21 08:49:11,,,,2,google_play,2025-11-30T16:15:08.107712,44
5bd5ece1-9221-4e85-9f8e-5595fa3a0755,BOA,Bank of Abyssinia Mobile,com.boa.boaMobileBanking,4,"As usual the app is ok, but this time i can't update it normally. It lags at 99% all the time. Hope it's fixable.","as usual the app is ok, but this time i cant update it normally. it lags at 99 all the time. hope its fixable.",2024-02-10 08:59:36,24.01.09,,,16,google_play,2025-11-30T16:15:08.107712,24
9fb5fdaa-6172-43c1-ba46-2fcdfcd84c13,BOA,Bank of Abyssinia Mobile,com.boa.boaMobileBanking,1,it is not working at all,it is not working at all,2025-11-15 18:42:13,25.09.03,,,0,google_play,2025-11-30T16:15:08.107712,6
1d71b9e5-39e0-4a6b-a6f3-eb0d34c6f007,BOA,Bank of Abyssinia Mobile,com.boa.boaMobileBanking,1,"Absolutely the worst mobile banking app.it crashs every time,problem when logging in and and cuts my balance when top up without even recharging","absolutely the worst mobile banking app.it crashs every time,problem when logging in and and cuts my balance when top up without even recharging",2024-05-17 21:21:05,24.04.26,,,7,google_play,2025-11-30T16:15:08.107712,23
4266eaeb-37b0-4cc4-8b8a-2929e01e4f2f,BOA,Bank of Abyssinia Mobile,com.boa.boaMobileBanking,2,A lot of the app's features have been rearranged but sometimes it works sometimes it doesnt...and that makes it less reliable specially at times of need...pls improve it,a lot of the apps features have been rearranged but sometimes it works sometimes it doesnt...and that makes it less reliable specially at times of need...pls improve it,2024-04-18 09:16:41,24.02.07,,,7,google_play,2025-11-30T16:15:08.107712,28
2e219268-96fd-400c-8632-0b0d1044f487,BOA,Bank of Abyssinia Mobile,com.boa.boaMobileBanking,1,"This app is a joke. It crashes more than it works, takes forever to load, and half the features are just decorative at this point. Can’t log in, can’t transfer money, can’t even check my balance without it bugging out. To the developer: Are you actually trying to make this work, or is this some kind of social experiment to test our patience? Did you build this in your sleep? Because it definitely looks like it. If this is your idea of a functional app, maybe consider a different career path🙏","this app is a joke. it crashes more than it works, takes forever to load, and half the features are just decorative at this point. cant log in, cant transfer money, cant even check my balance without it bugging out. to the developer are you actually trying to make this work, or is this some kind of social experiment to test our patience? did you build this in your sleep? because it definitely looks like it. if this is your idea of a functional app, maybe consider a different career path",2025-05-21 12:49:15,25.05.03,,,247,google_play,2025-11-30T16:15:08.107712,91
9a4768a8-faca-4f72-92cc-4194d7bce0e3,BOA,Bank of Abyssinia Mobile,com.boa.boaMobileBanking,1,"Dear BOA, Are you sure you are upgrading your application. It is becoming worse and worse. Please fix the bug as quickly as possible.","dear boa, are you sure you are upgrading your application. it is becoming worse and worse. please fix the bug as quickly as possible.",2024-05-03 06:10:15,,,,0,google_play,2025-11-30T16:15:08.107712,24
1d426479-7c59-42d4-b349-7bc3afaf374e,BOA,Bank of Abyssinia Mobile,com.boa.boaMobileBanking,1,The app does not open sometimes it says coonection issue which i dont have and after it opens it has bugs while using its not smooth to work with please improve it,the app does not open sometimes it says coonection issue which i dont have and after it opens it has bugs while using its not smooth to work with please improve it,2024-07-31 14:03:12,24.07.04,,,6,google_play,2025-11-30T16:15:08.107712,32
1fcdba36-6e83-434b-8676-66304e004a60,BOA,Bank of Abyssinia Mobile,com.boa.boaMobileBanking,5,"It's a quiet good and smoothly accessible app which allows users to transfer , Airtime Top-up, ATM withdrawal and Utilities payments.","its a quiet good and smoothly accessible app which allows users to transfer , airtime topup, atm withdrawal and utilities payments.",2024-02-24 07:49:42,24.02.07,,,34,google_play,2025-11-30T16:15:08.107712,21
7213dbd5-f192-45fd-96d1-3fc1db24759c,BOA,Bank of Abyssinia Mobile,com.boa.boaMobileBanking,1,"The worst MBA I have experienced, The app crush frequently and they take to long to fix the problem even more than a week.","the worst mba i have experienced, the app crush frequently and they take to long to fix the problem even more than a week.",2025-06-27 08:30:30,25.05.03,,,6,google_play,2025-11-30T16:15:08.107712,24
d713bd24-8fc6-48e4-ad53-aeafeda8babc,BOA,Bank of Abyssinia Mobile,com.boa.boaMobileBanking,5,Easy and very nice app to load more than the previouse but in recent time some loading problem detected.,easy and very nice app to load more than the previouse but in recent time some loading problem detected.,2025-07-01 15:08:48,25.05.03,,,188,google_play,2025-11-30T16:15:08.107712,19
8d23e22a-989a-44bb-81bf-3f34c868d3de,BOA,Bank of Abyssinia Mobile,com.boa.boaMobileBanking,1,Hi I have problem with this App BOA mobile I don't know what is wrong with this App I did many times download but it's sam doesn't work if sam like that this app way I have to be customer with them how I know my account and checking save The book is no Not enough alone,hi i have problem with this app boa mobile i dont know what is wrong with this app i did many times download but its sam doesnt work if sam like that this app way i have to be customer with them how i know my account and checking save the book is no not enough alone,2024-08-28 05:35:38,24.07.04,,,5,google_play,2025-11-30T16:15:08.107712,57
0d298d90-e15e-46e4-96af-20741b8d45ed,BOA,Bank of Abyssinia Mobile,com.boa.boaMobileBanking,1,"useless app. bank to bank transactions do not work at all, wallet topups like telebirr take hours to reach. what a shame from a bank this big.","useless app. bank to bank transactions do not work at all, wallet topups like telebirr take hours to reach. what a shame from a bank this big.",2024-04-26 06:37:43,,,,0,google_play,2025-11-30T16:15:08.107712,27
e9336bcf-b836-4e42-9d5a-f5999513effa,BOA,Bank of Abyssinia Mobile,com.boa.boaMobileBanking,1,"BOA app was one of my favourite back in the days, now I don't if there is an app worsen that this.. very very bad. You need to fix it or remove it.","boa app was one of my favourite back in the days, now i dont if there is an app worsen that this.. very very bad. you need to fix it or remove it.",2024-04-24 08:34:18,24.04.22,,,15,google_play,2025-11-30T16:15:08.107712,33
98b97eb6-5299-43f7-a372-45b0a486318b,BOA,Bank of Abyssinia Mobile,com.boa.boaMobileBanking,1,"A total disaster of an app. Always offline, never works, it's embarassing. I've lost hope and taken my business to a competitor","a total disaster of an app. always offline, never works, its embarassing. ive lost hope and taken my business to a competitor",2024-08-08 14:31:00,24.07.04,,,10,google_play,2025-11-30T16:15:08.107712,22
9d157253-6414-46f1-a2f3-0867fbd3f25d,BOA,Bank of Abyssinia Mobile,com.boa.boaMobileBanking,5,"Pretty good for a banking app, it still lacks some things with in the ui and with the speed of the app but overall it's a good application. Thank you 5/5👍🏻","pretty good for a banking app, it still lacks some things with in the ui and with the speed of the app but overall its a good application. thank you 55",2024-07-09 21:36:45,,,,15,google_play,2025-11-30T16:15:08.107712,31
ac808508-e45d-425f-9fd9-49c6eecdb46f,BOA,Bank of Abyssinia Mobile,com.boa.boaMobileBanking,1,"The app is terrible, nothing functions properly. Especially since the latest update, it crashes all the time.","the app is terrible, nothing functions properly. especially since the latest update, it crashes all the time.",2024-05-01 07:36:53,,,,2,google_play,2025-11-30T16:15:08.107712,17
f38caf5b-4580-4a9f-819f-f4cd3d789176,BOA,Bank of Abyssinia Mobile,com.boa.boaMobileBanking,5,fast and simple,fast and simple,2025-11-11 01:23:24,25.09.03,,,0,google_play,2025-11-30T16:15:08.107712,3
a002edef-8a3d-4867-a706-9f538a0674ed,BOA,Bank of Abyssinia Mobile,com.boa.boaMobileBanking,1,"the worst app I have ever used, I could've given 5 star if it worked properly even just for logging in and check my accounts. seemed that's impossible","the worst app i have ever used, i couldve given 5 star if it worked properly even just for logging in and check my accounts. seemed thats impossible",2024-04-28 11:27:18,,,,0,google_play,2025-11-30T16:15:08.107712,28
4cba832b-be6a-42d3-94ff-8446fbcdf1b4,BOA,Bank of Abyssinia Mobile,com.boa.boaMobileBanking,1,"why do we need to turn off ""developer options"" in order to use your app, on the new update??? Are we suppose to not use our device for other purposes just so we can use your app? It is not security it is BS. (fix that and I will update my rating)","why do we need to turn off developer options in order to use your app, on the new update??? are we suppose to not use our device for other purposes just so we can use your app? it is not security it is bs. fix that and i will update my rating",2024-05-01 14:46:56,24.04.26,,,5,google_play,2025-11-30T16:15:08.107712,52
ac7391a6-712b-424c-970d-6dba1a0dd845,BOA,Bank of Abyssinia Mobile,com.boa.boaMobileBanking,4,Overall good app but performance needs some improvement also sometimes when using instant other bank transfers it refuses causing to be repeated several times to transfer,overall good app but performance needs some improvement also sometimes when using instant other bank transfers it refuses causing to be repeated several times to transfer,2024-10-04 22:34:24,24.07.04,,,1,google_play,2025-11-30T16:15:08.107712,26
1901236c-37ec-495a-a51a-bc8f471424ce,BOA,Bank of Abyssinia Mobile,com.boa.boaMobileBanking,5,The poorest mobile banking I have seen in the industry. Is not stable to login and post transactions. Is not attractive. Error reports frequently.,the poorest mobile banking i have seen in the industry. is not stable to login and post transactions. is not attractive. error reports frequently.,2024-06-13 11:42:15,24.05.07,,,256,google_play,2025-11-30T16:15:08.107712,24
4587385c-78c9-4310-b8aa-da0bce565a91,BOA,Bank of Abyssinia Mobile,com.boa.boaMobileBanking,5,it needs a timely update,it needs a timely update,2025-10-03 08:39:36,25.09.03,,,0,google_play,2025-11-30T16:15:08.107712,5
cdc789cd-c2e6-415e-906f-0bde3fa850b1,BOA,Bank of Abyssinia Mobile,com.boa.boaMobileBanking,5,an exceptional banking app.,an exceptional banking app.,2025-10-16 08:51:09,25.09.03,,,0,google_play,2025-11-30T16:15:08.107712,4
147dc910-f84e-4950-9cd0-a6ce1ca0b070,BOA,Bank of Abyssinia Mobile,com.boa.boaMobileBanking,4,office branches have to improve their services please,office branches have to improve their services please,2025-10-07 06:22:58,25.09.03,,,0,google_play,2025-11-30T16:15:08.107712,8
1f73f73b-a5e4-4114-a45d-992a360ebb87,BOA,Bank of Abyssinia Mobile,com.boa.boaMobileBanking,1,very very lazy app,very very lazy app,2025-10-26 21:12:22,25.09.03,,,0,google_play,2025-11-30T16:15:08.107712,4
493dc1a0-1d88-4d43-93ab-9b3c9d7426d9,BOA,Bank of Abyssinia Mobile,com.boa.boaMobileBanking,5,Meet you genuine.App I tried is not functional.Helping.welldoingwith BOA Ethiopia .fastandrelevant.morconnecting Digitalyworld.Digitalyworld. thanks.,meet you genuine.app i tried is not functional.helping.welldoingwith boa ethiopia .fastandrelevant.morconnecting digitalyworld.digitalyworld. thanks.,2025-11-08 10:18:43,,,,0,google_play,2025-11-30T16:15:08.107712,13
30d3f026-6e12-4489-b166-79a8bf9ed9b7,BOA,Bank of Abyssinia Mobile,com.boa.boaMobileBanking,1,"I tried it with different phones, it only worked for about a week and then it stopped working. It needs some serious work.","i tried it with different phones, it only worked for about a week and then it stopped working. it needs some serious work.",2024-04-25 15:02:58,24.04.22,,,10,google_play,2025-11-30T16:15:08.107712,23
14d8c41d-2533-40c1-97f2-7df99a3d3a44,BOA,Bank of Abyssinia Mobile,com.boa.boaMobileBanking,2,since the last update i can open the app crashes a lot and omg its being very slow opening and loading,since the last update i can open the app crashes a lot and omg its being very slow opening and loading,2025-09-15 16:14:20,,,,0,google_play,2025-11-30T16:15:08.107712,21
7481b511-72a1-4592-8087-c029fc656e67,BOA,Bank of Abyssinia Mobile,com.boa.boaMobileBanking,1,"most of bank apps in Ethiopia are linked with ethiopian phone number, I live in US permanently so when I open BoA account, I told them where I live and to link it with email address instead of phone # as ethio phone number is not working where I live, unfortunetly my fear appeared and now when I change my phone device, it send the code to the ethio number which is not with me now. so please when u develop bank apps consider the diaspora community to use ur apps","most of bank apps in ethiopia are linked with ethiopian phone number, i live in us permanently so when i open boa account, i told them where i live and to link it with email address instead of phone as ethio phone number is not working where i live, unfortunetly my fear appeared and now when i change my phone device, it send the code to the ethio number which is not with me now. so please when u develop bank apps consider the diaspora community to use ur apps",2025-10-01 14:30:39,25.05.03,,,0,google_play,2025-11-30T16:15:08.107712,90
83270146-a02f-4b96-a30e-f056b6b2acc5,BOA,Bank of Abyssinia Mobile,com.boa.boaMobileBanking,1,It is very bad app. not friendly usable. needs extremely strong network. Can't be updated easily.,it is very bad app. not friendly usable. needs extremely strong network. cant be updated easily.,2024-02-21 14:06:23,,"We apologize for your bad experience, please contact us through our toll-free number 8397.",2024-02-22 13:44:36,0,google_play,2025-11-30T16:15:08.107712,16
169b6d5b-b5df-4a42-9168-ce968142da5b,BOA,Bank of Abyssinia Mobile,com.boa.boaMobileBanking,3,Has some nice interface but always freezes or slow to load .App developers please fix this issue.,has some nice interface but always freezes or slow to load .app developers please fix this issue.,2024-10-27 21:37:31,24.09.30,,,11,google_play,2025-11-30T16:15:08.107712,17
29aa3b3c-e4c7-41c7-bbb1-5d514633c307,BOA,Bank of Abyssinia Mobile,com.boa.boaMobileBanking,1,"Worst app. It is wise to invest money and you can make it like CBE app. Even the incon has no image. My app has better UI than yours. So, please invest more and hire professional developer companies and improve it.","worst app. it is wise to invest money and you can make it like cbe app. even the incon has no image. my app has better ui than yours. so, please invest more and hire professional developer companies and improve it.",2024-07-18 10:45:25,,,,0,google_play,2025-11-30T16:15:08.107712,41
5caae1bf-1a44-4370-8c45-19b8c0481d65,BOA,Bank of Abyssinia Mobile,com.boa.boaMobileBanking,1,it sucks as hell. it crashes most of the time and takes a long time to load .,it sucks as hell. it crashes most of the time and takes a long time to load .,2025-07-03 02:31:08,25.05.03,,,3,google_play,2025-11-30T16:15:08.107712,18
aabe78f9-ca3d-4512-a1bc-68ff67518b8d,BOA,Bank of Abyssinia Mobile,com.boa.boaMobileBanking,1,App needs a lot of work. It continuously crashes and shuts down.,app needs a lot of work. it continuously crashes and shuts down.,2024-04-30 19:31:00,24.04.26,,,7,google_play,2025-11-30T16:15:08.107712,12
f467c327-ab9b-4e79-8d97-2e1b573f6c98,BOA,Bank of Abyssinia Mobile,com.boa.boaMobileBanking,1,"I love BoA more than anyone but they are cursed when it comed to mobile banking. Even though this ine is hetter it still s*cks! It will ask me to turn off developer options other wise it won't work! I use CBE, Awash birr, tekebirr, Dashen bank and others but non of them asked me this, why only BoA? Please improve your mobile banking, be competitive!","i love boa more than anyone but they are cursed when it comed to mobile banking. even though this ine is hetter it still scks! it will ask me to turn off developer options other wise it wont work! i use cbe, awash birr, tekebirr, dashen bank and others but non of them asked me this, why only boa? please improve your mobile banking, be competitive!",2024-12-19 04:02:34,24.11.22,,,10,google_play,2025-11-30T16:15:08.107712,66
0ce9923a-bcad-4b3a-a73d-2af80ed12dcb,BOA,Bank of Abyssinia Mobile,com.boa.boaMobileBanking,1,Wow! what a disgrace for BOA. The app barely works. Too slow and always returns error.,wow! what a disgrace for boa. the app barely works. too slow and always returns error.,2024-06-03 22:56:20,24.05.07,,,5,google_play,2025-11-30T16:15:08.107712,16
a7249a34-f5f8-455e-8f33-7a1acc03ce90,BOA,Bank of Abyssinia Mobile,com.boa.boaMobileBanking,3,"Was working ok.but it started not displaying banks list to choose from, and it needs updating every couple of days, annoying","was working ok.but it started not displaying banks list to choose from, and it needs updating every couple of days, annoying",2024-05-03 06:39:03,,,,0,google_play,2025-11-30T16:15:08.107712,21
cb36493e-3bbd-476c-82a6-88278d2ea490,BOA,Bank of Abyssinia Mobile,com.boa.boaMobileBanking,2,I love boa but the mobile app isn't as good as the older version when the app gets update it gets worse and worse it doesn't even work..fix the issue with that,i love boa but the mobile app isnt as good as the older version when the app gets update it gets worse and worse it doesnt even work..fix the issue with that,2024-04-28 13:20:40,24.04.22,,,13,google_play,2025-11-30T16:15:08.107712,32
c9f8ff21-b8d1-400f-bb94-c98399a25ad5,BOA,Bank of Abyssinia Mobile,com.boa.boaMobileBanking,1,"The bug is still there,the app crashes every time i try to log in, especially in old phones like my Galaxy A32","the bug is still there,the app crashes every time i try to log in, especially in old phones like my galaxy a32",2025-03-10 18:11:15,,,,1,google_play,2025-11-30T16:15:08.107712,22
612a0e01-ba70-498b-a331-e93ce6adfce0,BOA,Bank of Abyssinia Mobile,com.boa.boaMobileBanking,1,"Take some note from CBE mobile banking app, it's the best banking app currently take some note and improve ur app . Sometimes u have to learn from the bests 🙌","take some note from cbe mobile banking app, its the best banking app currently take some note and improve ur app . sometimes u have to learn from the bests",2024-08-03 10:00:33,24.07.04,,,2,google_play,2025-11-30T16:15:08.107712,30
87154fba-12e2-4d6c-a471-dca084f7febf,BOA,Bank of Abyssinia Mobile,com.boa.boaMobileBanking,5,It is really great to see you have solved some of the problems with the previous version. Thank you for taking time to improve.,it is really great to see you have solved some of the problems with the previous version. thank you for taking time to improve.,2024-01-24 13:03:22,24.01.09,,,87,google_play,2025-11-30T16:15:08.107712,24
bd5bf3e9-1b1c-4019-b088-d4a965b8a6b3,BOA,Bank of Abyssinia Mobile,com.boa.boaMobileBanking,2,After recent update the app keeps asking to disable developers options and won't let you use it unless you do.,after recent update the app keeps asking to disable developers options and wont let you use it unless you do.,2024-05-10 04:52:52,24.05.07,,,8,google_play,2025-11-30T16:15:08.107712,20
f8bb86fb-594a-48ea-be1f-d08ea0882b8e,BOA,Bank of Abyssinia Mobile,com.boa.boaMobileBanking,1,Worst App ever. Totally unreliable. And it didn't work at all for the last 4 months.,worst app ever. totally unreliable. and it didnt work at all for the last 4 months.,2025-05-18 14:36:47,25.05.03,,,12,google_play,2025-11-30T16:15:08.107712,16
fb9a7444-76cf-4f2d-a8be-72d3009a034c,BOA,Bank of Abyssinia Mobile,com.boa.boaMobileBanking,3,I was using this app for long time it amazing user friendly UI but the i can't found for get pin button in the app,i was using this app for long time it amazing user friendly ui but the i cant found for get pin button in the app,2025-01-07 10:26:17,,,,0,google_play,2025-11-30T16:15:08.107712,25
3d87e290-18b1-465e-8d58-9415ed0c6d14,BOA,Bank of Abyssinia Mobile,com.boa.boaMobileBanking,5,"Like I said before, the previous version was horrendous! I'm glad that you took time and decided to develop this awesome app. Well done!","like i said before, the previous version was horrendous! im glad that you took time and decided to develop this awesome app. well done!",2024-01-18 09:19:20,24.01.09,,,42,google_play,2025-11-30T16:15:08.107712,24
10cdcbf6-81ab-4281-8583-665788be8e91,BOA,Bank of Abyssinia Mobile,com.boa.boaMobileBanking,1,This app is not available on all android versions and some times it is not functional.,this app is not available on all android versions and some times it is not functional.,2024-11-08 12:41:15,24.09.30,,,2,google_play,2025-11-30T16:15:08.107712,16
c3f2810d-cf99-4600-90ac-bef47adb9e7a,BOA,Bank of Abyssinia Mobile,com.boa.boaMobileBanking,1,"this app, for me , is a waste of time. It doesn't work . I can't even long in, and it really piss me off. FIX THE PROBLEM","this app, for me , is a waste of time. it doesnt work . i cant even long in, and it really piss me off. fix the problem",2025-05-27 20:16:27,,,,0,google_play,2025-11-30T16:15:08.107712,28
d38d6dc0-e707-45a4-a932-0b9bf5df67aa,BOA,Bank of Abyssinia Mobile,com.boa.boaMobileBanking,2,Definitly better than the privious version but this one crashes frequently and needed to put to sleep on andrioid version 9,definitly better than the privious version but this one crashes frequently and needed to put to sleep on andrioid version 9,2024-02-20 21:32:16,24.02.07,"Dear customer, we are sorry to hear you've been experiencing some crash issues. Please contact us at 8397 and share as much information as you can. We will investigate your case. Thank you!",2024-02-22 13:47:15,4,google_play,2025-11-30T16:15:08.107712,21
a1d8f400-cdcd-4bae-8ea3-c18d55ac5967,BOA,Bank of Abyssinia Mobile,com.boa.boaMobileBanking,2,No feature works correctly. Its always buffering and needs probably high data. So its useless 😏😏😏,no feature works correctly. its always buffering and needs probably high data. so its useless,2024-04-30 21:39:25,,,,0,google_play,2025-11-30T16:15:08.107712,15
94ba00d0-c2e8-4e21-9e71-af2395f2d0ca,BOA,Bank of Abyssinia Mobile,com.boa.boaMobileBanking,1,"Stop telling me what to do with my phone, BOA. Why does your newly updated app keep asking me to disable the developer options? I’m not slowing down my phone just to use your God damn app. 🤮🤮🤮🤮","stop telling me what to do with my phone, boa. why does your newly updated app keep asking me to disable the developer options? im not slowing down my phone just to use your god damn app.",2024-10-04 04:55:49,24.09.30,,,16,google_play,2025-11-30T16:15:08.107712,37
5816b056-8f44-4faf-92a4-a28efd01448b,BOA,Bank of Abyssinia Mobile,com.boa.boaMobileBanking,1,The latest update has stopped android 9 phones not to open this App. Never work properly since i started using it.,the latest update has stopped android 9 phones not to open this app. never work properly since i started using it.,2024-11-26 13:05:22,24.11.22,,,8,google_play,2025-11-30T16:15:08.107712,21
15744558-21d7-45fc-9350-705a7961b96e,BOA,Bank of Abyssinia Mobile,com.boa.boaMobileBanking,1,"Why Why Why???? it is difficult to make transactions, it takes alot of time to make payments, i thought the update will make it work, but it got worse. please fix it","why why why???? it is difficult to make transactions, it takes alot of time to make payments, i thought the update will make it work, but it got worse. please fix it",2024-04-28 12:51:47,24.04.22,,,5,google_play,2025-11-30T16:15:08.107712,32
e1cf5832-e81e-4e28-80f5-cbb7173dc54b,BOA,Bank of Abyssinia Mobile,com.boa.boaMobileBanking,1,After the recent update the application keeps crashing when I tried to open. Please fix.,after the recent update the application keeps crashing when i tried to open. please fix.,2024-03-01 21:13:09,,,,0,google_play,2025-11-30T16:15:08.107712,15
852e921a-9de5-4396-8537-910cf5896d70,BOA,Bank of Abyssinia Mobile,com.boa.boaMobileBanking,1,"I'm sorry but what kind of stupid developer thinks the app will be faster if we disable ""Developer mode""? I've never seen such degeneracy in my entire life, please get rid of this feature","im sorry but what kind of stupid developer thinks the app will be faster if we disable developer mode? ive never seen such degeneracy in my entire life, please get rid of this feature",2024-05-29 23:34:12,24.05.07,,,3,google_play,2025-11-30T16:15:08.107712,34
8f57afa4-5ed4-4db7-ab84-7b52045fa94e,BOA,Bank of Abyssinia Mobile,com.boa.boaMobileBanking,1,"I'm Sick and tiered of enabling and disabling Developer Option Everytime I use this app. maybe you know it maybe you dont, fix it please it's anoying","im sick and tiered of enabling and disabling developer option everytime i use this app. maybe you know it maybe you dont, fix it please its anoying",2024-08-26 13:15:02,24.07.04,,,4,google_play,2025-11-30T16:15:08.107712,27
a597b94a-ed3c-4fa9-a749-a23d54faa49c,BOA,Bank of Abyssinia Mobile,com.boa.boaMobileBanking,1,"Better app than most mobile apps, but why do I have to turn off developer option every time I wanna use the app?? It's annoying.","better app than most mobile apps, but why do i have to turn off developer option every time i wanna use the app?? its annoying.",2024-09-13 20:50:22,24.07.04,,,5,google_play,2025-11-30T16:15:08.107712,25
485190f3-6c28-4ba9-8be3-f589e99fd8a9,BOA,Bank of Abyssinia Mobile,com.boa.boaMobileBanking,5,I think this one is better than the prvious one much faster but try to make it more faster like nib and cbe specially nib bake their app is very nice but the bank is not anyways good job on this one,i think this one is better than the prvious one much faster but try to make it more faster like nib and cbe specially nib bake their app is very nice but the bank is not anyways good job on this one,2024-02-04 08:19:54,24.01.09,,,3,google_play,2025-11-30T16:15:08.107712,42
cd8d39d0-d8d5-438d-9d87-904ca2c98410,BOA,Bank of Abyssinia Mobile,com.boa.boaMobileBanking,1,The old version is best. This one is so lagging and it's not fast to quick transfer,the old version is best. this one is so lagging and its not fast to quick transfer,2024-04-30 05:46:32,24.04.26,,,3,google_play,2025-11-30T16:15:08.107712,17
07b686cc-bf94-4164-a731-684fa29cfb83,BOA,Bank of Abyssinia Mobile,com.boa.boaMobileBanking,1,"This is not an appropriate app, i don't know how boa develops this app, i don't expect this much crazy and un confortable app form BOA, I'm soory!!!","this is not an appropriate app, i dont know how boa develops this app, i dont expect this much crazy and un confortable app form boa, im soory!!!",2024-09-07 09:42:49,24.07.04,,,0,google_play,2025-11-30T16:15:08.107712,28
d9c98c7f-3df6-466f-a6fc-820cb281fad1,BOA,Bank of Abyssinia Mobile,com.boa.boaMobileBanking,1,"Your app doesn't match your bank, the app is disaster, super slow. Please learn something from tele birr app.","your app doesnt match your bank, the app is disaster, super slow. please learn something from tele birr app.",2024-11-19 12:12:49,24.09.30,,,5,google_play,2025-11-30T16:15:08.107712,19
fb543429-2845-474a-aab2-95e54028c607,BOA,Bank of Abyssinia Mobile,com.boa.boaMobileBanking,1,"The app keeps crashign again and again, i didn't even get to sign in. Worst update!!","the app keeps crashign again and again, i didnt even get to sign in. worst update!!",2024-05-03 09:59:07,24.04.26,,,2,google_play,2025-11-30T16:15:08.107712,16
ec8fcf0d-19d7-446f-bd1e-907f91a67b49,BOA,Bank of Abyssinia Mobile,com.boa.boaMobileBanking,1,"It's very difficult to use the user, app,ones dawenload the user can't operate well , no one can help me,","its very difficult to use the user, app,ones dawenload the user cant operate well , no one can help me,",2024-07-23 17:36:47,,,,0,google_play,2025-11-30T16:15:08.107712,20
6606f3a3-dbc9-4032-a905-37c737501776,BOA,Bank of Abyssinia Mobile,com.boa.boaMobileBanking,5,The best bank in 🇪🇹,the best bank in,2025-10-23 19:01:50,25.09.03,,,1,google_play,2025-11-30T16:15:08.107712,4
8b9c0316-a505-4e36-b2c3-844d7b9d209d,BOA,Bank of Abyssinia Mobile,com.boa.boaMobileBanking,1,"very uninterested it's not working when the ""developer mode on"" i haven't off the developer options i preferred to uninstall your app .....",very uninterested its not working when the developer mode on i havent off the developer options i preferred to uninstall your app .....,2025-06-24 11:27:26,25.05.03,,,4,google_play,2025-11-30T16:15:08.107712,23
dc3c97a2-0fe6-4a49-a2d3-9cc949380a0d,BOA,Bank of Abyssinia Mobile,com.boa.boaMobileBanking,5,Best banking transaction application in Ethiopia !,best banking transaction application in ethiopia !,2025-09-05 16:24:28,,,,0,google_play,2025-11-30T16:15:08.107712,7
ac500ef1-8d40-4c19-b862-c5f47b165e97,BOA,Bank of Abyssinia Mobile,com.boa.boaMobileBanking,1,"it almost never boots up!!! and even if it did, it crashes immediately","it almost never boots up!!! and even if it did, it crashes immediately",2025-08-15 13:12:02,25.05.03,,,1,google_play,2025-11-30T16:15:08.107712,13
eb3a8a93-a465-4992-899f-dbb1bc63fc58,BOA,Bank of Abyssinia Mobile,com.boa.boaMobileBanking,1,So unreliable i had to send money asap but this app either laggs or doesn't work such a lazy work look at how efficient tele birr is and its not even a bank,so unreliable i had to send money asap but this app either laggs or doesnt work such a lazy work look at how efficient tele birr is and its not even a bank,2024-05-02 20:13:04,,,,0,google_play,2025-11-30T16:15:08.107712,33
63a101fb-cc46-41f6-a9cc-c494cb516a50,BOA,Bank of Abyssinia Mobile,com.boa.boaMobileBanking,1,"Doesn't work properly, keeps closing won't activate any account, I wouldn't recommend downloading","doesnt work properly, keeps closing wont activate any account, i wouldnt recommend downloading",2024-05-05 18:15:19,,,,0,google_play,2025-11-30T16:15:08.107712,13
a05681a9-b69a-48b6-92c5-79a7d916bd61,BOA,Bank of Abyssinia Mobile,com.boa.boaMobileBanking,1,"need alot of connection, chooses device, very lug even when there is connection","need alot of connection, chooses device, very lug even when there is connection",2025-09-17 12:50:17,,,,0,google_play,2025-11-30T16:15:08.107712,13
3283f02f-0474-44ec-b7d6-5e90c94d88d4,BOA,Bank of Abyssinia Mobile,com.boa.boaMobileBanking,4,Awesome application. But lately its crashing everytime i opened it.,awesome application. but lately its crashing everytime i opened it.,2024-09-05 22:48:22,24.07.04,,,0,google_play,2025-11-30T16:15:08.107712,10
a434370c-550c-4ae9-adcb-7a02aea1c130,BOA,Bank of Abyssinia Mobile,com.boa.boaMobileBanking,1,I'm disappointed with the recent changes to this app. Disabling developer options for functionality seems unnecessary. The previous version offered a more user-friendly experience.,im disappointed with the recent changes to this app. disabling developer options for functionality seems unnecessary. the previous version offered a more userfriendly experience.,2024-06-06 11:20:54,24.05.07,,,33,google_play,2025-11-30T16:15:08.107712,24
06f1e24f-10fc-461b-862c-180fb9acf4f4,BOA,Bank of Abyssinia Mobile,com.boa.boaMobileBanking,1,"This app didn't work. They have a new version (new app) but still not compatible with my Samsung S8+ , which is v.funny.","this app didnt work. they have a new version new app but still not compatible with my samsung s8 , which is v.funny.",2024-07-25 11:35:54,,,,0,google_play,2025-11-30T16:15:08.107712,23
03de13ad-33e7-43da-8851-d34985274ab4,BOA,Bank of Abyssinia Mobile,com.boa.boaMobileBanking,3,"my device is not auto inserting The OTP, So keyboard should be enabled on the apps OTP login to insert OTP Manually.","my device is not auto inserting the otp, so keyboard should be enabled on the apps otp login to insert otp manually.",2024-04-02 21:30:01,24.02.07,,,2,google_play,2025-11-30T16:15:08.107712,22
4df79fbe-9e1b-4639-bb70-55903cf78fa7,BOA,Bank of Abyssinia Mobile,com.boa.boaMobileBanking,5,Not comfortable with this version. Its hard to down it load Developer option is not allowed to use it as usual.,not comfortable with this version. its hard to down it load developer option is not allowed to use it as usual.,2024-04-30 18:29:53,24.04.26,,,11,google_play,2025-11-30T16:15:08.107712,21
1c339143-79e1-4f37-9ea7-398b7844903b,BOA,Bank of Abyssinia Mobile,com.boa.boaMobileBanking,1,It keeps asking me to turn off developer mode even when dev mode is off. Couldn't use it.,it keeps asking me to turn off developer mode even when dev mode is off. couldnt use it.,2025-01-13 13:45:23,24.11.22,,,6,google_play,2025-11-30T16:15:08.107712,18
274344c5-ed35-442c-b721-645243fceb5f,BOA,Bank of Abyssinia Mobile,com.boa.boaMobileBanking,5,It closes playing audio app when it is opened . What is the solution?,it closes playing audio app when it is opened . what is the solution?,2024-04-06 11:31:47,24.02.07,,,2,google_play,2025-11-30T16:15:08.107712,14
efe89d62-85f0-453d-bc34-e71402cb2f09,BOA,Bank of Abyssinia Mobile,com.boa.boaMobileBanking,1,"Riddled with crashes, cant use it anymore. Very frustrating!","riddled with crashes, cant use it anymore. very frustrating!",2024-06-20 13:18:55,24.05.07,,,3,google_play,2025-11-30T16:15:08.107712,9
97962b52-3681-4d3a-a061-62e0e4f13ba2,BOA,Bank of Abyssinia Mobile,com.boa.boaMobileBanking,1,This app isn't working well on Tecno phone 📱. what is the error??,this app isnt working well on tecno phone . what is the error??,2024-04-29 14:36:18,24.04.26,,,3,google_play,2025-11-30T16:15:08.107712,13
d466304b-a933-47cd-b217-92a6a7deff41,BOA,Bank of Abyssinia Mobile,com.boa.boaMobileBanking,3,I used to access my Apollo account through the app before the update but now i can't access my Apollo account through this app and for me this is a step taken backwards!!!!!,i used to access my apollo account through the app before the update but now i cant access my apollo account through this app and for me this is a step taken backwards!!!!!,2024-02-22 11:08:21,24.02.07,,,2,google_play,2025-11-30T16:15:08.107712,33
6dd324c1-79ef-4935-9c87-ad0fd8fd1635,BOA,Bank of Abyssinia Mobile,com.boa.boaMobileBanking,1,it is not working on redminote 11 pro+ pls fix it,it is not working on redminote 11 pro pls fix it,2025-08-08 06:03:06,25.05.03,,,1,google_play,2025-11-30T16:15:08.107712,11
3980b4ed-4190-4d89-b8ba-e8bdc3789d31,BOA,Bank of Abyssinia Mobile,com.boa.boaMobileBanking,1,Preventing login because I have developer options on is not security. Moved all my money somewhere else because I just didn't wanna deal with it,preventing login because i have developer options on is not security. moved all my money somewhere else because i just didnt wanna deal with it,2024-05-11 09:30:55,24.05.07,,,7,google_play,2025-11-30T16:15:08.107712,25
6f08a7e9-d374-4337-aa1c-929bc4157b1b,BOA,Bank of Abyssinia Mobile,com.boa.boaMobileBanking,1,When are you going to get rid of this and have a real app that works? By far the worst mobile banking app.,when are you going to get rid of this and have a real app that works? by far the worst mobile banking app.,2024-12-24 04:27:54,24.11.22,,,2,google_play,2025-11-30T16:15:08.107712,23
6c01b8b7-76b7-4f56-a822-bdf7674d30a0,BOA,Bank of Abyssinia Mobile,com.boa.boaMobileBanking,1,በጣም የሚያስጠላ አፕ በጣም የወረደ ዜሮ ነው የምሰጠው ዘሮ It's not App it's very slow ehhhh. Why don't you upgrade the app???? It's always zero,its not app its very slow ehhhh. why dont you upgrade the app???? its always zero,2025-01-18 11:33:28,24.11.22,,,5,google_play,2025-11-30T16:15:08.107712,16
1920d8a2-4e03-4818-8a69-7c17c565ae75,BOA,Bank of Abyssinia Mobile,com.boa.boaMobileBanking,3,When I try to use the application it says 'developer setting should be off' where is the setting to off this play Still doesn't work for me,when i try to use the application it says developer setting should be off where is the setting to off this play still doesnt work for me,2024-07-24 09:27:07,24.04.26,,,1,google_play,2025-11-30T16:15:08.107712,27
60c1c945-fc5c-4773-90ef-9be586aba2ce,BOA,Bank of Abyssinia Mobile,com.boa.boaMobileBanking,1,the new updated app exception handling for connection fluctuations is so exhausting which lead users to login repeated times.,the new updated app exception handling for connection fluctuations is so exhausting which lead users to login repeated times.,2024-04-20 10:46:28,,,,0,google_play,2025-11-30T16:15:08.107712,19
2a2d15cb-06ba-425c-a417-2f020e552505,BOA,Bank of Abyssinia Mobile,com.boa.boaMobileBanking,1,Crashes very frequently is not stable overall need improvement such a huge bank needs a better app than the current one,crashes very frequently is not stable overall need improvement such a huge bank needs a better app than the current one,2024-07-19 08:35:32,24.05.07,,,1,google_play,2025-11-30T16:15:08.107712,21
758affdf-42d5-466d-a18e-4c4bbeb738fd,BOA,Bank of Abyssinia Mobile,com.boa.boaMobileBanking,1,"This app has become the most troubling every day. It doesn't work. I love the bank, and I hate the app","this app has become the most troubling every day. it doesnt work. i love the bank, and i hate the app",2024-07-31 08:01:07,24.07.04,,,2,google_play,2025-11-30T16:15:08.107712,21
93f8ce6e-057d-408e-9856-17dd32defbf9,BOA,Bank of Abyssinia Mobile,com.boa.boaMobileBanking,1,"This has to be your worst app ever, damm so many bugs and it lags so baddd. Please fix it","this has to be your worst app ever, damm so many bugs and it lags so baddd. please fix it",2024-04-12 11:01:41,24.02.07,,,2,google_play,2025-11-30T16:15:08.107712,20
63308cb6-0ae2-4740-afd6-6ef45c6ec630,BOA,Bank of Abyssinia Mobile,com.boa.boaMobileBanking,1,It keep making me out and crash when i open the app and not working properly,it keep making me out and crash when i open the app and not working properly,2024-05-02 08:11:41,24.04.26,,,2,google_play,2025-11-30T16:15:08.107712,16
4c435948-feb8-4692-9f0d-3f864a03abbb,BOA,Bank of Abyssinia Mobile,com.boa.boaMobileBanking,1,Overrated service and recently glitching service system not being able to withdraw funds.,overrated service and recently glitching service system not being able to withdraw funds.,2024-02-26 11:58:32,24.02.07,,,1,google_play,2025-11-30T16:15:08.107712,13
902acd07-730a-4eb7-a139-09ae29e7d800,BOA,Bank of Abyssinia Mobile,com.boa.boaMobileBanking,1,"It's good app but the system is not same as CBE bankin mobile When i compare To these apps BOA and CBE, CBE is the best up","its good app but the system is not same as cbe bankin mobile when i compare to these apps boa and cbe, cbe is the best up",2024-05-01 07:19:37,24.04.26,,,1,google_play,2025-11-30T16:15:08.107712,27
248376cc-09ca-4121-92f9-f1502ecf7de2,BOA,Bank of Abyssinia Mobile,com.boa.boaMobileBanking,5,It was good and more secured mb app but this new version apk i can't find it on play store will you tell me what i have too do ...please,it was good and more secured mb app but this new version apk i cant find it on play store will you tell me what i have too do ...please,2024-02-19 05:58:40,24.02.07,,,3,google_play,2025-11-30T16:15:08.107712,30
9016c943-3652-41d4-8c06-aa81aa1cbd95,BOA,Bank of Abyssinia Mobile,com.boa.boaMobileBanking,1,BOA Mobile banking is hard to deal with. Very poor app never gets better it keep lagging,boa mobile banking is hard to deal with. very poor app never gets better it keep lagging,2024-02-12 07:16:21,24.02.07,,,3,google_play,2025-11-30T16:15:08.107712,17
94ef86ef-6437-4c31-96c5-efeb7f32829f,BOA,Bank of Abyssinia Mobile,com.boa.boaMobileBanking,1,i would have given it a lower if it was possible because it crush so much and it take the bank so long to fix the bug,i would have given it a lower if it was possible because it crush so much and it take the bank so long to fix the bug,2025-04-08 09:12:19,25.03.07,,,7,google_play,2025-11-30T16:15:08.107712,27
cfe884a2-ee43-4d34-9e1a-a49529f5a5c0,BOA,Bank of Abyssinia Mobile,com.boa.boaMobileBanking,2,It crash repeatedly! Try to make it more stable for customers need meet!,it crash repeatedly! try to make it more stable for customers need meet!,2024-05-07 19:47:48,24.04.26,,,1,google_play,2025-11-30T16:15:08.107712,13
73ce76e4-b7a2-4ed8-b6fd-f9b388bdb4a6,BOA,Bank of Abyssinia Mobile,com.boa.boaMobileBanking,5,what awesome apps. it is very simple to use and more much important apps.,what awesome apps. it is very simple to use and more much important apps.,2025-03-09 09:34:30,,,,2,google_play,2025-11-30T16:15:08.107712,14
bd509db9-9cea-4b04-8776-6aaad5914a84,BOA,Bank of Abyssinia Mobile,com.boa.boaMobileBanking,1,The app is not showing my balance or any transaction it is like corrupted showing usd amounts,the app is not showing my balance or any transaction it is like corrupted showing usd amounts,2024-04-13 16:21:44,24.02.07,,,1,google_play,2025-11-30T16:15:08.107712,17
9f294b45-c788-4b0b-8e0b-716dd47b5ff1,BOA,Bank of Abyssinia Mobile,com.boa.boaMobileBanking,1,Just use other banks if you want a good mobile app. CBE is 40X faster and safe than this app.,just use other banks if you want a good mobile app. cbe is 40x faster and safe than this app.,2024-03-23 14:52:55,24.02.07,,,1,google_play,2025-11-30T16:15:08.107712,20
d77a87f6-2a20-4b6b-b7fa-acbb3d19b636,BOA,Bank of Abyssinia Mobile,com.boa.boaMobileBanking,3,Make it easy and convienient to use and perfect for all to high prefrence and choice.,make it easy and convienient to use and perfect for all to high prefrence and choice.,2025-02-07 07:28:37,24.11.22,,,2,google_play,2025-11-30T16:15:08.107712,16
df4d9c87-1a87-4a1d-8900-581c52470725,BOA,Bank of Abyssinia Mobile,com.boa.boaMobileBanking,1,A painfully slow banking app service. Please don't make it your choice!,a painfully slow banking app service. please dont make it your choice!,2024-10-13 08:08:25,24.09.30,,,0,google_play,2025-11-30T16:15:08.107712,12
12db3782-541a-4c67-bec1-74bfe38c33f9,BOA,Bank of Abyssinia Mobile,com.boa.boaMobileBanking,1,"It says ""Something is wrong with your internet banking user, go to your nearest branch"" It hasn't been working since April 13.","it says something is wrong with your internet banking user, go to your nearest branch it hasnt been working since april 13.",2024-04-22 21:29:31,24.04.22,,,1,google_play,2025-11-30T16:15:08.107712,22
fecff9eb-a424-47c7-9fc8-e4c0898f2be8,BOA,Bank of Abyssinia Mobile,com.boa.boaMobileBanking,1,"The worst mob app i have ever seen. Slow, uncomfortable and stupid. It is better to learn from the best app (tele birr). The released updates is even worst.","the worst mob app i have ever seen. slow, uncomfortable and stupid. it is better to learn from the best app tele birr. the released updates is even worst.",2024-06-11 07:19:35,24.05.07,,,38,google_play,2025-11-30T16:15:08.107712,29
71de52ad-6768-4693-a021-6b95821d75fe,BOA,Bank of Abyssinia Mobile,com.boa.boaMobileBanking,1,Please focus on the functionality of the app instead of spending money on the advertisements.,please focus on the functionality of the app instead of spending money on the advertisements.,2024-05-01 06:56:28,,,,0,google_play,2025-11-30T16:15:08.107712,15
3cc9d24d-ace9-45a4-a843-7750c0babd8d,BOA,Bank of Abyssinia Mobile,com.boa.boaMobileBanking,1,"It's not functional at all. It keeps saying ""error"". Unable to activate.",its not functional at all. it keeps saying error. unable to activate.,2024-07-13 11:39:40,24.07.04,,,1,google_play,2025-11-30T16:15:08.107712,12
7f00e003-f4e4-49e1-bdd1-16c71454d8ea,BOA,Bank of Abyssinia Mobile,com.boa.boaMobileBanking,1,It's not working. It needs a big update. Can't you update the app quickly?,its not working. it needs a big update. cant you update the app quickly?,2024-09-14 14:09:31,24.07.04,,,0,google_play,2025-11-30T16:15:08.107712,14
f9b5767d-f81c-47dd-ab84-54e11c138e08,BOA,Bank of Abyssinia Mobile,com.boa.boaMobileBanking,1,It keeps clashing down What a crass stupid app is this... You forced me to update after I transferred money and now I can't open it,it keeps clashing down what a crass stupid app is this... you forced me to update after i transferred money and now i cant open it,2024-05-03 03:40:48,24.04.26,,,2,google_play,2025-11-30T16:15:08.107712,26
6d67dca3-b643-462f-bfac-f49811eb1473,BOA,Bank of Abyssinia Mobile,com.boa.boaMobileBanking,1,It usually crashes and unable to process also it request to off the developer options,it usually crashes and unable to process also it request to off the developer options,2024-07-05 20:21:32,24.07.04,,,5,google_play,2025-11-30T16:15:08.107712,15
ac6715ed-80bf-4720-8893-cd6f0340c82c,BOA,Bank of Abyssinia Mobile,com.boa.boaMobileBanking,1,"The most useless app, I never expected such an irrelevant app from BOA. big shame!","the most useless app, i never expected such an irrelevant app from boa. big shame!",2024-11-04 09:45:20,24.09.30,,,0,google_play,2025-11-30T16:15:08.107712,15
d3a4d1b9-9b82-4760-bd5d-ae4fd3232750,BOA,Bank of Abyssinia Mobile,com.boa.boaMobileBanking,1,Always slow and doesn't work on weekends if you are in a rush or a merchant this app is not for you,always slow and doesnt work on weekends if you are in a rush or a merchant this app is not for you,2024-07-23 17:53:32,,,,0,google_play,2025-11-30T16:15:08.107712,22
e52a6ccb-dc16-472c-84ef-2969c08a9318,BOA,Bank of Abyssinia Mobile,com.boa.boaMobileBanking,1,"It can't actively on initialization, it says incorrect OTP getting the exact OTP","it cant actively on initialization, it says incorrect otp getting the exact otp",2025-03-29 12:29:38,25.03.07,,,4,google_play,2025-11-30T16:15:08.107712,13
f855dd9e-3276-46ef-b9ee-22fd47e91e7a,BOA,Bank of Abyssinia Mobile,com.boa.boaMobileBanking,1,Always there a problem with this app it says check your connection while connected 😞,always there a problem with this app it says check your connection while connected,2024-03-09 13:38:49,24.02.07,,,2,google_play,2025-11-30T16:15:08.107712,14
a98b2177-e8cf-4818-aa1b-82a1e80df07b,BOA,Bank of Abyssinia Mobile,com.boa.boaMobileBanking,1,The app is constantly crashing and freezing when to send to BOA customers' accounts.,the app is constantly crashing and freezing when to send to boa customers accounts.,2024-07-15 11:56:57,24.07.04,,,1,google_play,2025-11-30T16:15:08.107712,14
680449bd-79a5-4fd7-a4ab-67db9ba11308,BOA,Bank of Abyssinia Mobile,com.boa.boaMobileBanking,1,UGH 🤮🤮🤮 they are super calculative when it CM 2 Mobile-banking or any online stuff. If ur degital!! better chose other bank.,ugh they are super calculative when it cm 2 mobilebanking or any online stuff. if ur degital!! better chose other bank.,2024-05-09 00:27:11,24.05.07,,,1,google_play,2025-11-30T16:15:08.107712,21
06b0b75a-3c54-4f86-822f-a84022fe260d,BOA,Bank of Abyssinia Mobile,com.boa.boaMobileBanking,5,"""The choice for all"" It is interesting app,The old one was time spent to open the app. I am with you BoA.","the choice for all it is interesting app,the old one was time spent to open the app. i am with you boa.",2024-02-03 09:30:56,24.01.09,,,4,google_play,2025-11-30T16:15:08.107712,22
dbd9dbf2-47ee-4103-8631-cd0ef79f4344,BOA,Bank of Abyssinia Mobile,com.boa.boaMobileBanking,1,Bad app . it stuck when you open and noting WORKS.,bad app . it stuck when you open and noting works.,2025-04-23 13:16:20,25.03.07,,,2,google_play,2025-11-30T16:15:08.107712,11
b9b684de-8146-46ae-b1fa-8f07272c6fd2,BOA,Bank of Abyssinia Mobile,com.boa.boaMobileBanking,3,"Easy and sooo simple to use it, also its easy to stole someones money using the app","easy and sooo simple to use it, also its easy to stole someones money using the app",2024-12-16 11:02:26,24.07.04,,,0,google_play,2025-11-30T16:15:08.107712,17
441a4d3b-2ca8-437d-a583-d210f393aef2,BOA,Bank of Abyssinia Mobile,com.boa.boaMobileBanking,1,It takes a very long time to log in please fix,it takes a very long time to log in please fix,2024-05-08 17:49:32,,,,0,google_play,2025-11-30T16:15:08.107712,11
180bed10-eda6-4491-84cf-93d55ff8d92c,BOA,Bank of Abyssinia Mobile,com.boa.boaMobileBanking,1,This app is incredibly frustrating to use. It’s filled with issues that make it difficult to navigate and complete tasks efficiently. I’ve never encountered such a poorly designed banking application before. It needs significant improvements to enhance user experience. It deserves a vey low rating.,this app is incredibly frustrating to use. its filled with issues that make it difficult to navigate and complete tasks efficiently. ive never encountered such a poorly designed banking application before. it needs significant improvements to enhance user experience. it deserves a vey low rating.,2024-09-26 20:13:35,,,,10,google_play,2025-11-30T16:15:08.107712,45
e960ae7a-6e14-47e3-83d2-2d9b3f666a01,BOA,Bank of Abyssinia Mobile,com.boa.boaMobileBanking,1,it can't even open and only display error messages,it cant even open and only display error messages,2024-07-27 20:01:32,24.07.04,,,1,google_play,2025-11-30T16:15:08.107712,9
e7d9dbf1-9ba4-4164-b56e-9e2e3fbc251d,BOA,Bank of Abyssinia Mobile,com.boa.boaMobileBanking,5,The app got a better features and easy to use.,the app got a better features and easy to use.,2024-02-20 07:50:52,24.02.07,Thank you very much. Keep using our app,2024-02-22 13:51:03,11,google_play,2025-11-30T16:15:08.107712,10
1197ad29-5063-4999-888c-589582754caa,BOA,Bank of Abyssinia Mobile,com.boa.boaMobileBanking,1,"after activated the application it not allowed to sign , automatically it is turn off In my phone, why ?","after activated the application it not allowed to sign , automatically it is turn off in my phone, why ?",2025-03-31 22:55:06,,,,0,google_play,2025-11-30T16:15:08.107712,20
f9a519e3-62d8-4821-b055-0394689b74c1,BOA,Bank of Abyssinia Mobile,com.boa.boaMobileBanking,5,The receipt download option is very convenient.,the receipt download option is very convenient.,2024-02-22 12:26:11,24.02.07,"Dear customer, thank you very much for your feedback.",2024-02-22 13:40:34,6,google_play,2025-11-30T16:15:08.107712,7
c10f6f0d-46bb-44fa-893b-c951985d5f00,BOA,Bank of Abyssinia Mobile,com.boa.boaMobileBanking,3,Hello is this new update cuz it keeps kicking me out!!!!! can't make a transaction fr!,hello is this new update cuz it keeps kicking me out!!!!! cant make a transaction fr!,2024-04-30 10:37:33,24.04.26,,,1,google_play,2025-11-30T16:15:08.107712,16
7313638c-9cf3-4059-a8f8-9876ef72fe46,BOA,Bank of Abyssinia Mobile,com.boa.boaMobileBanking,5,More interactive and easy to use mobile app👌,more interactive and easy to use mobile app,2024-02-29 08:50:09,24.02.07,,,8,google_play,2025-11-30T16:15:08.107712,8
c22c687c-b43d-418d-bd9a-c534c12bdee4,BOA,Bank of Abyssinia Mobile,com.boa.boaMobileBanking,1,"I mean how could a big financial company like this, be this much irresponsible to release this app? You should be ashamed!","i mean how could a big financial company like this, be this much irresponsible to release this app? you should be ashamed!",2024-08-06 17:12:53,,,,0,google_play,2025-11-30T16:15:08.107712,22
fd0910c4-1fae-48fc-96f7-25718e85b3e0,BOA,Bank of Abyssinia Mobile,com.boa.boaMobileBanking,1,I couldn't transfer because of bug's its annoying for a bank app nots acceptable,i couldnt transfer because of bugs its annoying for a bank app nots acceptable,2024-03-15 16:10:04,,,,0,google_play,2025-11-30T16:15:08.107712,14
2a81adc8-d244-4af5-b5fe-5f1d6539593c,BOA,Bank of Abyssinia Mobile,com.boa.boaMobileBanking,5,Boa is the best app but Please Clear Instant or Not instant option of send money be for Asked !!!,boa is the best app but please clear instant or not instant option of send money be for asked !!!,2024-04-24 21:40:38,,,,1,google_play,2025-11-30T16:15:08.107712,20
baad5c11-63e6-4b64-9006-c4cb1481036d,BOA,Bank of Abyssinia Mobile,com.boa.boaMobileBanking,1,I can't type my otp on it.,i cant type my otp on it.,2025-10-01 17:42:50,25.09.03,,,0,google_play,2025-11-30T16:15:08.107712,7
d54d6e7a-8acd-45c3-a479-8b7fcc4ce671,BOA,Bank of Abyssinia Mobile,com.boa.boaMobileBanking,1,"Very slow response , try to some updates in the application","very slow response , try to some updates in the application",2024-04-27 02:02:30,24.04.22,,,2,google_play,2025-11-30T16:15:08.107712,11
34a273e0-e131-497b-8d8d-0884c3c77aa6,BOA,Bank of Abyssinia Mobile,com.boa.boaMobileBanking,1,Soo many bugs on this app I haven't been able to use it since I installed it very bad,soo many bugs on this app i havent been able to use it since i installed it very bad,2024-05-03 14:21:32,24.04.22,,,9,google_play,2025-11-30T16:15:08.107712,19
f3e8b3d1-1c97-4b9f-9d34-1f6c18b340f1,BOA,Bank of Abyssinia Mobile,com.boa.boaMobileBanking,1,I can't use the app unless I turn off developer mode?? What kind of stupid rule is that?? The worst experience for a banking app!!,i cant use the app unless i turn off developer mode?? what kind of stupid rule is that?? the worst experience for a banking app!!,2024-05-26 09:09:00,,,,1,google_play,2025-11-30T16:15:08.107712,25
3e8a43b7-e4a5-4ba0-850e-332a7dad3a24,BOA,Bank of Abyssinia Mobile,com.boa.boaMobileBanking,1,has issue after installation and i think it doesn't work with tecno common 30,has issue after installation and i think it doesnt work with tecno common 30,2025-08-26 14:05:33,,,,0,google_play,2025-11-30T16:15:08.107712,14
35179040-fff3-4a61-9e55-e1efe7624022,BOA,Bank of Abyssinia Mobile,com.boa.boaMobileBanking,1,It has become the most unreliable mibile banking app ever.,it has become the most unreliable mibile banking app ever.,2024-06-16 10:23:01,24.05.07,,,1,google_play,2025-11-30T16:15:08.107712,10
c82b872b-22fe-4419-a039-ff981cd2a2eb,BOA,Bank of Abyssinia Mobile,com.boa.boaMobileBanking,5,User friendly at it's best with the best security option.,user friendly at its best with the best security option.,2024-02-24 09:11:28,24.02.07,,,4,google_play,2025-11-30T16:15:08.107712,10
7df9c4ae-8892-42c6-bd56-42308119c67f,BOA,Bank of Abyssinia Mobile,com.boa.boaMobileBanking,5,Only problem is often it has connectivity issues.,only problem is often it has connectivity issues.,2024-04-23 07:07:02,24.04.22,,,2,google_play,2025-11-30T16:15:08.107712,8
7c0961f2-7a44-49cd-b91b-a7edfc129349,BOA,Bank of Abyssinia Mobile,com.boa.boaMobileBanking,5,More easy and secure fast app than previous one,more easy and secure fast app than previous one,2024-02-08 15:53:42,24.02.07,,,4,google_play,2025-11-30T16:15:08.107712,9
9bea391b-234f-439d-a844-47d0c839a89a,BOA,Bank of Abyssinia Mobile,com.boa.boaMobileBanking,5,Fast and suitable for the customers.,fast and suitable for the customers.,2025-01-04 06:16:44,,,,1,google_play,2025-11-30T16:15:08.107712,6
f4b63e31-2da1-40e8-acf5-fdb0a6e0b1a0,BOA,Bank of Abyssinia Mobile,com.boa.boaMobileBanking,4,It's easy used to operate program and secured 👍👍,its easy used to operate program and secured,2024-09-25 15:00:21,24.07.04,,,4,google_play,2025-11-30T16:15:08.107712,8
df95b4c9-3d7c-4d51-ae6b-000f4bb05b20,BOA,Bank of Abyssinia Mobile,com.boa.boaMobileBanking,1,Very laggy un able to make transactions Fix it,very laggy un able to make transactions fix it,2024-05-10 07:33:04,,,,0,google_play,2025-11-30T16:15:08.107712,9
3413f38f-a74b-4ab9-b793-4a14bf47b008,BOA,Bank of Abyssinia Mobile,com.boa.boaMobileBanking,1,"The worst mobile banking app, doesn't even work for a week properly.","the worst mobile banking app, doesnt even work for a week properly.",2024-05-14 23:55:51,24.05.07,,,1,google_play,2025-11-30T16:15:08.107712,12
538d4305-bead-4891-bbde-4d719e7b8545,BOA,Bank of Abyssinia Mobile,com.boa.boaMobileBanking,1,Very bad app as always bothering any transaction processes.,very bad app as always bothering any transaction processes.,2024-05-03 19:01:46,24.04.26,,,2,google_play,2025-11-30T16:15:08.107712,9
9917233c-933c-444f-b986-e97d3fe0f682,BOA,Bank of Abyssinia Mobile,com.boa.boaMobileBanking,1,the worst app in my financial experience.,the worst app in my financial experience.,2025-10-22 12:13:16,25.09.03,,,0,google_play,2025-11-30T16:15:08.107712,7
29295b2c-ebe8-4dfe-9cd3-c3a5806b810b,BOA,Bank of Abyssinia Mobile,com.boa.boaMobileBanking,5,good for mb appliciation,good for mb appliciation,2025-10-21 16:22:18,25.09.03,,,0,google_play,2025-11-30T16:15:08.107712,4
8e591a54-f305-4788-a38b-56b2293a2b77,BOA,Bank of Abyssinia Mobile,com.boa.boaMobileBanking,1,The worst mobile banking app like the previous one. How long it would take for BOA to develop a good app?????? Years or decades?,the worst mobile banking app like the previous one. how long it would take for boa to develop a good app?????? years or decades?,2024-03-04 13:58:27,24.02.07,,,1,google_play,2025-11-30T16:15:08.107712,24
c8c1d8d1-5304-4e81-a052-f7437a7b341e,BOA,Bank of Abyssinia Mobile,com.boa.boaMobileBanking,1,"Is this app fake i try it not working it say please try again later, unable to make transactions what is the purpose of this app . If it is not working delete it","is this app fake i try it not working it say please try again later, unable to make transactions what is the purpose of this app . if it is not working delete it",2024-07-25 22:24:26,,,,0,google_play,2025-11-30T16:15:08.107712,34
8c12373b-e19d-494f-8506-a54490d9709b,BOA,Bank of Abyssinia Mobile,com.boa.boaMobileBanking,1,I don't know why but your apps start out great then all of a sudden don't work🤷‍♀️,i dont know why but your apps start out great then all of a sudden dont work,2024-11-28 09:44:51,,,,0,google_play,2025-11-30T16:15:08.107712,17
e03e750f-2744-47c8-9f9b-e54a13cde49a,BOA,Bank of Abyssinia Mobile,com.boa.boaMobileBanking,5,Great UI and seamless UX. I love it!!,great ui and seamless ux. i love it!!,2024-09-25 20:51:19,,,,3,google_play,2025-11-30T16:15:08.107712,8
df7e343c-6605-4349-aac9-1082b3e5699b,BOA,Bank of Abyssinia Mobile,com.boa.boaMobileBanking,1,It keeps crashing and hasn't been fixed,it keeps crashing and hasnt been fixed,2024-05-07 11:20:39,,,,0,google_play,2025-11-30T16:15:08.107712,7
4912c5ac-685b-4f39-8a57-ed6332d80b71,BOA,Bank of Abyssinia Mobile,com.boa.boaMobileBanking,1,Pls improve your mobile banking app it's doesn't work constantly after i updated the new version of your app try to improve,pls improve your mobile banking app its doesnt work constantly after i updated the new version of your app try to improve,2024-05-05 16:38:54,24.04.26,,,2,google_play,2025-11-30T16:15:08.107712,22
3bba5202-3fe3-473b-a3d0-8fb851e669ff,BOA,Bank of Abyssinia Mobile,com.boa.boaMobileBanking,1,"With every update the app keeps on getting worse,it is filled with bugs","with every update the app keeps on getting worse,it is filled with bugs",2024-04-29 00:54:02,24.04.26,,,5,google_play,2025-11-30T16:15:08.107712,13
b7206c5f-267e-44f1-b044-8f6f9392701d,BOA,Bank of Abyssinia Mobile,com.boa.boaMobileBanking,1,It's not opening. Really frustrating,its not opening. really frustrating,2025-03-01 15:18:34,24.11.22,,,2,google_play,2025-11-30T16:15:08.107712,5
8ae826b2-9de1-4f00-8cb2-1853fe361329,BOA,Bank of Abyssinia Mobile,com.boa.boaMobileBanking,2,Its very slow and fail to load any transaction,its very slow and fail to load any transaction,2024-02-15 11:40:11,24.02.07,,,0,google_play,2025-11-30T16:15:08.107712,9
576b4332-bf4a-4d4b-9f4b-12d293d6f543,BOA,Bank of Abyssinia Mobile,com.boa.boaMobileBanking,1,"The application is full of bug, so annoying.","the application is full of bug, so annoying.",2024-05-07 05:47:03,24.04.26,,,2,google_play,2025-11-30T16:15:08.107712,8
eb3fc431-4145-4276-990f-496c764b7ea7,BOA,Bank of Abyssinia Mobile,com.boa.boaMobileBanking,1,"From now on I will never going to use this app,It is a trash app.No one care about this app from bank I will rate them 0/5.","from now on i will never going to use this app,it is a trash app.no one care about this app from bank i will rate them 05.",2024-07-06 08:20:49,24.07.04,,,0,google_play,2025-11-30T16:15:08.107712,27
a0ffc2f3-5b01-4f69-b9fa-ebca3e358bce,BOA,Bank of Abyssinia Mobile,com.boa.boaMobileBanking,1,It doesn't function properly!! You don't even deserve one star.. please stop playing your dirty game on your customer...,it doesnt function properly!! you dont even deserve one star.. please stop playing your dirty game on your customer...,2024-04-29 22:09:32,24.04.26,,,2,google_play,2025-11-30T16:15:08.107712,19
3f955361-4a28-4185-9b83-bedfcac7b287,BOA,Bank of Abyssinia Mobile,com.boa.boaMobileBanking,1,What is the purpose or point of not allowing to take a screenshot of the recipe after transferring???,what is the purpose or point of not allowing to take a screenshot of the recipe after transferring???,2024-05-29 17:45:37,24.05.07,,,1,google_play,2025-11-30T16:15:08.107712,18
aa02275b-6f54-4618-ae63-b085334c35e7,BOA,Bank of Abyssinia Mobile,com.boa.boaMobileBanking,1,Every time needs update & after that it's not working it's too boring,every time needs update after that its not working its too boring,2024-05-01 19:50:16,24.04.26,,,1,google_play,2025-11-30T16:15:08.107712,12
b4702798-0eb2-488a-817b-295ba878435a,BOA,Bank of Abyssinia Mobile,com.boa.boaMobileBanking,1,What's wrong with app suddenly stoped to open?,whats wrong with app suddenly stoped to open?,2024-03-25 09:39:06,,,,0,google_play,2025-11-30T16:15:08.107712,8
46c41e87-0d7a-491b-8641-2c1acdaddea3,BOA,Bank of Abyssinia Mobile,com.boa.boaMobileBanking,1,Horrible customer service and app crashes Horrible!!,horrible customer service and app crashes horrible!!,2025-01-15 11:24:17,24.11.22,,,2,google_play,2025-11-30T16:15:08.107712,7
3f2731c8-a1f4-4e60-9a4b-25c3c3b261cd,BOA,Bank of Abyssinia Mobile,com.boa.boaMobileBanking,5,You've improved from the previous one! Also try to add dark mode.,youve improved from the previous one! also try to add dark mode.,2024-01-17 15:24:25,24.01.09,,,33,google_play,2025-11-30T16:15:08.107712,12
a56b1202-a6db-405b-aba1-586a16bc417d,BOA,Bank of Abyssinia Mobile,com.boa.boaMobileBanking,5,please open my mobile app,please open my mobile app,2025-09-10 14:43:30,25.09.03,,,0,google_play,2025-11-30T16:15:08.107712,5
f3cb13b7-59a4-4910-8373-e7a7f3f9d1e9,BOA,Bank of Abyssinia Mobile,com.boa.boaMobileBanking,1,Very poor app b/c highly slow to open the app,very poor app bc highly slow to open the app,2024-08-12 06:56:44,24.07.04,,,0,google_play,2025-11-30T16:15:08.107712,10
d464302a-7f6f-4dba-9b61-62dea5eab2f1,BOA,Bank of Abyssinia Mobile,com.boa.boaMobileBanking,1,It is not downloading. It stops at 79 % . Why ?,it is not downloading. it stops at 79 . why ?,2024-01-23 12:26:01,,,,5,google_play,2025-11-30T16:15:08.107712,11
8a4d9c01-9e5a-4732-a8ab-9341930b30c8,BOA,Bank of Abyssinia Mobile,com.boa.boaMobileBanking,3,"the app isn't working after it asked me the password it starts loading, but it doesn't open","the app isnt working after it asked me the password it starts loading, but it doesnt open",2025-04-20 20:05:21,25.03.07,,,5,google_play,2025-11-30T16:15:08.107712,17
516c40dc-9a1e-4bd8-9c73-78272f1f5852,BOA,Bank of Abyssinia Mobile,com.boa.boaMobileBanking,1,The most terrible mobel banking app in the world it is not working ones in a week,the most terrible mobel banking app in the world it is not working ones in a week,2024-04-13 13:53:01,,,,0,google_play,2025-11-30T16:15:08.107712,17
4168ab29-8b6c-4b99-ad76-1b805f5085ce,BOA,Bank of Abyssinia Mobile,com.boa.boaMobileBanking,1,Was good at first but now i couldn't reach my apollo account in the mobile banking app,was good at first but now i couldnt reach my apollo account in the mobile banking app,2024-03-03 10:11:06,24.02.07,,,0,google_play,2025-11-30T16:15:08.107712,17
1cb67da1-9919-4e19-a07e-2b19e0c5db96,BOA,Bank of Abyssinia Mobile,com.boa.boaMobileBanking,5,Simplify your life by using the Abyssinia app I like it because it is comfortable and safe,simplify your life by using the abyssinia app i like it because it is comfortable and safe,2024-04-11 19:58:47,,,,5,google_play,2025-11-30T16:15:08.107712,17
b9471f3a-2e46-4397-a4df-f466c05a21cc,BOA,Bank of Abyssinia Mobile,com.boa.boaMobileBanking,2,Very poor app. Its Always cresh and not compatible,very poor app. its always cresh and not compatible,2024-07-13 17:10:50,24.07.04,,,0,google_play,2025-11-30T16:15:08.107712,9
54b35b06-8d9f-426d-b60e-8ca7759b37f3,BOA,Bank of Abyssinia Mobile,com.boa.boaMobileBanking,5,This application is relatively good even if some times interpreted.But apolo is difficult application please improve it.,this application is relatively good even if some times interpreted.but apolo is difficult application please improve it.,2024-04-28 19:08:25,24.04.22,,,5,google_play,2025-11-30T16:15:08.107712,17
bed82c38-8d93-4c7f-a0e4-6dbe6499b6ab,BOA,Bank of Abyssinia Mobile,com.boa.boaMobileBanking,5,Tnx for updating the app its easy and fadt,tnx for updating the app its easy and fadt,2024-02-04 09:39:18,24.01.09,,,4,google_play,2025-11-30T16:15:08.107712,9
03f0fe5d-707c-4c39-9ae8-ece08ca633f1,BOA,Bank of Abyssinia Mobile,com.boa.boaMobileBanking,1,"From Ethiopian Internet banking Abbisiniya Internet banking application is the most worst boring and slower app, please fix that","from ethiopian internet banking abbisiniya internet banking application is the most worst boring and slower app, please fix that",2024-05-01 21:10:10,24.04.22,,,0,google_play,2025-11-30T16:15:08.107712,19
2f3457f8-3dd9-461e-aeda-9453265796f8,BOA,Bank of Abyssinia Mobile,com.boa.boaMobileBanking,1,Why do u force me to Turn OFF developers option just to use your app its not fair and am not using ur app anymore,why do u force me to turn off developers option just to use your app its not fair and am not using ur app anymore,2024-05-10 17:31:05,,,,0,google_play,2025-11-30T16:15:08.107712,25
a84791b9-6811-4e81-9461-b4e880dee4d6,BOA,Bank of Abyssinia Mobile,com.boa.boaMobileBanking,3,That's too good application but try to add more alternatives and futures or possibilitys for your customers,thats too good application but try to add more alternatives and futures or possibilitys for your customers,2024-09-25 20:18:13,,,,0,google_play,2025-11-30T16:15:08.107712,17
563a42d4-d018-4147-a6d9-a62d36a30772,BOA,Bank of Abyssinia Mobile,com.boa.boaMobileBanking,1,"Ultimately, the worst mobile banking experience ever left me feeling exasperated and disillusioned.Its a nightmare","ultimately, the worst mobile banking experience ever left me feeling exasperated and disillusioned.its a nightmare",2024-04-13 13:47:52,,,,0,google_play,2025-11-30T16:15:08.107712,15
b4f29388-db8b-4ce7-9539-82a8c57b071a,BOA,Bank of Abyssinia Mobile,com.boa.boaMobileBanking,1,I'm living out of country how may I download and use mobile banking? It asks me the Ethiopia phone number and I can't receive text to confirm because I'm out side the country. So please lete know if I can use while I'm outside the country. Thanks,im living out of country how may i download and use mobile banking? it asks me the ethiopia phone number and i cant receive text to confirm because im out side the country. so please lete know if i can use while im outside the country. thanks,2024-10-04 04:30:33,24.09.30,,,1,google_play,2025-11-30T16:15:08.107712,47
681654a7-15e4-4539-ad2f-4adcf5cd12dc,BOA,Bank of Abyssinia Mobile,com.boa.boaMobileBanking,3,Not working properly always loading !,not working properly always loading !,2024-02-04 13:28:42,24.01.09,,,1,google_play,2025-11-30T16:15:08.107712,6
8312e6d0-3b41-4061-b83f-54f6fcb4317a,BOA,Bank of Abyssinia Mobile,com.boa.boaMobileBanking,1,"the worst app ever,","the worst app ever,",2025-10-30 19:09:22,25.09.03,,,0,google_play,2025-11-30T16:15:08.107712,4
b4b477f6-5c81-4d01-bff7-90499955e93e,BOA,Bank of Abyssinia Mobile,com.boa.boaMobileBanking,1,Frequently crashing fix it please,frequently crashing fix it please,2024-05-01 06:39:38,,,,0,google_play,2025-11-30T16:15:08.107712,5
0d777606-9d9a-4baf-91be-b21bfb65fa47,BOA,Bank of Abyssinia Mobile,com.boa.boaMobileBanking,1,The update app is the worest one when i compare with past.,the update app is the worest one when i compare with past.,2024-04-28 22:14:58,24.04.26,,,3,google_play,2025-11-30T16:15:08.107712,12
43551474-c422-4f7c-8dbf-372fb417a4b9,BOA,Bank of Abyssinia Mobile,com.boa.boaMobileBanking,5,It is easy to use and very fast app,it is easy to use and very fast app,2024-02-23 08:05:02,24.02.07,,,3,google_play,2025-11-30T16:15:08.107712,9
7c7a7f33-9bee-47e4-a0f7-2069f36c33de,BOA,Bank of Abyssinia Mobile,com.boa.boaMobileBanking,1,It's not working for 3days. Come on as a big bank in Ethiopia this is unprofessionallism from boa,its not working for 3days. come on as a big bank in ethiopia this is unprofessionallism from boa,2024-05-15 14:42:42,24.05.07,,,1,google_play,2025-11-30T16:15:08.107712,18
861dcf64-11ac-4109-9416-dca7c303cdf9,BOA,Bank of Abyssinia Mobile,com.boa.boaMobileBanking,1,Plz fix the Apps ....screenshot lovation hide from glarey share botten not work😔😔,plz fix the apps ....screenshot lovation hide from glarey share botten not work,2024-08-30 12:05:08,24.07.04,,,1,google_play,2025-11-30T16:15:08.107712,13
afad642f-39c4-4db0-adbf-5fbe7143f960,BOA,Bank of Abyssinia Mobile,com.boa.boaMobileBanking,5,it is a good app,it is a good app,2025-11-18 07:47:47,25.09.03,,,0,google_play,2025-11-30T16:15:08.107712,5
529fe570-b1aa-48b7-b349-444b98c1fce7,BOA,Bank of Abyssinia Mobile,com.boa.boaMobileBanking,1,It has good features but sometimes it doesn't work...0,it has good features but sometimes it doesnt work...0,2025-03-02 15:02:17,24.11.22,,,1,google_play,2025-11-30T16:15:08.107712,9
622762e8-14b9-42eb-b807-8960278d8b34,BOA,Bank of Abyssinia Mobile,com.boa.boaMobileBanking,3,What is that disable developer option I have never seen any app commands.,what is that disable developer option i have never seen any app commands.,2024-05-22 09:03:55,24.05.07,,,0,google_play,2025-11-30T16:15:08.107712,13
eae7a9f2-f89c-40dc-afe9-97e29649a502,BOA,Bank of Abyssinia Mobile,com.boa.boaMobileBanking,3,"Why is the app asking me to remove developer options? Why does it matter what I do with my phone , this is unacceptable! Fix this","why is the app asking me to remove developer options? why does it matter what i do with my phone , this is unacceptable! fix this",2024-05-06 19:00:37,24.04.26,,,1,google_play,2025-11-30T16:15:08.107712,26
ed1e11a1-995e-4255-a461-9d227c04a962,BOA,Bank of Abyssinia Mobile,com.boa.boaMobileBanking,1,It is the worst app that I have ever downloaded. It crushes every time I log in 👎 👎 👎 👎 👎 👎 👎 👎 👎 👎 👎 👎 👎 👎,it is the worst app that i have ever downloaded. it crushes every time i log in,2024-02-14 10:12:58,24.02.07,,,2,google_play,2025-11-30T16:15:08.107712,17
71a6f4cf-221a-4aa3-94c3-030aaa61e644,BOA,Bank of Abyssinia Mobile,com.boa.boaMobileBanking,5,This the best mobile banking App BOA mobile banking included all digital banking features and we can access the most companies and sectors with this App. Thanks for giving this services Keep going .,this the best mobile banking app boa mobile banking included all digital banking features and we can access the most companies and sectors with this app. thanks for giving this services keep going .,2024-04-12 14:09:02,24.02.07,,,7,google_play,2025-11-30T16:15:08.107712,34
0382f8e0-e971-4b72-8392-b9aca8d61d7e,BOA,Bank of Abyssinia Mobile,com.boa.boaMobileBanking,1,I bought a mobile card on this app but I didn't receive it and it took my money and I didn't get my money back.,i bought a mobile card on this app but i didnt receive it and it took my money and i didnt get my money back.,2024-09-21 13:34:07,24.07.04,,,0,google_play,2025-11-30T16:15:08.107712,25
c33b61e9-53db-4349-9ffb-a0d8a5a59051,BOA,Bank of Abyssinia Mobile,com.boa.boaMobileBanking,1,"How many hours should I wait after transferring money to telebirr, please do something about the transfer delay issue I need my money when ever.","how many hours should i wait after transferring money to telebirr, please do something about the transfer delay issue i need my money when ever.",2024-09-15 19:36:11,24.07.04,,,0,google_play,2025-11-30T16:15:08.107712,25
3af6db50-c93f-4916-bc9b-8ce248f59a4e,BOA,Bank of Abyssinia Mobile,com.boa.boaMobileBanking,1,I can't believe that Abyssinia develop this kind of trash app it have a lot of issues 👎👎👎,i cant believe that abyssinia develop this kind of trash app it have a lot of issues,2024-07-13 10:27:20,24.07.04,,,0,google_play,2025-11-30T16:15:08.107712,17
814106ac-2d4b-409a-b367-f8686985ee7c,BOA,Bank of Abyssinia Mobile,com.boa.boaMobileBanking,5,It's good app tnx for u new update it's very easy to using this app they add some future tnx Abyssinia bank,its good app tnx for u new update its very easy to using this app they add some future tnx abyssinia bank,2024-04-18 15:02:06,24.02.07,,,4,google_play,2025-11-30T16:15:08.107712,22
196ffa19-91c5-4f11-9427-cff840f683e1,BOA,Bank of Abyssinia Mobile,com.boa.boaMobileBanking,5,its best app but its don't working in poor connection area so,its best app but its dont working in poor connection area so,2024-07-03 15:11:03,24.05.07,,,1,google_play,2025-11-30T16:15:08.107712,12
5f80fcab-9967-4c8a-8e42-fe8ecfca0f11,BOA,Bank of Abyssinia Mobile,com.boa.boaMobileBanking,1,Error occurred try again for 5 days tele birr user not found ለራሴ አዝዤ,error occurred try again for 5 days tele birr user not found,2024-07-08 21:19:38,24.07.04,,,0,google_play,2025-11-30T16:15:08.107712,12
e086cf56-30a1-4650-b7c7-492dbab0f831,BOA,Bank of Abyssinia Mobile,com.boa.boaMobileBanking,1,"This app crashes everytime, please fix it","this app crashes everytime, please fix it",2024-11-12 13:08:59,24.09.30,,,0,google_play,2025-11-30T16:15:08.107712,7
832b99c0-0dd5-46ce-9c81-fa0b789e31cd,BOA,Bank of Abyssinia Mobile,com.boa.boaMobileBanking,4,Best app but after the update the screenshot not working,best app but after the update the screenshot not working,2024-02-19 10:07:26,24.02.07,"Dear customer, try the download button on the acknowledgment screen. Thank you!",2024-02-22 13:53:02,5,google_play,2025-11-30T16:15:08.107712,10
594ad1b3-589b-43aa-9936-04d0f57eefc4,BOA,Bank of Abyssinia Mobile,com.boa.boaMobileBanking,1,You make the app worse . Asif it is update you make us install it as new then you create us problems,you make the app worse . asif it is update you make us install it as new then you create us problems,2024-02-02 19:37:03,,,,3,google_play,2025-11-30T16:15:08.107712,22
95b8d5aa-aa79-40a8-b250-6bf68f7b9782,BOA,Bank of Abyssinia Mobile,com.boa.boaMobileBanking,2,"It's not working as it was , so much need to improve, it was the best but not anymore","its not working as it was , so much need to improve, it was the best but not anymore",2024-08-01 18:04:25,24.07.04,,,0,google_play,2025-11-30T16:15:08.107712,19
bdbcfd9c-7cf2-48d8-9ddc-ae048d9cf9ab,BOA,Bank of Abyssinia Mobile,com.boa.boaMobileBanking,2,"you guys keep on releasing unstable app, now it won't login","you guys keep on releasing unstable app, now it wont login",2024-04-30 10:11:44,24.04.26,,,0,google_play,2025-11-30T16:15:08.107712,11
dd17878a-6b55-4bb7-9896-74753abaebb4,BOA,Bank of Abyssinia Mobile,com.boa.boaMobileBanking,1,Crash... glitch... crash... blame connection... crash... crash again. Please fix it,crash... glitch... crash... blame connection... crash... crash again. please fix it,2024-05-02 21:59:16,24.04.26,,,3,google_play,2025-11-30T16:15:08.107712,11
56e4df5e-cfd9-4c86-b9b7-ec322a07674e,BOA,Bank of Abyssinia Mobile,com.boa.boaMobileBanking,1,The worst banking app ever. Never works!,the worst banking app ever. never works!,2024-12-14 06:45:35,,,,0,google_play,2025-11-30T16:15:08.107712,7
2fd189ac-a04c-4c92-9029-9576cba36175,BOA,Bank of Abyssinia Mobile,com.boa.boaMobileBanking,1,"Such a junk application, its not working at all. Waste of time","such a junk application, its not working at all. waste of time",2024-04-30 11:43:48,24.04.26,,,2,google_play,2025-11-30T16:15:08.107712,12
769aa7f0-de68-4bd0-ab4b-d6038d9836be,BOA,Bank of Abyssinia Mobile,com.boa.boaMobileBanking,5,Much better and easy to access then the last boa app,much better and easy to access then the last boa app,2024-02-05 07:05:07,24.01.09,,,5,google_play,2025-11-30T16:15:08.107712,11
b3a22053-e2b9-47e6-8083-a2e73a7c6bed,BOA,Bank of Abyssinia Mobile,com.boa.boaMobileBanking,2,after i typed in my password it says successfully logged out ...and goes back to the first page,after i typed in my password it says successfully logged out ...and goes back to the first page,2025-04-04 11:38:08,25.03.07,,,2,google_play,2025-11-30T16:15:08.107712,18
56402226-89f9-4f56-9761-e0dfeed5718b,BOA,Bank of Abyssinia Mobile,com.boa.boaMobileBanking,1,so poor app to use can't start up when open the app,so poor app to use cant start up when open the app,2024-08-08 09:48:54,24.07.04,,,0,google_play,2025-11-30T16:15:08.107712,12
9756a397-2464-40d6-8eab-d269c119aa9e,BOA,Bank of Abyssinia Mobile,com.boa.boaMobileBanking,1,Please fix the app i doesn't belongs to Abbssinya Bank Name,please fix the app i doesnt belongs to abbssinya bank name,2024-05-22 04:01:58,24.05.07,,,0,google_play,2025-11-30T16:15:08.107712,11
a492c617-efd4-469f-8854-169233ae09c0,BOA,Bank of Abyssinia Mobile,com.boa.boaMobileBanking,1,It doesnt send birr immediately to anything,it doesnt send birr immediately to anything,2024-02-17 10:09:39,24.02.07,"Dear customer, We are sorry for the inconvenience please contact us at 8397 and share as much information as you can. We will investigate your case. Thank you!",2024-02-22 13:54:55,1,google_play,2025-11-30T16:15:08.107712,7
03bcdbc8-adcf-4f5d-b155-1001f6debab5,BOA,Bank of Abyssinia Mobile,com.boa.boaMobileBanking,1,Not yet completely working this App. i don't know when is it will be working properly! Its Sad!!!,not yet completely working this app. i dont know when is it will be working properly! its sad!!!,2024-07-31 22:20:53,24.07.04,,,1,google_play,2025-11-30T16:15:08.107712,18
7d468428-1ccb-4528-9984-9324db9b9d2b,BOA,Bank of Abyssinia Mobile,com.boa.boaMobileBanking,1,bro the worst app made by human kind!! as a software engineer it make me so sad seeing enterprise as big as BOA make apps like this. it is a disgrace for our country!!,bro the worst app made by human kind!! as a software engineer it make me so sad seeing enterprise as big as boa make apps like this. it is a disgrace for our country!!,2025-03-05 13:03:56,,,,0,google_play,2025-11-30T16:15:08.107712,34
3c7477cb-cd09-40b0-828e-9086cba2e596,BOA,Bank of Abyssinia Mobile,com.boa.boaMobileBanking,1,"This is not functional at all, it takes forever to make a transaction,please improve it.","this is not functional at all, it takes forever to make a transaction,please improve it.",2024-04-24 16:54:31,,,,0,google_play,2025-11-30T16:15:08.107712,15
27e12500-c856-43d9-a2bb-97c7e02274da,BOA,Bank of Abyssinia Mobile,com.boa.boaMobileBanking,1,App good. how money transfer tele birr agents,app good. how money transfer tele birr agents,2024-02-12 08:00:36,24.01.09,,,0,google_play,2025-11-30T16:15:08.107712,8
6cab78a7-bc92-43b8-84c8-f997d3c31726,BOA,Bank of Abyssinia Mobile,com.boa.boaMobileBanking,2,I Don't Like It Once U Open It's open did Not Ask U The Pin when u get back Not Safty the Old Version Is More Secured,i dont like it once u open its open did not ask u the pin when u get back not safty the old version is more secured,2024-02-06 13:25:34,24.01.09,,,0,google_play,2025-11-30T16:15:08.107712,27
47952a57-6612-4e48-93e5-2c33b47ac246,BOA,Bank of Abyssinia Mobile,com.boa.boaMobileBanking,1,"The worst app. Can't even login to my device. Phone : Pexel7a, version : android 13.","the worst app. cant even login to my device. phone pexel7a, version android 13.",2024-01-16 15:05:29,24.01.09,,,14,google_play,2025-11-30T16:15:08.107712,14
f736ba52-844f-46ef-9164-1803171f7177,BOA,Bank of Abyssinia Mobile,com.boa.boaMobileBanking,1,How to download or screenshot of payment receipt...what kinda worst app ever 🤮🤮🤢,how to download or screenshot of payment receipt...what kinda worst app ever,2024-09-11 13:19:05,24.07.04,,,0,google_play,2025-11-30T16:15:08.107712,12
45dd47e8-7308-43f4-85b0-76c8cdd9a4ad,BOA,Bank of Abyssinia Mobile,com.boa.boaMobileBanking,1,I can't update the enable button not open.,i cant update the enable button not open.,2024-04-24 15:53:55,,,,0,google_play,2025-11-30T16:15:08.107712,8
d465f71e-39dc-4e94-bcbf-06310974347c,BOA,Bank of Abyssinia Mobile,com.boa.boaMobileBanking,1,Annoying it doesn't work totally,annoying it doesnt work totally,2024-05-01 14:13:56,24.04.26,,,1,google_play,2025-11-30T16:15:08.107712,5
d20381f3-dc64-4b48-a98e-5434843b19c5,BOA,Bank of Abyssinia Mobile,com.boa.boaMobileBanking,5,The Bank I always love 😘 and work with them is priceless,the bank i always love and work with them is priceless,2024-04-24 13:31:58,,,,4,google_play,2025-11-30T16:15:08.107712,11
ffc76c90-7d65-45e7-8c47-a4c5bd029b0e,BOA,Bank of Abyssinia Mobile,com.boa.boaMobileBanking,4,You have made a great application that is easy to use,you have made a great application that is easy to use,2024-02-08 20:53:46,24.02.07,,,5,google_play,2025-11-30T16:15:08.107712,11
000ef73f-978b-4c50-a44a-9c57cbc5c69e,BOA,Bank of Abyssinia Mobile,com.boa.boaMobileBanking,5,A massive improvement from the previous app. More modern and actually works,a massive improvement from the previous app. more modern and actually works,2024-02-03 11:04:16,24.01.09,,,6,google_play,2025-11-30T16:15:08.107712,12
95a7177d-a323-4a17-98ad-9f94ea147686,BOA,Bank of Abyssinia Mobile,com.boa.boaMobileBanking,1,The poorest mobile banking survice ever. Only error reports frequently,the poorest mobile banking survice ever. only error reports frequently,2024-07-16 15:37:32,24.07.04,,,0,google_play,2025-11-30T16:15:08.107712,10
4d7d0be8-49b8-4ee8-9ce8-5058080ca462,BOA,Bank of Abyssinia Mobile,com.boa.boaMobileBanking,2,OTP should be inserted manually. not working on my phone,otp should be inserted manually. not working on my phone,2024-04-02 21:37:11,,,,0,google_play,2025-11-30T16:15:08.107712,10
b640cc87-df88-4b6b-9b9f-13fe0bdd5dfa,BOA,Bank of Abyssinia Mobile,com.boa.boaMobileBanking,1,"this app does no work on Samsung a51, it just gives a preview of the logo","this app does no work on samsung a51, it just gives a preview of the logo",2025-05-11 18:07:08,24.09.30,,,0,google_play,2025-11-30T16:15:08.107712,16
fed38ae4-068f-426e-83ec-1a7dbfc18e52,BOA,Bank of Abyssinia Mobile,com.boa.boaMobileBanking,5,Very good app its easy to use,very good app its easy to use,2024-02-15 15:40:32,,"Hi, thank you very much for your feedback.",2024-02-22 13:56:24,3,google_play,2025-11-30T16:15:08.107712,7
a9a7f141-8faa-4f42-8499-665d2c965fa7,BOA,Bank of Abyssinia Mobile,com.boa.boaMobileBanking,5,It is good &fast to open!!,it is good fast to open!!,2024-02-14 13:04:49,24.02.07,,,2,google_play,2025-11-30T16:15:08.107712,6
1c136806-0ba1-4fcb-9ad8-f0f92a596867,BOA,Bank of Abyssinia Mobile,com.boa.boaMobileBanking,1,Not reliable always with some issues,not reliable always with some issues,2024-04-22 05:24:08,24.02.07,,,1,google_play,2025-11-30T16:15:08.107712,6
cd1656d1-afc8-4a2b-9f3b-91fbfa587b84,BOA,Bank of Abyssinia Mobile,com.boa.boaMobileBanking,5,The updated version is nice one BOA always #1 bank,the updated version is nice one boa always 1 bank,2024-02-10 15:41:28,24.02.07,,,3,google_play,2025-11-30T16:15:08.107712,10
9035f28b-9646-4fe9-80e1-6b6926b0289e,BOA,Bank of Abyssinia Mobile,com.boa.boaMobileBanking,5,Nice app and it's easy to use,nice app and its easy to use,2025-02-21 10:41:42,24.11.22,,,2,google_play,2025-11-30T16:15:08.107712,7
a7a625eb-2758-4439-b790-c7f6e62cae95,BOA,Bank of Abyssinia Mobile,com.boa.boaMobileBanking,1,all the time updated but im not satisfy by boa mobile bancking 😡😡😡,all the time updated but im not satisfy by boa mobile bancking,2024-05-02 16:11:18,24.04.26,,,1,google_play,2025-11-30T16:15:08.107712,12
bb41fa2e-2552-494f-a3dd-81da22ebba6c,BOA,Bank of Abyssinia Mobile,com.boa.boaMobileBanking,1,The application is extremely slow.,the application is extremely slow.,2024-03-16 17:38:57,24.02.07,,,1,google_play,2025-11-30T16:15:08.107712,5
5d940978-07d3-41d9-81b1-74867eb724a3,BOA,Bank of Abyssinia Mobile,com.boa.boaMobileBanking,3,The App's crash always.. Error.....,the apps crash always.. error.....,2024-09-27 15:25:54,24.07.04,,,0,google_play,2025-11-30T16:15:08.107712,5
3eb5e2aa-da9c-4879-b7fa-51d605d32cf5,BOA,Bank of Abyssinia Mobile,com.boa.boaMobileBanking,1,The keyboard not Working please fix it,the keyboard not working please fix it,2024-02-13 22:05:06,24.02.07,,,0,google_play,2025-11-30T16:15:08.107712,7
be349d45-280d-4ecf-8d23-71c407bd38c6,BOA,Bank of Abyssinia Mobile,com.boa.boaMobileBanking,1,"It's not working totally, what a useless app is it,","its not working totally, what a useless app is it,",2024-07-31 12:54:39,24.07.04,,,0,google_play,2025-11-30T16:15:08.107712,10
06ad47bd-3a6a-45b4-ae10-6dd4170bc254,BOA,Bank of Abyssinia Mobile,com.boa.boaMobileBanking,2,Whenever I try to sign in app close please fixed it out,whenever i try to sign in app close please fixed it out,2025-01-21 17:34:22,24.11.22,,,0,google_play,2025-11-30T16:15:08.107712,12
01c3d316-3dbc-4e5c-9a71-8ed4fecc7233,BOA,Bank of Abyssinia Mobile,com.boa.boaMobileBanking,2,"screenshot isn't working, Please modify it","screenshot isnt working, please modify it",2024-07-22 16:38:15,24.07.04,,,0,google_play,2025-11-30T16:15:08.107712,6
c3b78417-6822-48b0-8c40-6f5f96d0e2b2,BOA,Bank of Abyssinia Mobile,com.boa.boaMobileBanking,3,Always do update and that is annoying,always do update and that is annoying,2025-01-27 07:11:12,24.05.07,,,0,google_play,2025-11-30T16:15:08.107712,7
986b160c-cade-4ae5-918e-eddd2802d4d8,BOA,Bank of Abyssinia Mobile,com.boa.boaMobileBanking,2,After update it doesn't work well,after update it doesnt work well,2024-07-09 09:48:40,24.07.04,,,0,google_play,2025-11-30T16:15:08.107712,6
3a05c496-6385-4903-b2f5-54f69bdd8ee7,BOA,Bank of Abyssinia Mobile,com.boa.boaMobileBanking,5,Update to the simplest way it requires the developer option on and off why this is,update to the simplest way it requires the developer option on and off why this is,2024-10-04 08:18:27,24.09.30,,,58,google_play,2025-11-30T16:15:08.107712,16
b5697919-6864-4081-be34-38240941d26f,BOA,Bank of Abyssinia Mobile,com.boa.boaMobileBanking,4,The new version is really nice. Keep it up,the new version is really nice. keep it up,2024-01-18 18:37:35,24.01.09,,,11,google_play,2025-11-30T16:15:08.107712,9
e9072e9a-76dc-49d1-b423-cb64c4656802,BOA,Bank of Abyssinia Mobile,com.boa.boaMobileBanking,1,this version is not working for me I cannot even buy card. I cannot send money,this version is not working for me i cannot even buy card. i cannot send money,2025-03-30 14:27:26,25.03.07,,,2,google_play,2025-11-30T16:15:08.107712,16
f7eaa18a-f1ea-4477-b0c8-2832899d5424,BOA,Bank of Abyssinia Mobile,com.boa.boaMobileBanking,5,This new version of the app is really great. Loved it!,this new version of the app is really great. loved it!,2024-01-15 05:31:07,24.01.09,,,26,google_play,2025-11-30T16:15:08.107712,11
fc50f8d9-0d2f-495f-8786-1e4670d229c7,BOA,Bank of Abyssinia Mobile,com.boa.boaMobileBanking,5,slow only some times the wey it is veary nice app,slow only some times the wey it is veary nice app,2024-06-05 00:26:08,24.05.07,,,1,google_play,2025-11-30T16:15:08.107712,11
7172704c-d6ab-4ee6-8c06-7e540a7d5fc7,BOA,Bank of Abyssinia Mobile,com.boa.boaMobileBanking,3,so far good but always it lugs,so far good but always it lugs,2024-08-17 18:16:57,24.07.04,,,0,google_play,2025-11-30T16:15:08.107712,7
f29e5f00-a934-4d73-9406-178808bedfef,BOA,Bank of Abyssinia Mobile,com.boa.boaMobileBanking,1,Keeps crashing everytime what a disaster,keeps crashing everytime what a disaster,2024-05-01 09:44:16,24.04.26,,,1,google_play,2025-11-30T16:15:08.107712,6
22099d9b-0b99-4bbc-90bf-ff60acab4e5c,BOA,Bank of Abyssinia Mobile,com.boa.boaMobileBanking,3,The app is not properly working.,the app is not properly working.,2024-04-28 18:45:52,24.04.26,,,2,google_play,2025-11-30T16:15:08.107712,6
2bace31c-d24b-4c81-bf20-05e5e8e4748e,BOA,Bank of Abyssinia Mobile,com.boa.boaMobileBanking,5,A little faster than before . Thanks,a little faster than before . thanks,2024-03-05 13:54:04,24.02.07,,,1,google_play,2025-11-30T16:15:08.107712,7
6446c637-4d71-4aa9-b09c-abcc44110734,BOA,Bank of Abyssinia Mobile,com.boa.boaMobileBanking,1,i find it interesting specially in reciept downloading,i find it interesting specially in reciept downloading,2024-11-12 14:43:41,,,,0,google_play,2025-11-30T16:15:08.107712,8
57c27d13-bb76-473e-becb-fc6217ddd0bd,BOA,Bank of Abyssinia Mobile,com.boa.boaMobileBanking,1,ምን ሆናችው ነው ግን ?በጣም ቀርፋፋ ነው፡ቢያንስ እንኳን እንደ Apollo ቢፈጥን ። I'm more 15years customers in your bank but due your Application i decide to shift for other bank like CBE OR TELEBIRR PLEASE FIX THE SPEED,? apollo im more 15years customers in your bank but due your application i decide to shift for other bank like cbe or telebirr please fix the speed,2024-01-17 23:12:28,24.01.09,,,11,google_play,2025-11-30T16:15:08.107712,28
d80c22c9-edd1-4e95-98c5-862949bb45f6,BOA,Bank of Abyssinia Mobile,com.boa.boaMobileBanking,5,Great UI UX Design !!!,great ui ux design !!!,2024-05-09 19:51:50,,,,1,google_play,2025-11-30T16:15:08.107712,5
b96d31a2-9360-43ab-ba3c-a44b324f8288,BOA,Bank of Abyssinia Mobile,com.boa.boaMobileBanking,1,considering the fact the bank is huge this app really bad you could do better,considering the fact the bank is huge this app really bad you could do better,2025-03-25 16:33:59,,,,1,google_play,2025-11-30T16:15:08.107712,15
42e6b999-2d95-4374-bf40-93c60d08c58f,BOA,Bank of Abyssinia Mobile,com.boa.boaMobileBanking,2,It's good when i've downloaded at first. But now it doesn't work well,its good when ive downloaded at first. but now it doesnt work well,2024-05-20 22:29:06,24.05.07,,,0,google_play,2025-11-30T16:15:08.107712,13
2a694e53-fdeb-4880-b4db-e3d52971f932,BOA,Bank of Abyssinia Mobile,com.boa.boaMobileBanking,2,worst banking app i have ever used. Try to modify it,worst banking app i have ever used. try to modify it,2024-03-19 08:54:14,24.02.07,,,1,google_play,2025-11-30T16:15:08.107712,11
ed313595-7211-44a8-9b42-defd7503aebc,BOA,Bank of Abyssinia Mobile,com.boa.boaMobileBanking,1,Nice looking app but a terrible user experience.,nice looking app but a terrible user experience.,2024-09-03 16:30:49,24.07.04,,,0,google_play,2025-11-30T16:15:08.107712,8
161dbde7-f447-412e-abf3-8ae5e7ba5012,BOA,Bank of Abyssinia Mobile,com.boa.boaMobileBanking,5,Best mobile app in the country,best mobile app in the country,2025-08-14 06:04:30,25.05.03,,,0,google_play,2025-11-30T16:15:08.107712,6
c2fd1b46-bfd0-4f9d-84a0-823e74713dae,BOA,Bank of Abyssinia Mobile,com.boa.boaMobileBanking,4,good App and user friendly.,good app and user friendly.,2024-05-01 20:02:45,24.04.26,,,4,google_play,2025-11-30T16:15:08.107712,5
3e2451bc-4507-498e-b0d2-66d211889072,BOA,Bank of Abyssinia Mobile,com.boa.boaMobileBanking,1,It is always crushing it loged me out all the time,it is always crushing it loged me out all the time,2024-04-28 16:16:38,24.04.22,,,0,google_play,2025-11-30T16:15:08.107712,11
6308cb59-e418-4559-80e1-b53d44ce7c9a,BOA,Bank of Abyssinia Mobile,com.boa.boaMobileBanking,5,my fav app,my fav app,2025-11-07 06:04:39,25.09.03,,,0,google_play,2025-11-30T16:15:08.107712,3
6a7a5c64-4056-404d-b37e-60bf1d6ee90a,BOA,Bank of Abyssinia Mobile,com.boa.boaMobileBanking,5,best of best,best of best,2025-11-10 17:25:19,25.09.03,,,0,google_play,2025-11-30T16:15:08.107712,3
5af4e484-25a8-4612-a21f-78d14133c52d,BOA,Bank of Abyssinia Mobile,com.boa.boaMobileBanking,1,Is it necessary to switch off developer options every time to use mobile banking?🤔🤔😡😡😡,is it necessary to switch off developer options every time to use mobile banking?,2024-08-04 12:53:44,24.07.04,,,0,google_play,2025-11-30T16:15:08.107712,14
695331e7-0600-4a44-805b-255770e5f33b,BOA,Bank of Abyssinia Mobile,com.boa.boaMobileBanking,5,Fast and reliable,fast and reliable,2024-11-18 16:58:47,24.09.30,,,1,google_play,2025-11-30T16:15:08.107712,3
8707cb4a-9436-4fde-83e5-e08f2a36e035,BOA,Bank of Abyssinia Mobile,com.boa.boaMobileBanking,3,The onky defect is that it is too slow,the onky defect is that it is too slow,2024-04-25 11:55:44,,,,0,google_play,2025-11-30T16:15:08.107712,9
bffe6663-e88f-4a08-97bc-e6ea6b2d8227,BOA,Bank of Abyssinia Mobile,com.boa.boaMobileBanking,1,keeps freezing at the front page.,keeps freezing at the front page.,2025-08-10 16:35:29,25.05.03,,,0,google_play,2025-11-30T16:15:08.107712,6
4f204bc2-3713-4db3-81a5-dca33fa239b5,BOA,Bank of Abyssinia Mobile,com.boa.boaMobileBanking,1,Sorry to say it is very poor apps I have decided to suspend the BoA account,sorry to say it is very poor apps i have decided to suspend the boa account,2024-04-25 10:26:05,24.04.22,,,1,google_play,2025-11-30T16:15:08.107712,16
63c608e3-85ac-46ab-a948-1ab4a81bd575,BOA,Bank of Abyssinia Mobile,com.boa.boaMobileBanking,5,I have been using this app for two years.It is amazing.,i have been using this app for two years.it is amazing.,2025-01-31 22:18:26,24.11.22,,,3,google_play,2025-11-30T16:15:08.107712,11
56e691a9-fdd9-469b-a8b0-d495312cda48,BOA,Bank of Abyssinia Mobile,com.boa.boaMobileBanking,5,It's very good but sometimes isn't work probably,its very good but sometimes isnt work probably,2024-07-12 17:10:09,24.07.04,,,1,google_play,2025-11-30T16:15:08.107712,8
cad446e3-e47d-4b8f-a47e-771cf8771aca,BOA,Bank of Abyssinia Mobile,com.boa.boaMobileBanking,2,I think I remember it worked once upon time...,i think i remember it worked once upon time...,2024-05-02 17:19:27,24.04.26,,,1,google_play,2025-11-30T16:15:08.107712,9
f07f9c2b-112a-4fe7-9187-0da7683616bc,BOA,Bank of Abyssinia Mobile,com.boa.boaMobileBanking,1,It doesn't work on my 2 devices A05 and A34 😡,it doesnt work on my 2 devices a05 and a34,2024-12-02 19:19:07,24.11.22,,,1,google_play,2025-11-30T16:15:08.107712,10
f5d98801-653a-42db-b567-7ec99f5f76cb,BOA,Bank of Abyssinia Mobile,com.boa.boaMobileBanking,1,The best bank with the worst application and ussd service.,the best bank with the worst application and ussd service.,2024-04-30 08:05:29,24.04.26,,,0,google_play,2025-11-30T16:15:08.107712,10
fe2fcc2e-a065-4210-a48b-4ea4e93f383e,BOA,Bank of Abyssinia Mobile,com.boa.boaMobileBanking,2,This App is Getting worse and worse with every update,this app is getting worse and worse with every update,2025-07-11 12:03:44,25.05.03,,,1,google_play,2025-11-30T16:15:08.107712,10
2267893c-a4cc-4618-b016-e0743aea27e2,BOA,Bank of Abyssinia Mobile,com.boa.boaMobileBanking,1,I don't get why this app is developed it is not functional at all !!,i dont get why this app is developed it is not functional at all !!,2024-05-12 16:48:54,24.05.07,,,0,google_play,2025-11-30T16:15:08.107712,15
d65cb095-4aad-44b5-ace2-de0e6be51444,BOA,Bank of Abyssinia Mobile,com.boa.boaMobileBanking,1,The previous version is better it doesn't work,the previous version is better it doesnt work,2024-08-04 08:16:27,24.07.04,,,0,google_play,2025-11-30T16:15:08.107712,8
f9d522b2-ef61-43ea-bdff-9ccf70b88498,BOA,Bank of Abyssinia Mobile,com.boa.boaMobileBanking,1,Poor application. It turned off by itself,poor application. it turned off by itself,2024-07-23 15:06:20,24.07.04,,,0,google_play,2025-11-30T16:15:08.107712,7
158fd686-a553-4c44-b769-f1a9438fc9a2,BOA,Bank of Abyssinia Mobile,com.boa.boaMobileBanking,1,Worst application relative to other Ethiopia mobile banking app,worst application relative to other ethiopia mobile banking app,2024-05-06 17:44:10,24.04.26,,,0,google_play,2025-11-30T16:15:08.107712,9
52ada943-791a-40f9-95b3-30f8919e1518,BOA,Bank of Abyssinia Mobile,com.boa.boaMobileBanking,3,This app is so annoying as the previous version.,this app is so annoying as the previous version.,2024-04-30 18:21:07,24.04.26,,,0,google_play,2025-11-30T16:15:08.107712,9
390e85e9-72a5-4a7f-b68c-72f94c586fda,BOA,Bank of Abyssinia Mobile,com.boa.boaMobileBanking,3,The app is not good need a few work,the app is not good need a few work,2024-06-11 13:09:00,24.02.07,,,1,google_play,2025-11-30T16:15:08.107712,9
362b7c91-55d7-45f5-bcd5-7088f6b09e3a,Dashen,Dashen Bank Mobile,com.dashen.dashensuperapp,5,"The Dashen Super App is very impressive. It is fast, easy to use, and provides smooth access to all essential banking services. Money transfer, bill payment, balance check, and other features work efficiently without issues. The design is clean and user-friendly. Great step forward in digital banking — keep up the good work, Dashen Bank!","the dashen super app is very impressive. it is fast, easy to use, and provides smooth access to all essential banking services. money transfer, bill payment, balance check, and other features work efficiently without issues. the design is clean and userfriendly. great step forward in digital banking keep up the good work, dashen bank!",2025-11-05 18:11:36,1.8.1,,,219,google_play,2025-11-30T16:15:08.107712,54
fded7d2d-d728-45d8-bbff-d921bb72b84c,Dashen,Dashen Bank Mobile,com.dashen.dashensuperapp,4,"@Shewangizaw L. As a heavy user of the app , the issue you raised around resetting pass pin concerned me and gave it a try and found it to be safe. Basically the app will do two things: verifies one using an otp and then requires an in-person visit to bank's physical branch for final verification after resetting the password. Therefore, safe to use! I wish ""i""nformational tip was added around the reset button. Could not attach screenshot.","shewangizaw l. as a heavy user of the app , the issue you raised around resetting pass pin concerned me and gave it a try and found it to be safe. basically the app will do two things verifies one using an otp and then requires an inperson visit to banks physical branch for final verification after resetting the password. therefore, safe to use! i wish informational tip was added around the reset button. could not attach screenshot.",2025-10-06 14:43:32,1.7.4,,,38,google_play,2025-11-30T16:15:08.107712,78
34e38910-0b27-4048-954e-82aa66d61c43,Dashen,Dashen Bank Mobile,com.dashen.dashensuperapp,1,"This might be the worst banking app I've ever used I dont know why kind of bug it is but suddenly the apps stops working it says ""Temporarily unavailable"" for a simple feature like viewing account balance and in person visit was no help it took them longer than 2 hours to fix it and even after that 2 weeks later the same problem just because of this I'm going to stop using the bank altogether which is a shame because it's a decent bank",this might be the worst banking app ive ever used i dont know why kind of bug it is but suddenly the apps stops working it says temporarily unavailable for a simple feature like viewing account balance and in person visit was no help it took them longer than 2 hours to fix it and even after that 2 weeks later the same problem just because of this im going to stop using the bank altogether which is a shame because its a decent bank,2025-11-01 07:46:53,1.8.0,"Dear Ato Zelalem,

We apologize for the inconvenience that you faced while using our Bank's Super App. We always strive to improve the App to create a fascinating experience to our customers. If you need a personal support, you can reach out to us through our social media pages (inbox).

Thank you in advance.",2025-11-05 14:11:32,508,google_play,2025-11-30T16:15:08.107712,85
d29af33e-3f63-4b7e-9312-b63f7d2c6724,Dashen,Dashen Bank Mobile,com.dashen.dashensuperapp,1,What do you care about my phone's settings? Who are you to tell me what to turn off and on? It is my phone after all. This *develoler option* thing will cost you a lot of users who are willing to leave the bank once and for all. Turn this thing off. 6 you fear this is a security issue fix your side not mine.,what do you care about my phones settings? who are you to tell me what to turn off and on? it is my phone after all. this develoler option thing will cost you a lot of users who are willing to leave the bank once and for all. turn this thing off. 6 you fear this is a security issue fix your side not mine.,2025-11-25 15:03:10,1.8.1,,,0,google_play,2025-11-30T16:15:08.107712,65
eeb816b9-14d4-4d91-a3b5-90b391850faa,Dashen,Dashen Bank Mobile,com.dashen.dashensuperapp,5,"The Dashen Super App is very impressive. It is fast, easy to use, and provides smooth access to all essential banking services. Money transfer, bill payment, balance check, and other features work efficiently without issues. The design is clean and user-friendly. Great step forward in digital banking — keep up the good work, Dashen Bank!..","the dashen super app is very impressive. it is fast, easy to use, and provides smooth access to all essential banking services. money transfer, bill payment, balance check, and other features work efficiently without issues. the design is clean and userfriendly. great step forward in digital banking keep up the good work, dashen bank!..",2025-11-19 18:51:58,1.7.4,,,52,google_play,2025-11-30T16:15:08.107712,54
360a6c12-d948-4ce0-aea6-267b8eaaa743,Dashen,Dashen Bank Mobile,com.dashen.dashensuperapp,3,it has improved very much lately its working more and getting better but yet it is not fully fixed some time at night it doesn't work..i think the problem is it was launched too early.,it has improved very much lately its working more and getting better but yet it is not fully fixed some time at night it doesnt work..i think the problem is it was launched too early.,2025-11-04 12:32:40,1.8.1,,,134,google_play,2025-11-30T16:15:08.107712,35
9504f5cc-7f16-4fe0-8ba5-f76eef162f8b,Dashen,Dashen Bank Mobile,com.dashen.dashensuperapp,5,"its fast and easy to communicate to the app and its available all area keep it up.i will make Happy for this application thank you dashen bank for your effort,commitment and dedication. i appricated your work.","its fast and easy to communicate to the app and its available all area keep it up.i will make happy for this application thank you dashen bank for your effort,commitment and dedication. i appricated your work.",2025-11-26 16:02:58,1.8.1,,,0,google_play,2025-11-30T16:15:08.107712,36
d18aa410-4dc1-4c26-8f7d-a866f5b498ba,Dashen,Dashen Bank Mobile,com.dashen.dashensuperapp,5,"i love the app it features are perfect, but it asks to update too many times to activate your need to visit a nearest branch and that takes time. other than that the app is great I like it","i love the app it features are perfect, but it asks to update too many times to activate your need to visit a nearest branch and that takes time. other than that the app is great i like it",2025-11-05 06:25:51,1.8.1,,,156,google_play,2025-11-30T16:15:08.107712,39
898109d7-385c-4fc9-b8a6-bd6e2a303a39,Dashen,Dashen Bank Mobile,com.dashen.dashensuperapp,1,NASTY BANK . EVEN THE SUPPER APP IS NOT WORKING WELL. WHEN I AM CALLING THEM THEY ARE NOT RESPONSE . PLEASE DON'T USE THIS APP BECAUSE YOU WILL LOSS YOU TIME ;ENERGY AND EVERYTHING . HOPELESS Bank .,nasty bank . even the supper app is not working well. when i am calling them they are not response . please dont use this app because you will loss you time energy and everything . hopeless bank .,2025-11-10 17:19:34,1.8.1,,,2,google_play,2025-11-30T16:15:08.107712,39
9a6e8134-27c5-45f1-8dae-6c6fb1827281,Dashen,Dashen Bank Mobile,com.dashen.dashensuperapp,1,I have one issue though what if the mobile phone with the sim is stolen and have no pattern or pin. The app allows to reset the pin directly without 2FA like finger print just by sending sms. which is a big gap. It should be addressed I didn't expect but it does and no trust at all.,i have one issue though what if the mobile phone with the sim is stolen and have no pattern or pin. the app allows to reset the pin directly without 2fa like finger print just by sending sms. which is a big gap. it should be addressed i didnt expect but it does and no trust at all.,2025-09-28 18:50:25,1.7.4,"Thank you for raising this concern.
After a PIN reset, the customer’s account is automatically unlinked from the Super App. This means that even if someone resets the PIN, they cannot access the account directly. To regain access, the customer must visit any Dashen branch for account reactivation, where identity verification is required.",2025-10-08 17:18:22,343,google_play,2025-11-30T16:15:08.107712,58
5cf2f96d-65d1-4c59-bc53-9ba932c4c57b,Dashen,Dashen Bank Mobile,com.dashen.dashensuperapp,4,"The UI is impressive, but adding an ATM withdrawal feature for cardless cash access would enhance functionality. This may require updates to the ATM system as well. Please consider this, dev team.","the ui is impressive, but adding an atm withdrawal feature for cardless cash access would enhance functionality. this may require updates to the atm system as well. please consider this, dev team.",2025-10-22 14:47:51,1.7.4,,,4,google_play,2025-11-30T16:15:08.107712,32
264384ce-c57e-4c4b-ad15-434015cb7f49,Dashen,Dashen Bank Mobile,com.dashen.dashensuperapp,3,The app stops working whenever there is an update unless you update the app. But it is better if it kept working on and updating should be optional.,the app stops working whenever there is an update unless you update the app. but it is better if it kept working on and updating should be optional.,2025-09-26 15:11:16,1.6.0,,,20,google_play,2025-11-30T16:15:08.107712,28
74f35e55-6ee7-4d01-bc8a-e5b3c92a6b70,Dashen,Dashen Bank Mobile,com.dashen.dashensuperapp,5,"Super Up is the ultimate digital banking app, living up to its name with speed, efficiency, and innovation. Designed for a seamless experience, it offers lightning-fast transactions, top-tier security, and effortless financial management. With Super Up, banking has never been this smooth, smart, and super!","super up is the ultimate digital banking app, living up to its name with speed, efficiency, and innovation. designed for a seamless experience, it offers lightningfast transactions, toptier security, and effortless financial management. with super up, banking has never been this smooth, smart, and super!",2025-10-27 10:40:59,1.7.4,,,183,google_play,2025-11-30T16:15:08.107712,45
bab597bd-52e5-42da-aa02-97cd368d8c0e,Dashen,Dashen Bank Mobile,com.dashen.dashensuperapp,1,"not a great app compared to the others ,It freezes randomly ,Takes a lot to load ,and a lot of errors while sending money ,I stopped using it","not a great app compared to the others ,it freezes randomly ,takes a lot to load ,and a lot of errors while sending money ,i stopped using it",2025-09-07 14:42:37,1.5.9,,,280,google_play,2025-11-30T16:15:08.107712,28
3ece3a7c-9557-45ae-8053-2bf5568f2861,Dashen,Dashen Bank Mobile,com.dashen.dashensuperapp,1,"Only the UI/UX is good, but it doesn't function properly. It's a shame that a leading tech bank has such an app. Amole is far better.","only the uiux is good, but it doesnt function properly. its a shame that a leading tech bank has such an app. amole is far better.",2025-11-13 13:33:36,1.8.1,,,3,google_play,2025-11-30T16:15:08.107712,26
59498129-d37f-4693-a7e7-834300661621,Dashen,Dashen Bank Mobile,com.dashen.dashensuperapp,5,"I just updated my app to the latest version and I couldn't even see my balance, send money or do anything. It says service is unavailable and it will be fixed soon.","i just updated my app to the latest version and i couldnt even see my balance, send money or do anything. it says service is unavailable and it will be fixed soon.",2025-11-01 10:55:50,1.8.0,,,93,google_play,2025-11-30T16:15:08.107712,32
dabda953-ac0a-476a-8791-c6a66deebc20,Dashen,Dashen Bank Mobile,com.dashen.dashensuperapp,2,"it's a really slow app, I'm not sure what the issue is. Even other bank transfers are not working","its a really slow app, im not sure what the issue is. even other bank transfers are not working",2025-11-18 11:26:04,1.8.1,,,1,google_play,2025-11-30T16:15:08.107712,19
51268efb-62a7-4121-9fc7-d0b377a32aab,Dashen,Dashen Bank Mobile,com.dashen.dashensuperapp,1,bill payment options are limited in this app please add ethio telecom bill electric bill etc.. instead of adding nonsense in banking app,bill payment options are limited in this app please add ethio telecom bill electric bill etc.. instead of adding nonsense in banking app,2025-11-18 13:03:30,1.8.1,,,0,google_play,2025-11-30T16:15:08.107712,23
163201b7-323d-4462-850b-c8453dfcb4cf,Dashen,Dashen Bank Mobile,com.dashen.dashensuperapp,5,"Dashen Bank Super App is incredibly convenient! Easy to use, fast, and reliable – a great app to manage everything in one place.","dashen bank super app is incredibly convenient! easy to use, fast, and reliable a great app to manage everything in one place.",2025-10-29 11:12:01,1.7.4,,,23,google_play,2025-11-30T16:15:08.107712,22
32334fdd-91e8-4308-a104-bd3291119b05,Dashen,Dashen Bank Mobile,com.dashen.dashensuperapp,1,"Dashen SuperApp is the worst app for me because it consistently fails during transfers. When I try to send money, the transaction freezes for extended periods—sometimes a full day, and often two or three days or more. Crucially, the funds are neither delivered to the recipient nor immediately refunded to my account, which is incredibly frustrating and makes me feel like I've lost my money. The app urgently needs a technical update to ensure transactions process smoothly and reliably.","dashen superapp is the worst app for me because it consistently fails during transfers. when i try to send money, the transaction freezes for extended periodssometimes a full day, and often two or three days or more. crucially, the funds are neither delivered to the recipient nor immediately refunded to my account, which is incredibly frustrating and makes me feel like ive lost my money. the app urgently needs a technical update to ensure transactions process smoothly and reliably.",2025-10-14 15:08:03,,,,8,google_play,2025-11-30T16:15:08.107712,79
c68cdc01-a66b-40fe-a6b7-cbb1487156f4,Dashen,Dashen Bank Mobile,com.dashen.dashensuperapp,5,"The design is clean and modern, and everything works smoothly without bugs. I love how reliable the app is it makes banking so convenient.","the design is clean and modern, and everything works smoothly without bugs. i love how reliable the app is it makes banking so convenient.",2025-10-28 14:46:47,1.7.4,,,20,google_play,2025-11-30T16:15:08.107712,24
2d3661c7-4b35-4a79-9428-5db3ad5109c7,Dashen,Dashen Bank Mobile,com.dashen.dashensuperapp,5,"The best UI banking app from all those I used, other Ethiopian banks I used have a really old UI. This is very neat and easy to use. Also so reliable.","the best ui banking app from all those i used, other ethiopian banks i used have a really old ui. this is very neat and easy to use. also so reliable.",2025-09-26 13:30:17,1.7.4,,,262,google_play,2025-11-30T16:15:08.107712,31
90d2468b-101a-4006-ae49-d07185b49594,Dashen,Dashen Bank Mobile,com.dashen.dashensuperapp,5,"Finally, banking made simple! Everything I need is in one super app. A true game changer for managing my finances on the go.","finally, banking made simple! everything i need is in one super app. a true game changer for managing my finances on the go.",2025-10-28 13:34:16,1.7.4,,,8,google_play,2025-11-30T16:15:08.107712,23
29976e59-78c6-40e6-bc2a-6ba6e9959a09,Dashen,Dashen Bank Mobile,com.dashen.dashensuperapp,5,"I rarely leave reviews, but this app truly deserves one. It’s efficient, secure, and makes financial tasks effortless. Definitely a 5-star experience","i rarely leave reviews, but this app truly deserves one. its efficient, secure, and makes financial tasks effortless. definitely a 5star experience",2025-10-28 13:04:15,1.7.4,,,3,google_play,2025-11-30T16:15:08.107712,22
6cbe56f6-0aff-4ee7-a7fe-2c1ccf6244e4,Dashen,Dashen Bank Mobile,com.dashen.dashensuperapp,5,It’s impressive how consistently the app is improving. I’ve been using it for months and they have improved a lot in terms of not only beauty but also performance wise.,its impressive how consistently the app is improving. ive been using it for months and they have improved a lot in terms of not only beauty but also performance wise.,2025-10-28 13:50:27,1.7.4,,,1,google_play,2025-11-30T16:15:08.107712,30
8ffcaec9-4351-4cc7-973c-1d86365894f0,Dashen,Dashen Bank Mobile,com.dashen.dashensuperapp,5,"i rarely leave reviews, but this app truely deserves one.it's efficient ,secure , reliable and makes fanancial tasks effortless.definitely 5 stars for this exceptional app","i rarely leave reviews, but this app truely deserves one.its efficient ,secure , reliable and makes fanancial tasks effortless.definitely 5 stars for this exceptional app",2025-11-04 13:35:15,1.7.4,,,1,google_play,2025-11-30T16:15:08.107712,25
be6dc291-6fb0-427b-8553-d735553e3313,Dashen,Dashen Bank Mobile,com.dashen.dashensuperapp,5,"A true banking super app! The Dashen Super App combines great design, security, and an impressive range of features. Highly recommended for anyone looking for a complete digital banking experience.","a true banking super app! the dashen super app combines great design, security, and an impressive range of features. highly recommended for anyone looking for a complete digital banking experience.",2025-10-28 14:44:46,1.7.4,,,2,google_play,2025-11-30T16:15:08.107712,30
4405edcc-29c2-4606-9119-32fd60425503,Dashen,Dashen Bank Mobile,com.dashen.dashensuperapp,1,App is passive when compare to Amole it takes 3-5 seconds to open and i cannot refresh transactions what i did.,app is passive when compare to amole it takes 35 seconds to open and i cannot refresh transactions what i did.,2025-10-03 18:22:10,1.7.4,,,6,google_play,2025-11-30T16:15:08.107712,21
db4710e2-0fb3-459c-a3a5-69445d4cb270,Dashen,Dashen Bank Mobile,com.dashen.dashensuperapp,5,"This app makes my day-to-day payments so easy. Everything works perfectly, and it saves me a lot of time.","this app makes my daytoday payments so easy. everything works perfectly, and it saves me a lot of time.",2025-10-28 14:10:13,1.7.4,,,1,google_play,2025-11-30T16:15:08.107712,19
ddeb6fa8-f5c7-46d1-b75d-914ce9f0c460,Dashen,Dashen Bank Mobile,com.dashen.dashensuperapp,5,"I’ve been using the the App, and it’s been working really well for my daily transactions. Good work 👌","ive been using the the app, and its been working really well for my daily transactions. good work",2025-10-28 13:28:36,1.7.4,,,1,google_play,2025-11-30T16:15:08.107712,18
a71c88cf-7021-4ba7-b000-46587677601f,Dashen,Dashen Bank Mobile,com.dashen.dashensuperapp,1,what happened to dashen bank? this is by far the worst banking app. extremely slow when it works and is out of service all the time,what happened to dashen bank? this is by far the worst banking app. extremely slow when it works and is out of service all the time,2025-09-08 11:55:17,1.6.0,,,10,google_play,2025-11-30T16:15:08.107712,26
3677b2d7-95ab-4c95-87af-ef1d3edb674e,Dashen,Dashen Bank Mobile,com.dashen.dashensuperapp,5,I have been using this app for months and its easy to use and is user friendly thanks Dashen bank.,i have been using this app for months and its easy to use and is user friendly thanks dashen bank.,2025-10-28 13:36:56,1.7.4,,,1,google_play,2025-11-30T16:15:08.107712,20
35ecd30c-9d1c-40c7-90c0-592d9ea5d0bd,Dashen,Dashen Bank Mobile,com.dashen.dashensuperapp,5,"All in One Super App with smooth navigation, transaction and lifestyle services","all in one super app with smooth navigation, transaction and lifestyle services",2025-11-14 11:30:57,1.8.1,,,0,google_play,2025-11-30T16:15:08.107712,12
fec786b2-90d3-454d-a63e-bf53bf71c2a6,Dashen,Dashen Bank Mobile,com.dashen.dashensuperapp,1,"This so-called “Super App” is a complete disappointment. It’s confusing, slow, and full of glitches honestly, it feels like it was designed to test people’s patience, not to help them bank. Calling it “super” is a joke; it’s one of the most useless apps I’ve ever used.","this socalled super app is a complete disappointment. its confusing, slow, and full of glitches honestly, it feels like it was designed to test peoples patience, not to help them bank. calling it super is a joke its one of the most useless apps ive ever used.",2025-11-11 15:57:21,1.8.1,,,0,google_play,2025-11-30T16:15:08.107712,47
7bf9a8a8-2718-4a3b-85f0-3ac3b628ec84,Dashen,Dashen Bank Mobile,com.dashen.dashensuperapp,5,It is a wonderful App developed by a local talent. It deserves an appreciation. It will continue to evolve with new exciting features.,it is a wonderful app developed by a local talent. it deserves an appreciation. it will continue to evolve with new exciting features.,2025-11-05 07:51:46,1.8.1,,,4,google_play,2025-11-30T16:15:08.107712,23
cb7e6779-3210-43c2-914c-4c80ba6e9aac,Dashen,Dashen Bank Mobile,com.dashen.dashensuperapp,3,"The app has potential, but the QR payment feature is disappointing. The scanner doesn’t work, and even though there’s an option to select a QR code from the gallery, it doesn’t function either. This makes paying with QR codes almost impossible. Fixing this would really improve the app.","the app has potential, but the qr payment feature is disappointing. the scanner doesnt work, and even though theres an option to select a qr code from the gallery, it doesnt function either. this makes paying with qr codes almost impossible. fixing this would really improve the app.",2025-09-04 12:17:54,1.5.8,,,34,google_play,2025-11-30T16:15:08.107712,48
b8b11ccd-acac-419e-8ffc-16c86972ffd9,Dashen,Dashen Bank Mobile,com.dashen.dashensuperapp,5,I have had an amazing experience with this app;ot os convenient and easy to use,i have had an amazing experience with this appot os convenient and easy to use,2025-11-14 11:37:45,1.8.1,,,0,google_play,2025-11-30T16:15:08.107712,15
3a8dbeb7-0952-43ec-847e-bd418d51548e,Dashen,Dashen Bank Mobile,com.dashen.dashensuperapp,5,"Wow, I really loved the new UI/UX! Great job, Dashen Bank! You guys are the best mobile banking in Ethiopia.","wow, i really loved the new uiux! great job, dashen bank! you guys are the best mobile banking in ethiopia.",2025-09-25 08:18:21,1.7.2,,,71,google_play,2025-11-30T16:15:08.107712,20
3630822b-a561-49cd-ba3e-689548d61e5d,Dashen,Dashen Bank Mobile,com.dashen.dashensuperapp,1,Dashin mobile banking is become worest app like others Ethiopian bank apps. Amole was the best app ever I used. It was so flexible & reliable to use. and the best app user can login with new device without go to bank physically.,dashin mobile banking is become worest app like others ethiopian bank apps. amole was the best app ever i used. it was so flexible reliable to use. and the best app user can login with new device without go to bank physically.,2025-09-05 04:44:53,1.5.5,,,18,google_play,2025-11-30T16:15:08.107712,42
ae6c7ac5-400e-4bc5-ab19-713020fd9797,Dashen,Dashen Bank Mobile,com.dashen.dashensuperapp,1,"""super Idiot app"" 1.it forced me to off many of my phone settings like developers option. 2.Never works fastly. 3.It needs multiple click. 4. Doesn't notify if received money & many many more *** The worst mobile app ever expanded***",super idiot app 1.it forced me to off many of my phone settings like developers option. 2.never works fastly. 3.it needs multiple click. 4. doesnt notify if received money many many more the worst mobile app ever expanded,2025-09-01 16:18:19,1.5.8,,,89,google_play,2025-11-30T16:15:08.107712,38
9f1611c8-4469-40f3-9b6e-2736c5c13f4e,Dashen,Dashen Bank Mobile,com.dashen.dashensuperapp,5,"​I appreciate that this app allowed me to access multiple services in one centralized place. Thank you, Dashen Bank!","i appreciate that this app allowed me to access multiple services in one centralized place. thank you, dashen bank!",2025-10-28 14:11:32,1.7.4,,,0,google_play,2025-11-30T16:15:08.107712,19
87355423-1404-4beb-b08d-7cad5d4b4f08,Dashen,Dashen Bank Mobile,com.dashen.dashensuperapp,2,"I had a disappointing experience with Dashen Bank's Super Up service. The app is very slow and takes forever to load during transactions, which is incredibly frustrating. Additionally, it doesn't generate receipts for any transactions, making it difficult to keep track of my expenses. I also reached out to customer support, but the response time was longer than expected. Overall, I was hoping for a better experience, but I find the service lacking and in need of improvement.","i had a disappointing experience with dashen banks super up service. the app is very slow and takes forever to load during transactions, which is incredibly frustrating. additionally, it doesnt generate receipts for any transactions, making it difficult to keep track of my expenses. i also reached out to customer support, but the response time was longer than expected. overall, i was hoping for a better experience, but i find the service lacking and in need of improvement.",2025-04-09 20:49:23,1.0.14,,,64,google_play,2025-11-30T16:15:08.107712,78
dc9bba76-9134-4fd4-927e-3a0480628f7b,Dashen,Dashen Bank Mobile,com.dashen.dashensuperapp,1,"Great app, unfortunately I struggle to use it from outside Ethiopia. It tells me ""VPN enabled please disable VPN to continue using the app"". And that's happening without any VPN enabled. I think I will need to switch back to CBE because I need access to my bank account globally.","great app, unfortunately i struggle to use it from outside ethiopia. it tells me vpn enabled please disable vpn to continue using the app. and thats happening without any vpn enabled. i think i will need to switch back to cbe because i need access to my bank account globally.",2025-08-15 08:09:12,1.5.5,,,487,google_play,2025-11-30T16:15:08.107712,50
9dd2a5b8-d258-4f07-b8ef-c95c4d1e3a23,Dashen,Dashen Bank Mobile,com.dashen.dashensuperapp,5,Astonishing interface with ease of access and complete performance,astonishing interface with ease of access and complete performance,2025-10-28 13:10:53,1.7.4,,,1,google_play,2025-11-30T16:15:08.107712,9
e687285e-63ca-4319-bd69-a8a7f1029943,Dashen,Dashen Bank Mobile,com.dashen.dashensuperapp,1,"Updates every time 🥲, when it's updated, it doesn't work at all. 😭","updates every time , when its updated, it doesnt work at all.",2025-09-26 18:53:04,1.7.4,,,8,google_play,2025-11-30T16:15:08.107712,12
86b26648-6711-4439-a44d-55e9aa090353,Dashen,Dashen Bank Mobile,com.dashen.dashensuperapp,5,"Amazing UI and UX, the dark mode looks absolutely awesome!","amazing ui and ux, the dark mode looks absolutely awesome!",2025-10-28 13:16:03,1.7.4,,,3,google_play,2025-11-30T16:15:08.107712,10
0d789c56-bdf8-489e-8f96-c6508734fade,Dashen,Dashen Bank Mobile,com.dashen.dashensuperapp,5,This is one of the most user friendly and impressive apps I have encountered in the banking sector,this is one of the most user friendly and impressive apps i have encountered in the banking sector,2025-10-28 13:19:14,1.7.4,,,0,google_play,2025-11-30T16:15:08.107712,18
dc8432b9-7fd6-4ada-9ca6-b632467fcf15,Dashen,Dashen Bank Mobile,com.dashen.dashensuperapp,3,"It was easy enough before. but now it won't even open , why? pls help if possible. The email address you provided under the App support also can't be found by Gmail. pls respond.","it was easy enough before. but now it wont even open , why? pls help if possible. the email address you provided under the app support also cant be found by gmail. pls respond.",2025-08-14 19:00:15,1.5.5,,,31,google_play,2025-11-30T16:15:08.107712,34
ba74c62f-ad24-42ab-bbdf-b56a765ba124,Dashen,Dashen Bank Mobile,com.dashen.dashensuperapp,5,Dashen Bank Super App is the latest version of online banking system that is the gift from Dashen bank for us Thanks to Dashen,dashen bank super app is the latest version of online banking system that is the gift from dashen bank for us thanks to dashen,2025-11-04 14:07:00,1.8.1,,,0,google_play,2025-11-30T16:15:08.107712,24
8fcb61bb-c476-4963-9ce7-8520c21fdb32,Dashen,Dashen Bank Mobile,com.dashen.dashensuperapp,2,I really appreciate but we can't use it if don't have balance or data access,i really appreciate but we cant use it if dont have balance or data access,2025-10-01 10:07:29,1.7.4,,,5,google_play,2025-11-30T16:15:08.107712,15
54ec2a20-6d4c-4934-8f43-95bcbfc419ae,Dashen,Dashen Bank Mobile,com.dashen.dashensuperapp,1,The worst app ever. Extremely unreliable. Such a shame for a big bank.,the worst app ever. extremely unreliable. such a shame for a big bank.,2025-10-31 17:59:12,1.7.4,,,0,google_play,2025-11-30T16:15:08.107712,13
b2962d2d-86b8-43a5-ab14-d9d37ad03165,Dashen,Dashen Bank Mobile,com.dashen.dashensuperapp,5,"Game changer app! Dashen Bank Super App is fast, secure, and easy to use. The three-click payment makes sending money super quick, and the QR code payment is perfect for cashless shopping. I also love the biometric login and easy airtime and bill payments. Everything I need is in one place. Dashen Bank has really raised the bar for digital banking in Ethiopia. Highly recommended!","game changer app! dashen bank super app is fast, secure, and easy to use. the threeclick payment makes sending money super quick, and the qr code payment is perfect for cashless shopping. i also love the biometric login and easy airtime and bill payments. everything i need is in one place. dashen bank has really raised the bar for digital banking in ethiopia. highly recommended!",2025-05-26 18:16:29,1.0.16,,,1108,google_play,2025-11-30T16:15:08.107712,65
98f164eb-f69b-4bd7-ad2d-defcfa2249a1,Dashen,Dashen Bank Mobile,com.dashen.dashensuperapp,2,I can't open virtual account.I have been trying it for about 3 days still no resolve.,i cant open virtual account.i have been trying it for about 3 days still no resolve.,2025-10-04 16:47:57,1.7.4,,,2,google_play,2025-11-30T16:15:08.107712,16
1ee92e14-11e6-4db1-8a6c-a627e42c2089,Dashen,Dashen Bank Mobile,com.dashen.dashensuperapp,5,"The app has evolved impressively over time. The latest release adds dark and light modes that enhance usability and design. It’s intuitive, modern, and clearly built with the user in mind — setting a new benchmark for digital banking.","the app has evolved impressively over time. the latest release adds dark and light modes that enhance usability and design. its intuitive, modern, and clearly built with the user in mind setting a new benchmark for digital banking.",2025-10-28 13:40:52,1.7.4,,,1,google_play,2025-11-30T16:15:08.107712,38
80a217d4-a389-40ab-bd17-b6c164c76aaa,Dashen,Dashen Bank Mobile,com.dashen.dashensuperapp,1,"not attractive and friendly app. Check Awash, CBE apps","not attractive and friendly app. check awash, cbe apps",2025-11-06 12:19:27,1.8.1,,,1,google_play,2025-11-30T16:15:08.107712,9
8cd152ac-79ad-4248-8a85-574943011aa6,Dashen,Dashen Bank Mobile,com.dashen.dashensuperapp,5,I love the new dark theme it gives the app modern feel n make it more comfortable to use,i love the new dark theme it gives the app modern feel n make it more comfortable to use,2025-10-28 13:21:30,1.7.4,,,2,google_play,2025-11-30T16:15:08.107712,19
d41dd3e3-b09b-4d1f-a5a2-0caa9f430e37,Dashen,Dashen Bank Mobile,com.dashen.dashensuperapp,2,Dashen Super App contains extended selections for customers and can be easily accessible and also friendly to use.,dashen super app contains extended selections for customers and can be easily accessible and also friendly to use.,2025-08-21 09:16:41,1.5.5,,,14,google_play,2025-11-30T16:15:08.107712,18
b2fb954d-1f3b-4b0b-9ab2-7a6da576cf26,Dashen,Dashen Bank Mobile,com.dashen.dashensuperapp,5,with the super app evry thing i need is just a tap away,with the super app evry thing i need is just a tap away,2025-11-17 06:39:31,1.8.1,,,0,google_play,2025-11-30T16:15:08.107712,13
59e75889-3000-449d-99f0-8ce02c493466,Dashen,Dashen Bank Mobile,com.dashen.dashensuperapp,1,"I am very disappointed with the Dashin Bank Super App. The app does not allow me to withdraw 50 birr or can't transfer money and even I can't use it to buy airtime. This makes me feel like my 50 birr is no longer my money, but the bank’s money, since I cannot access or use it freely. According to the National Bank of Ethiopia (NBE), the rule is that 100 birr is not withdrawable, but it can be used to buy airtime or transferred to friends. Dashin Bank’s restriction goes beyond this rule and unfa","i am very disappointed with the dashin bank super app. the app does not allow me to withdraw 50 birr or cant transfer money and even i cant use it to buy airtime. this makes me feel like my 50 birr is no longer my money, but the banks money, since i cannot access or use it freely. according to the national bank of ethiopia nbe, the rule is that 100 birr is not withdrawable, but it can be used to buy airtime or transferred to friends. dashin banks restriction goes beyond this rule and unfa",2025-09-06 20:39:00,,,,1,google_play,2025-11-30T16:15:08.107712,96
98ca9bca-5c01-4997-b80a-b8a53481b391,Dashen,Dashen Bank Mobile,com.dashen.dashensuperapp,5,"This is not only a mobile banking app, it is beyond that. We will access our account easily, we are able to get many information easily here. i.e. exchage rate. We are able to chat with others, we are able to budget, we are able to transfer to other bank and within Dashen. we are able to access many accounts in a single app, we are able to pay bills in QR scan, we are able to make payments and order delivery items here in a single app. #Always one step ahead.","this is not only a mobile banking app, it is beyond that. we will access our account easily, we are able to get many information easily here. i.e. exchage rate. we are able to chat with others, we are able to budget, we are able to transfer to other bank and within dashen. we are able to access many accounts in a single app, we are able to pay bills in qr scan, we are able to make payments and order delivery items here in a single app. always one step ahead.",2025-03-31 20:46:13,1.0.14,,,34,google_play,2025-11-30T16:15:08.107712,92
a9b0db48-0dae-4e29-9406-dfc9b52cd466,Dashen,Dashen Bank Mobile,com.dashen.dashensuperapp,5,"Greately improved since it was released! I really like the budget and expense tegistration feature. For ATM or POS withdrawals, it is not possible to account these expenses, even if it is visible on the transactions window. If that can be worked on, it will be improve so much!!","greately improved since it was released! i really like the budget and expense tegistration feature. for atm or pos withdrawals, it is not possible to account these expenses, even if it is visible on the transactions window. if that can be worked on, it will be improve so much!!",2025-03-10 11:06:34,1.0.14,,,504,google_play,2025-11-30T16:15:08.107712,49
15bd455e-6fb5-4dc8-8068-cc051fcd5d79,Dashen,Dashen Bank Mobile,com.dashen.dashensuperapp,1,"it say's disable developer option, i disabled it but its not working still","it says disable developer option, i disabled it but its not working still",2025-11-17 09:23:29,1.8.1,,,1,google_play,2025-11-30T16:15:08.107712,13
593462a4-2b65-4980-a492-9eeef5f116ca,Dashen,Dashen Bank Mobile,com.dashen.dashensuperapp,5,"Dashen Super App is a game-changer with its sleek, user-friendly interface. Lightning-fast responses and seamless navigation make every task a breeze. Love the organized layout and clear features that save time daily. Fantastic work—highly recommended for effortless banking!","dashen super app is a gamechanger with its sleek, userfriendly interface. lightningfast responses and seamless navigation make every task a breeze. love the organized layout and clear features that save time daily. fantastic workhighly recommended for effortless banking!",2025-10-28 15:18:01,1.7.4,,,0,google_play,2025-11-30T16:15:08.107712,38
d6059960-9967-4be6-a771-000dd2f1743a,Dashen,Dashen Bank Mobile,com.dashen.dashensuperapp,5,"As an Internal Customer, Dashen Bank SuperApp has greatly simplified my online banking experience. It's easy to use, allowing me to quickly check balances, transfer money and pay Bills. The app's advanced security features are highly secure, ensuring my data is well protected. The Three click, Chat Banking and IPS features have also given me a smarter experience. In deed Dashen Bank is always steping ahead!","as an internal customer, dashen bank superapp has greatly simplified my online banking experience. its easy to use, allowing me to quickly check balances, transfer money and pay bills. the apps advanced security features are highly secure, ensuring my data is well protected. the three click, chat banking and ips features have also given me a smarter experience. in deed dashen bank is always steping ahead!",2025-04-21 10:50:08,1.0.15,,,285,google_play,2025-11-30T16:15:08.107712,66
43c462b0-3873-429a-ac91-ee72fbf4e070,Dashen,Dashen Bank Mobile,com.dashen.dashensuperapp,5,"I have been using the Dashen Supper app mobile banking app , and overall, I appreciate its features.However,I’ve noticed that when I turn on the developer options on my device, the app stops functioning properly. It would be great if you could look into this issue, as I often need to access developer settings for other applications . Thank you for your attention to this matter!","i have been using the dashen supper app mobile banking app , and overall, i appreciate its features.however,ive noticed that when i turn on the developer options on my device, the app stops functioning properly. it would be great if you could look into this issue, as i often need to access developer settings for other applications . thank you for your attention to this matter!",2025-04-21 11:08:17,1.0.15,,,99,google_play,2025-11-30T16:15:08.107712,66
0a5e77d2-0b8d-4777-8c63-de906861a90a,Dashen,Dashen Bank Mobile,com.dashen.dashensuperapp,2,"very slow and failed transaction multiple times, previous app was much better!!","very slow and failed transaction multiple times, previous app was much better!!",2025-09-04 10:19:13,1.5.8,,,7,google_play,2025-11-30T16:15:08.107712,12
143ca385-df65-48dc-8339-c870d3fce650,Dashen,Dashen Bank Mobile,com.dashen.dashensuperapp,5,Excellent banking app for all your needs! Who needs a physical branch when you can use Dashen Bank Super App Instead! I've never had an issue with anything that Dashen Bank Super App haven't handled swiftly and resolved to my satisfaction and above I don't often write reviews but this is an app/bank that I would highly recommended to everyone 💯 👌👍,excellent banking app for all your needs! who needs a physical branch when you can use dashen bank super app instead! ive never had an issue with anything that dashen bank super app havent handled swiftly and resolved to my satisfaction and above i dont often write reviews but this is an appbank that i would highly recommended to everyone,2025-01-22 14:53:55,1.0.4,,,161,google_play,2025-11-30T16:15:08.107712,60
5bfe42a8-190a-44b6-8149-bbf58d0cbd08,Dashen,Dashen Bank Mobile,com.dashen.dashensuperapp,5,"Dashen SupApp is the most contemporary application, offering a great experience by enabling users to perform multiple tasks through a single platform—such as chatting with friends, transferring money, paying bills, and more. It is the first app of its kind in the Ethiopian banking industry, making it a remarkable opportunity for entrepreneurs working in app-based sales and software marketing. Good job, Dashen Bank!","dashen supapp is the most contemporary application, offering a great experience by enabling users to perform multiple tasks through a single platformsuch as chatting with friends, transferring money, paying bills, and more. it is the first app of its kind in the ethiopian banking industry, making it a remarkable opportunity for entrepreneurs working in appbased sales and software marketing. good job, dashen bank!",2025-04-21 10:24:37,1.0.15,,,31,google_play,2025-11-30T16:15:08.107712,63
02b8cc52-e23d-4b2f-b1e5-576c3560b859,Dashen,Dashen Bank Mobile,com.dashen.dashensuperapp,5,"Dear Users of the Dashen Bank Super App,I have been using the Dashen Bank Super App for a while now, and I must say—it’s truly a game-changer! The app is incredibly fast and reliable; I’ve never encountered any delays with my transactions. One feature I absolutely love is Chat Banking. It makes everyday tasks like checking my balance or transferring money as simple as sending a quick message. Also, the budgeting tool has been a huge help in tracking my spending and giving me a clearer","dear users of the dashen bank super app,i have been using the dashen bank super app for a while now, and i must sayits truly a gamechanger! the app is incredibly fast and reliable ive never encountered any delays with my transactions. one feature i absolutely love is chat banking. it makes everyday tasks like checking my balance or transferring money as simple as sending a quick message. also, the budgeting tool has been a huge help in tracking my spending and giving me a clearer",2025-04-21 10:35:59,,,,6,google_play,2025-11-30T16:15:08.107712,86
a2b10118-101d-4ee3-ad6f-61980614aa3b,Dashen,Dashen Bank Mobile,com.dashen.dashensuperapp,1,app is too slow not opening fast,app is too slow not opening fast,2025-10-30 22:20:28,1.7.4,,,0,google_play,2025-11-30T16:15:08.107712,7
e0770686-7f6d-4168-8b14-6d5a6084fd32,Dashen,Dashen Bank Mobile,com.dashen.dashensuperapp,3,Your staffs are really hardworking but the app is not like your employees,your staffs are really hardworking but the app is not like your employees,2025-09-12 09:11:59,1.6.0,,,2,google_play,2025-11-30T16:15:08.107712,13
99b53c3c-9074-448a-8dd4-4d0ecf85e835,Dashen,Dashen Bank Mobile,com.dashen.dashensuperapp,5,stunning UI with reliable service!,stunning ui with reliable service!,2025-10-28 09:23:42,1.7.4,,,0,google_play,2025-11-30T16:15:08.107712,5
215de933-fc3e-45ce-9bd9-b7d6d113c8c3,Dashen,Dashen Bank Mobile,com.dashen.dashensuperapp,5,"easy to use, friendly","easy to use, friendly",2025-11-06 18:34:55,1.8.1,,,0,google_play,2025-11-30T16:15:08.107712,4
5b430dc9-06e5-4015-a4cb-7c671ff8ae9c,Dashen,Dashen Bank Mobile,com.dashen.dashensuperapp,5,This app has replaced several others for me. It has everything I need in one place.,this app has replaced several others for me. it has everything i need in one place.,2025-10-28 13:45:08,1.7.3,,,0,google_play,2025-11-30T16:15:08.107712,16
48ca44ba-ef5d-4023-84c2-20fa95be75d5,Dashen,Dashen Bank Mobile,com.dashen.dashensuperapp,1,"This app is not supporting smart phones that have old android version and so it is none inclusive. At the same time the amole lite is not working properly and once you reached to maximum otp trail mistakes due to network or other errors like stacks , you will be tied up to make Transactions. Ohh... tired!!!!!","this app is not supporting smart phones that have old android version and so it is none inclusive. at the same time the amole lite is not working properly and once you reached to maximum otp trail mistakes due to network or other errors like stacks , you will be tied up to make transactions. ohh... tired!!!!!",2025-03-20 00:39:23,1.0.14,,,166,google_play,2025-11-30T16:15:08.107712,57
a0165d49-aca9-41e3-929f-ef67fccf3f56,Dashen,Dashen Bank Mobile,com.dashen.dashensuperapp,1,"it's seems to have some improvements, I don't know what's going on with this app sometimes get collapseed. This is not expected from Dashen bank, which is amongst from famous and greatest banks.","its seems to have some improvements, i dont know whats going on with this app sometimes get collapseed. this is not expected from dashen bank, which is amongst from famous and greatest banks.",2025-10-30 15:55:02,,,,1,google_play,2025-11-30T16:15:08.107712,33
474cda36-39b1-4257-939a-0ec2255554d2,Dashen,Dashen Bank Mobile,com.dashen.dashensuperapp,1,What's the problem with this app's that asking for updates on a daily basis?,whats the problem with this apps that asking for updates on a daily basis?,2025-09-25 16:13:14,1.7.2,,,1,google_play,2025-11-30T16:15:08.107712,14
9f025499-c17d-4452-bb71-3c2b7b1c4500,Dashen,Dashen Bank Mobile,com.dashen.dashensuperapp,1,"Before the recent update, this app was great. Now, the home page is cluttered with promotions and banners, which really hurts the experience. I think the app stopped being banking app and started only to promote b/c 95% of the app is only ads, also full of bugs","before the recent update, this app was great. now, the home page is cluttered with promotions and banners, which really hurts the experience. i think the app stopped being banking app and started only to promote bc 95 of the app is only ads, also full of bugs",2025-11-01 09:56:49,,,,1,google_play,2025-11-30T16:15:08.107712,48
20f428da-b44d-4d32-8ba6-6a7432a66028,Dashen,Dashen Bank Mobile,com.dashen.dashensuperapp,1,always updating bad stability,always updating bad stability,2025-11-17 20:48:46,1.8.0,,,0,google_play,2025-11-30T16:15:08.107712,4
6474a971-6e4e-4b4e-b9c2-9afa21954cc7,Dashen,Dashen Bank Mobile,com.dashen.dashensuperapp,1,can't access as will if it's super and can't even access the service when you need it's a big failure,cant access as will if its super and cant even access the service when you need its a big failure,2025-08-22 22:04:15,1.5.5,,,6,google_play,2025-11-30T16:15:08.107712,20
e2db003a-f02a-462f-99e2-3bfc2054a442,Dashen,Dashen Bank Mobile,com.dashen.dashensuperapp,1,"its a very low quality and slow application, very unreliable in times of need","its a very low quality and slow application, very unreliable in times of need",2025-08-13 13:53:27,1.5.4,,,8,google_play,2025-11-30T16:15:08.107712,14
72f788cf-857a-4b95-8aa8-4086764ddf5d,Dashen,Dashen Bank Mobile,com.dashen.dashensuperapp,1,it is totally work of failure. I personally prefer dashen amole instead of this super dull app.,it is totally work of failure. i personally prefer dashen amole instead of this super dull app.,2025-08-16 18:26:30,1.5.5,,,9,google_play,2025-11-30T16:15:08.107712,17
1124e4c7-b545-49aa-be67-4284f2b39eeb,Dashen,Dashen Bank Mobile,com.dashen.dashensuperapp,5,"I’ve been using the Dashen Bank Super App for a while now, and it’s been a game-changer. The app is super fast and reliable—I’ve never had an issue with transactions being delayed. One of my favorite features is the chat banking, which makes it so easy to do things like check my balance or transfer money just by typing a quick message. The budgeting tool is also really useful. It helps me keep track of my spending and gives me a clear picture of where","ive been using the dashen bank super app for a while now, and its been a gamechanger. the app is super fast and reliableive never had an issue with transactions being delayed. one of my favorite features is the chat banking, which makes it so easy to do things like check my balance or transfer money just by typing a quick message. the budgeting tool is also really useful. it helps me keep track of my spending and gives me a clear picture of where",2025-03-28 07:30:54,1.0.14,,,147,google_play,2025-11-30T16:15:08.107712,85
9057ebb4-b1dd-4df9-a0d3-9ead5360b9c9,Dashen,Dashen Bank Mobile,com.dashen.dashensuperapp,5,"Dashen Super App is a game-changer! It’s fast, user-friendly, and packed with features that make everyday banking and transactions super convenient. I love how everything I need from mobile banking to utility payments is all in one place. The interface is clean, and everything works smoothly. Definitely one of the best apps out there. Highly recommended!","dashen super app is a gamechanger! its fast, userfriendly, and packed with features that make everyday banking and transactions super convenient. i love how everything i need from mobile banking to utility payments is all in one place. the interface is clean, and everything works smoothly. definitely one of the best apps out there. highly recommended!",2025-04-21 20:28:50,1.0.15,,,285,google_play,2025-11-30T16:15:08.107712,56
a34ea67e-01a2-487d-b414-b2d41d0572a2,Dashen,Dashen Bank Mobile,com.dashen.dashensuperapp,5,I have used many mobile banking and also tellebir and mpesa nothing come close to this app. Well done Dashen indeed one step a head. A lot of cool features that amole hasn't the receipt and the account statement is superb for me. I hope you add more integrated small apps to.,i have used many mobile banking and also tellebir and mpesa nothing come close to this app. well done dashen indeed one step a head. a lot of cool features that amole hasnt the receipt and the account statement is superb for me. i hope you add more integrated small apps to.,2025-03-12 07:52:45,1.0.14,,,24,google_play,2025-11-30T16:15:08.107712,52
a96e41e8-767a-47e4-831c-2993d37f2906,Dashen,Dashen Bank Mobile,com.dashen.dashensuperapp,2,"there is nothing super about this app, repeatedly failed transaction and wastes customer valuable time. if you have to do system upgrade do it at a time when there is less traffic demand. your Technical difficulty should not be reflected on customer.","there is nothing super about this app, repeatedly failed transaction and wastes customer valuable time. if you have to do system upgrade do it at a time when there is less traffic demand. your technical difficulty should not be reflected on customer.",2025-04-24 08:32:35,1.0.15,,,34,google_play,2025-11-30T16:15:08.107712,42
a4024312-1bfc-4942-bab2-89a8800248ff,Dashen,Dashen Bank Mobile,com.dashen.dashensuperapp,1,Finish the app development fully before you give the final result. It's is very inconvenient and not that reliable at the moment.,finish the app development fully before you give the final result. its is very inconvenient and not that reliable at the moment.,2025-10-08 14:01:12,,,,1,google_play,2025-11-30T16:15:08.107712,22
c73641e9-3f90-408c-b7a0-245d95f38059,Dashen,Dashen Bank Mobile,com.dashen.dashensuperapp,2,The app doesn't allow to switch between accounts. Why is it not possible to use two accounts on the same app even if the accounts have been opened at different branch?,the app doesnt allow to switch between accounts. why is it not possible to use two accounts on the same app even if the accounts have been opened at different branch?,2025-09-06 12:26:33,,,,1,google_play,2025-11-30T16:15:08.107712,31
aa31a976-cb24-4df5-8f7c-6fcb238d9327,Dashen,Dashen Bank Mobile,com.dashen.dashensuperapp,1,"This is the worst mobile banking experience I’ve ever had. It doesn’t work when you need it, and it randomly updates itself without warning. You can’t make transactions whenever you want. It’s a nightmare for anyone who relies on this as their main banking option, especially those with a lot of money in their account. I’m lucky I’m not one of them, but still, it’s infuriating not being able to access your money when you need it.""l","this is the worst mobile banking experience ive ever had. it doesnt work when you need it, and it randomly updates itself without warning. you cant make transactions whenever you want. its a nightmare for anyone who relies on this as their main banking option, especially those with a lot of money in their account. im lucky im not one of them, but still, its infuriating not being able to access your money when you need it.l",2025-04-07 19:19:22,1.0.14,,,32,google_play,2025-11-30T16:15:08.107712,77
23019863-9b22-4d7e-8271-49f6b96b1546,Dashen,Dashen Bank Mobile,com.dashen.dashensuperapp,5,"The Dashen Super App offers a quick and user-friendly experience, bringing together a variety of services, like budgeting, payments, airtime recharges, and more, all in one convenient platform. Its sleek design and intuitive navigation ensure effortless transactions. It's evident that Dashen Bank has carefully crafted the app to make everyday financial activities easier. A great choice for anyone aiming to streamline their digital routines!","the dashen super app offers a quick and userfriendly experience, bringing together a variety of services, like budgeting, payments, airtime recharges, and more, all in one convenient platform. its sleek design and intuitive navigation ensure effortless transactions. its evident that dashen bank has carefully crafted the app to make everyday financial activities easier. a great choice for anyone aiming to streamline their digital routines!",2025-04-21 10:41:56,1.0.15,,,37,google_play,2025-11-30T16:15:08.107712,64
02f78b78-255a-4e0b-9cca-5be6f627903d,Dashen,Dashen Bank Mobile,com.dashen.dashensuperapp,5,"It has a great application features from the beginning. I'm glad to use it even I haven't used it yet because I haven't activated my account yet. But it's simple, comprehensive, full of information, and fast. በርቱ ዳሸኖች: The super app has impressed me more than I expected.","it has a great application features from the beginning. im glad to use it even i havent used it yet because i havent activated my account yet. but its simple, comprehensive, full of information, and fast. the super app has impressed me more than i expected.",2025-01-15 13:11:51,1.0.4,,,76,google_play,2025-11-30T16:15:08.107712,46
baa88e99-cfcf-4593-98f6-4442a8dbdb59,Dashen,Dashen Bank Mobile,com.dashen.dashensuperapp,1,"This is boring Mobile banking app, it is not work properly .so slow!","this is boring mobile banking app, it is not work properly .so slow!",2025-08-11 14:19:55,1.5.3,,,5,google_play,2025-11-30T16:15:08.107712,13
a2779b7b-ad8d-420f-a4d4-d1e4ec4212d8,Dashen,Dashen Bank Mobile,com.dashen.dashensuperapp,5,Dashen super app is the best all ethiopian banks keep it,dashen super app is the best all ethiopian banks keep it,2025-09-27 19:16:36,1.7.4,,,2,google_play,2025-11-30T16:15:08.107712,11
62e4269a-6b6b-44ea-a4ec-07b21d8eda68,Dashen,Dashen Bank Mobile,com.dashen.dashensuperapp,5,"The Dashen Bank Super App has truly elevated my mobile banking experience. It's fast, user-friendly, and packed with all the essential features. The interface is clean and intuitive, making navigation easy even for first-time users. I also appreciate the added security features that give me peace of mind while banking on the go. Dashen Bank has done an amazing job with this app—it’s reliable, efficient, and always improving. Highly recommended for anyone looking for seamless digital banking!","the dashen bank super app has truly elevated my mobile banking experience. its fast, userfriendly, and packed with all the essential features. the interface is clean and intuitive, making navigation easy even for firsttime users. i also appreciate the added security features that give me peace of mind while banking on the go. dashen bank has done an amazing job with this appits reliable, efficient, and always improving. highly recommended for anyone looking for seamless digital banking!",2025-04-21 10:44:47,1.0.14,,,83,google_play,2025-11-30T16:15:08.107712,77
873196ce-c4ce-441c-a522-dd0785ea59f3,Dashen,Dashen Bank Mobile,com.dashen.dashensuperapp,5,"The app is incredibly handy for managing multiple financial tasks, from bill payments to managing budgets. It’s saved me a lot of time and made banking way more convenient. Definitely worth checking out!","the app is incredibly handy for managing multiple financial tasks, from bill payments to managing budgets. its saved me a lot of time and made banking way more convenient. definitely worth checking out!",2025-04-21 15:01:01,1.0.14,,,12,google_play,2025-11-30T16:15:08.107712,33
4515e0fb-53a8-4310-8734-084b884ed005,Dashen,Dashen Bank Mobile,com.dashen.dashensuperapp,5,"i can't recommend the Dashen Super App enough! This app is truly a game changer for anyone looking for a seamless and efficient way to manage their daily life. It combines multiple essential services into one easy-to-use platform, saving time and simplifying tasks The user interface is modern, intuitive, and super responsive, making navigation a breeze. Whether it's banking, payment services, or accessing lifestyle features, everything is just a few clicks away!!","i cant recommend the dashen super app enough! this app is truly a game changer for anyone looking for a seamless and efficient way to manage their daily life. it combines multiple essential services into one easytouse platform, saving time and simplifying tasks the user interface is modern, intuitive, and super responsive, making navigation a breeze. whether its banking, payment services, or accessing lifestyle features, everything is just a few clicks away!!",2025-04-21 15:08:23,1.0.14,,,215,google_play,2025-11-30T16:15:08.107712,72
3fcf360a-1a03-42d4-9c5e-7973b8671e68,Dashen,Dashen Bank Mobile,com.dashen.dashensuperapp,5,"This banking superapp is incredibly well designed. The design and appearance of the app and the overall experience I have when using the app is fantastic. The app is packed with features from banking to e-commerce all in one place.It even has a budget setting option which is super useful for managing my money. Everything runs smoothly and I love how convenient it has made my daily life. Huge Kudos to Dashen Bank. You are truly living up to the motto ''Always one step ahead."" Keep it up!",this banking superapp is incredibly well designed. the design and appearance of the app and the overall experience i have when using the app is fantastic. the app is packed with features from banking to ecommerce all in one place.it even has a budget setting option which is super useful for managing my money. everything runs smoothly and i love how convenient it has made my daily life. huge kudos to dashen bank. you are truly living up to the motto always one step ahead. keep it up!,2025-04-21 10:28:39,1.0.14,,,20,google_play,2025-11-30T16:15:08.107712,88
43612140-e7b5-43b7-9b04-4247bb2f8d37,Dashen,Dashen Bank Mobile,com.dashen.dashensuperapp,1,when i tried to open the app it re-downloading something big 3GB 4GB size and after 3 hours late it will open. it's my experience Very worst app it isn't lite app not works in every situation of networks.,when i tried to open the app it redownloading something big 3gb 4gb size and after 3 hours late it will open. its my experience very worst app it isnt lite app not works in every situation of networks.,2025-08-08 21:41:49,,,,1,google_play,2025-11-30T16:15:08.107712,39
72dd0a8a-9d0e-42e8-8509-304b330f0177,Dashen,Dashen Bank Mobile,com.dashen.dashensuperapp,1,"this app is not good and compatible with other Ethiopian bank apps, it is not fast, is stacks sometimes ,even some days it stops working at all.","this app is not good and compatible with other ethiopian bank apps, it is not fast, is stacks sometimes ,even some days it stops working at all.",2025-07-23 20:29:33,1.0.16,,,41,google_play,2025-11-30T16:15:08.107712,27
31a7cae7-e838-4e64-bd2d-aeca8ff27d38,Dashen,Dashen Bank Mobile,com.dashen.dashensuperapp,1,Cannot list the number of bugs with this pile of human waste. The absolute worst banking app I have ever used. 50 steps backwards. DO NOT RECOMMEND.,cannot list the number of bugs with this pile of human waste. the absolute worst banking app i have ever used. 50 steps backwards. do not recommend.,2025-07-02 17:23:48,1.0.14,,,8,google_play,2025-11-30T16:15:08.107712,27
ceb1f402-8c82-477a-bf14-1476bc359e7d,Dashen,Dashen Bank Mobile,com.dashen.dashensuperapp,4,"It's very good, but there are some things that need to be improved by (speed & receipt view) to be competitive with the companies in the country, i.e.cbe&telebirr.","its very good, but there are some things that need to be improved by speed receipt view to be competitive with the companies in the country, i.e.cbetelebirr.",2025-08-12 01:42:55,1.0.16,,,9,google_play,2025-11-30T16:15:08.107712,27
6ab16d21-d2c8-4235-9c48-ff713bfde731,Dashen,Dashen Bank Mobile,com.dashen.dashensuperapp,2,I like this mobile banking app very much. Overall user interface and navigation is awesome. But it lacks instant response when someone deposit or withdraw money.,i like this mobile banking app very much. overall user interface and navigation is awesome. but it lacks instant response when someone deposit or withdraw money.,2025-06-07 09:40:29,1.0.16,,,9,google_play,2025-11-30T16:15:08.107712,26
6eede71d-d47c-4b19-8059-67f8de75da64,Dashen,Dashen Bank Mobile,com.dashen.dashensuperapp,5,"It's an amazing application to use bank transactions in Ethiopia and it's so friendly btw, but need to ck that account link when we lost our mobile it's ver difficult to link up for the next one pls ck","its an amazing application to use bank transactions in ethiopia and its so friendly btw, but need to ck that account link when we lost our mobile its ver difficult to link up for the next one pls ck",2025-06-14 15:12:11,1.0.16,,,7,google_play,2025-11-30T16:15:08.107712,39
a02f3622-dc96-4c0a-9509-83f06407c209,Dashen,Dashen Bank Mobile,com.dashen.dashensuperapp,1,"This app is the most unreliable mobile banking application I have ever used for transaction, it is very late, non-responsive and full of bugs. Its is very disappointing. It is just inconvinient, and not user friendly and compatabke at all !!!!!!","this app is the most unreliable mobile banking application i have ever used for transaction, it is very late, nonresponsive and full of bugs. its is very disappointing. it is just inconvinient, and not user friendly and compatabke at all !!!!!!",2025-03-14 13:45:53,1.0.14,,,382,google_play,2025-11-30T16:15:08.107712,41
8855d0d8-19db-4113-b1fa-89731f0ed033,Dashen,Dashen Bank Mobile,com.dashen.dashensuperapp,2,would most likely rate it even less but it does have it's perks. But for the most part the whole app is filled with bugs and it stops being responsive almost everytime. Besides some new features and the new UI design I most definitely prefer the old amole Version. either fix this mess or bring back Amole,would most likely rate it even less but it does have its perks. but for the most part the whole app is filled with bugs and it stops being responsive almost everytime. besides some new features and the new ui design i most definitely prefer the old amole version. either fix this mess or bring back amole,2025-08-01 12:51:18,1.0.16,,,5,google_play,2025-11-30T16:15:08.107712,57
dd62498b-d256-495f-8251-683626113991,Dashen,Dashen Bank Mobile,com.dashen.dashensuperapp,4,it is Excellent April jest continue more abeaten.....,it is excellent april jest continue more abeaten.....,2025-10-19 16:06:42,1.7.4,,,0,google_play,2025-11-30T16:15:08.107712,8
8f0e023e-152e-44a6-bba1-627c20d3e298,Dashen,Dashen Bank Mobile,com.dashen.dashensuperapp,5,"I am very impressed with the Dashen super app. It is user-friendly and operates efficiently. The budget and chatbot features are impressive, and all items can be purchased with just three clicks.","i am very impressed with the dashen super app. it is userfriendly and operates efficiently. the budget and chatbot features are impressive, and all items can be purchased with just three clicks.",2025-04-21 10:42:01,1.0.15,,,16,google_play,2025-11-30T16:15:08.107712,32
650cfa8e-a81f-4f2e-bfbf-8f7fa6996872,Dashen,Dashen Bank Mobile,com.dashen.dashensuperapp,5,"Dashen SuperApp the ultimate all-in-one solution! From banking and shopping to bill payments, everything you need is right at your fingertips. Life just got a whole lot easier!","dashen superapp the ultimate allinone solution! from banking and shopping to bill payments, everything you need is right at your fingertips. life just got a whole lot easier!",2025-04-21 17:19:05,1.0.15,,,19,google_play,2025-11-30T16:15:08.107712,28
be79dbdd-63db-463c-9abf-a88387d6b07a,Dashen,Dashen Bank Mobile,com.dashen.dashensuperapp,5,"A truly impressive app — user-friendly and a game-changer in Ethiopian banking. The Dashen Super App stands out as one of the most innovative and convenient digital banking solutions in Ethiopia’s financial history. Smooth navigation, seamless features, and a wide range of services all in one place. Well done!","a truly impressive app userfriendly and a gamechanger in ethiopian banking. the dashen super app stands out as one of the most innovative and convenient digital banking solutions in ethiopias financial history. smooth navigation, seamless features, and a wide range of services all in one place. well done!",2025-04-21 10:50:00,1.0.15,,,20,google_play,2025-11-30T16:15:08.107712,48
04461449-8fd8-4684-8b12-1bc3aee7f6f2,Dashen,Dashen Bank Mobile,com.dashen.dashensuperapp,4,"Good improvements after the Sep 25, 2025 update.","good improvements after the sep 25, 2025 update.",2025-09-29 09:17:49,1.6.0,,,4,google_play,2025-11-30T16:15:08.107712,8
e2e4f955-c79a-4192-a71e-950a3fde3907,Dashen,Dashen Bank Mobile,com.dashen.dashensuperapp,3,"Please try to fix the barrier between other banks specially with ""Commercial bank of Ethiopia""",please try to fix the barrier between other banks specially with commercial bank of ethiopia,2025-11-05 12:05:15,1.8.1,,,0,google_play,2025-11-30T16:15:08.107712,15
ac66af69-7294-4963-b8f6-132b03778671,Dashen,Dashen Bank Mobile,com.dashen.dashensuperapp,5,"The app even in its' first phase is too far one step booster that enables a user to perform a seamless Banking service with multi step security features at his/her comfort zone. It really assured that Dashen Bank is living the Logo ""ALWAYS ONE STEP AHEAD""",the app even in its first phase is too far one step booster that enables a user to perform a seamless banking service with multi step security features at hisher comfort zone. it really assured that dashen bank is living the logo always one step ahead,2025-07-20 10:12:52,1.0.16,,,4,google_play,2025-11-30T16:15:08.107712,46
6bf6ad8e-bd05-454f-ac8f-fc11c1aeedb5,Dashen,Dashen Bank Mobile,com.dashen.dashensuperapp,5,"Dashen, always two step ahead.","dashen, always two step ahead.",2025-11-05 13:33:19,1.8.1,,,0,google_play,2025-11-30T16:15:08.107712,5
5c592442-a2c0-4290-95d8-93a1362b4f10,Dashen,Dashen Bank Mobile,com.dashen.dashensuperapp,5,"I appreciate how secure this app feels. Every transaction comes with confirmation, and I always get alerts immediately.","i appreciate how secure this app feels. every transaction comes with confirmation, and i always get alerts immediately.",2025-10-28 13:23:09,,,,0,google_play,2025-11-30T16:15:08.107712,18
f8147000-27b4-418b-af0c-49cd8e39e40e,Dashen,Dashen Bank Mobile,com.dashen.dashensuperapp,1,"It's an unpredictable app, I can't make transactions, and now I can't even get the OTP! So it's going from bad to worse! Thank goodness the Amole Dashen app still exists.","its an unpredictable app, i cant make transactions, and now i cant even get the otp! so its going from bad to worse! thank goodness the amole dashen app still exists.",2025-06-25 11:09:46,1.0.16,,,6,google_play,2025-11-30T16:15:08.107712,31
3628b279-490b-4784-a3ce-d776a20e1bd5,Dashen,Dashen Bank Mobile,com.dashen.dashensuperapp,5,The updated design looks amazing. I really appreciate being able to switch between dark and light mode it’s a small change that makes a big difference!,the updated design looks amazing. i really appreciate being able to switch between dark and light mode its a small change that makes a big difference!,2025-10-28 13:11:58,,,,0,google_play,2025-11-30T16:15:08.107712,26
211b2b4d-826d-4192-9fa8-25d7e38c7666,Dashen,Dashen Bank Mobile,com.dashen.dashensuperapp,5,"Dashen superapp just keeps improving. The new theme options are beautiful, and the overall experience is faster and smoother than ever","dashen superapp just keeps improving. the new theme options are beautiful, and the overall experience is faster and smoother than ever",2025-10-28 13:38:42,,,,0,google_play,2025-11-30T16:15:08.107712,21
de496d31-86a5-4051-b76d-4e91d882f5f5,Dashen,Dashen Bank Mobile,com.dashen.dashensuperapp,4,"It's great! But it will be advanced if you include a caption that allow customers to transfer to Telebirr account. Dashen Bank, ""ኩሉ ግዜ፡ ሓደ ስጕሚ ቀዳሚ።"" (Always one step ahead!)","its great! but it will be advanced if you include a caption that allow customers to transfer to telebirr account. dashen bank, always one step ahead!",2025-01-15 16:49:41,1.0.4,,,16,google_play,2025-11-30T16:15:08.107712,26
ce9b538b-ea95-497b-ba79-45189131f057,Dashen,Dashen Bank Mobile,com.dashen.dashensuperapp,5,"Banking, but make it smart. Local solutions, all in one place. Smooth, fast, and actually saving time. Feels like the future. Love it!","banking, but make it smart. local solutions, all in one place. smooth, fast, and actually saving time. feels like the future. love it!",2025-04-21 12:59:53,1.0.14,,,9,google_play,2025-11-30T16:15:08.107712,23
22725963-a873-43c8-a711-f52ec4ce55b2,Dashen,Dashen Bank Mobile,com.dashen.dashensuperapp,5,"After i download the app recently had a smooth expriance, its user friendly, fast, and everything works as expected. keep up the good work.","after i download the app recently had a smooth expriance, its user friendly, fast, and everything works as expected. keep up the good work.",2025-04-21 12:07:27,1.0.14,,,14,google_play,2025-11-30T16:15:08.107712,24
739b4157-4335-4fe7-9273-07f9427c8dba,Dashen,Dashen Bank Mobile,com.dashen.dashensuperapp,5,"A solid step forward by Dashen Bank. The SuperApp combines essential banking features with lifestyle services, making everything accessible in one place. The interface is smooth, and transactions are quick and reliable. It’s clear a lot of thought went into the design and functionality. Great job!","a solid step forward by dashen bank. the superapp combines essential banking features with lifestyle services, making everything accessible in one place. the interface is smooth, and transactions are quick and reliable. its clear a lot of thought went into the design and functionality. great job!",2025-04-21 13:16:45,1.0.15,,,25,google_play,2025-11-30T16:15:08.107712,46
5b8c94df-b1d3-4948-bcb1-238e80146227,Dashen,Dashen Bank Mobile,com.dashen.dashensuperapp,5,"Dashen SuperApp is a lifesaver! Banking, shopping, and bills in one super easy app. The new e-commerce feature is awesome and supports local merchants. Fast, secure, and proudly Ethiopian.Download it now—you won’t regret it!","dashen superapp is a lifesaver! banking, shopping, and bills in one super easy app. the new ecommerce feature is awesome and supports local merchants. fast, secure, and proudly ethiopian.download it nowyou wont regret it!",2025-04-21 13:31:02,1.0.15,,,11,google_play,2025-11-30T16:15:08.107712,34
cdbc2de4-065b-4230-a34b-c532cf84ae71,Dashen,Dashen Bank Mobile,com.dashen.dashensuperapp,5,"The app has various usefull functions, which make easy the payment system. Also, it will connect with sellers having reasonable prices.","the app has various usefull functions, which make easy the payment system. also, it will connect with sellers having reasonable prices.",2025-04-22 08:22:10,1.0.15,,,13,google_play,2025-11-30T16:15:08.107712,21
acab324e-1c06-4be4-bfb4-093e0d0db46f,Dashen,Dashen Bank Mobile,com.dashen.dashensuperapp,1,I wanted to share some concerns about your Supper App. It appears to be experiencing reliability issues and isn’t performing as expected. I hope this can be addressed soon to improve the user experience. One star 🌟 for now.,i wanted to share some concerns about your supper app. it appears to be experiencing reliability issues and isnt performing as expected. i hope this can be addressed soon to improve the user experience. one star for now.,2025-03-19 13:49:23,1.0.14,,,11,google_play,2025-11-30T16:15:08.107712,38
328e442a-c92a-42dc-a91c-44d71556a34e,Dashen,Dashen Bank Mobile,com.dashen.dashensuperapp,5,"one of the best digital platforms I've used! from smooth transactions to a seamless shopping experience, highly recommended.","one of the best digital platforms ive used! from smooth transactions to a seamless shopping experience, highly recommended.",2025-04-21 21:32:42,1.0.14,,,7,google_play,2025-11-30T16:15:08.107712,18
c8a76cee-dbcc-491e-9aa0-0f8fa423ee1a,Dashen,Dashen Bank Mobile,com.dashen.dashensuperapp,4,Nothing is changed in the updated version. You have been collecting comments but where is the feed back you improved in this version. superapp is mot functioning today.,nothing is changed in the updated version. you have been collecting comments but where is the feed back you improved in this version. superapp is mot functioning today.,2025-05-20 12:22:54,1.0.14,,,109,google_play,2025-11-30T16:15:08.107712,28
c2ef1fe4-8517-4a83-9f92-165c0e65540a,Dashen,Dashen Bank Mobile,com.dashen.dashensuperapp,5,"The new mobile banking application is a major upgrade! It’s incredibly user-friendly, with a clean and modern design that makes navigation simple and intuitive. I really appreciate how fast it loads and how smooth the overall experience is. All essential services like balance checks, transfers, and bill payments are eas y to find and use. The added security features give me peace of mind, and the app runs reliably without crashes or glitches. It’s clear a lot of thought went into the user experi","the new mobile banking application is a major upgrade! its incredibly userfriendly, with a clean and modern design that makes navigation simple and intuitive. i really appreciate how fast it loads and how smooth the overall experience is. all essential services like balance checks, transfers, and bill payments are eas y to find and use. the added security features give me peace of mind, and the app runs reliably without crashes or glitches. its clear a lot of thought went into the user experi",2025-04-21 10:52:02,1.0.15,,,403,google_play,2025-11-30T16:15:08.107712,84
aa332503-7097-479d-89d9-6b762bb9e814,Dashen,Dashen Bank Mobile,com.dashen.dashensuperapp,2,"Simple, robust features? Yes, please! But the endless loading screen killed the fun—I couldn’t use it for days. Fix the glitch, and I’ll yeet a higher rating!","simple, robust features? yes, please! but the endless loading screen killed the funi couldnt use it for days. fix the glitch, and ill yeet a higher rating!",2025-05-26 07:21:54,,,,1,google_play,2025-11-30T16:15:08.107712,27
40cc8813-3573-4cc3-bbba-3cd722362717,Dashen,Dashen Bank Mobile,com.dashen.dashensuperapp,4,It has a Good performance but need more upgrade for more performance like when we login account not be fast balance show other thing looking good. Carry on. Thanks so much for Greatest service,it has a good performance but need more upgrade for more performance like when we login account not be fast balance show other thing looking good. carry on. thanks so much for greatest service,2025-01-17 18:04:25,1.0.4,,,76,google_play,2025-11-30T16:15:08.107712,34
31eddf1f-9725-472b-b29a-53377dac71ca,Dashen,Dashen Bank Mobile,com.dashen.dashensuperapp,5,"It is,really super because of its unique offerings to individuals and businesses.It is a secure UX first app intended to cater comprehensive digital meeds.I am also happy to know that Dashen is considering to make the app more inclusive by lowering the mobile version requirements .","it is,really super because of its unique offerings to individuals and businesses.it is a secure ux first app intended to cater comprehensive digital meeds.i am also happy to know that dashen is considering to make the app more inclusive by lowering the mobile version requirements .",2025-04-21 16:57:03,1.0.15,,,11,google_play,2025-11-30T16:15:08.107712,46
ecafe965-6f57-4ef5-88ee-9ef8adca142d,Dashen,Dashen Bank Mobile,com.dashen.dashensuperapp,5,clear and presize,clear and presize,2025-11-15 12:47:13,1.8.1,,,0,google_play,2025-11-30T16:15:08.107712,3
5145d0cf-0bf3-4b48-9c11-46819cd06bcd,Dashen,Dashen Bank Mobile,com.dashen.dashensuperapp,5,"One of the best digital platforms I’ve used! From smooth transactions to a seamless shopping experience, Highly recommended","one of the best digital platforms ive used! from smooth transactions to a seamless shopping experience, highly recommended",2025-04-21 19:34:53,1.0.15,,,10,google_play,2025-11-30T16:15:08.107712,18
05ea16ca-9cbf-4683-9ac7-ea4395cf688b,Dashen,Dashen Bank Mobile,com.dashen.dashensuperapp,3,"dashen bank supper app is the most easy to use and have high speed,quality and I like features like chat,budget,fuel payment, and security for my opinion this product is techonolgy edge,this international standard thanks for product oweners (dashen bank)","dashen bank supper app is the most easy to use and have high speed,quality and i like features like chat,budget,fuel payment, and security for my opinion this product is techonolgy edge,this international standard thanks for product oweners dashen bank",2025-04-21 14:40:38,1.0.4,,,3,google_play,2025-11-30T16:15:08.107712,39
1115d2b9-b1f0-4fe5-a92c-67aed49141a7,Dashen,Dashen Bank Mobile,com.dashen.dashensuperapp,5,"This super app is a total game-changer—fast, reliable, and packed with everything I need in one place. It’s seamless and super convenient. Love it!""","this super app is a total gamechangerfast, reliable, and packed with everything i need in one place. its seamless and super convenient. love it!",2025-04-23 20:09:47,1.0.15,,,12,google_play,2025-11-30T16:15:08.107712,24
804dc621-491a-4645-abf9-0b5db917406a,Dashen,Dashen Bank Mobile,com.dashen.dashensuperapp,2,"It has good feature. But, it is Very Slow! difficult to pay or receive. The Speed should be improved, else I didn't recommend.","it has good feature. but, it is very slow! difficult to pay or receive. the speed should be improved, else i didnt recommend.",2025-02-24 18:23:10,1.0.7,,,15,google_play,2025-11-30T16:15:08.107712,23
29d8b281-c802-4996-8dc3-eb99d78a43ed,Dashen,Dashen Bank Mobile,com.dashen.dashensuperapp,3,Its good app than other compitators but it confuse when we transfer it needs OTP and PIN most user inter their pin instead of OTP we know the litrecy level of our society so if it is device based i dont know the needs of OTP so please try to fix,its good app than other compitators but it confuse when we transfer it needs otp and pin most user inter their pin instead of otp we know the litrecy level of our society so if it is device based i dont know the needs of otp so please try to fix,2025-05-18 12:32:58,1.0.16,,,38,google_play,2025-11-30T16:15:08.107712,51
86b63f8a-6ca9-487d-beca-ed2f75ca888f,Dashen,Dashen Bank Mobile,com.dashen.dashensuperapp,4,"A game changer in Ethiopian digital banking fast, secure, and packed with services. Everything you need, all in one powerful app. A true leap toward financial convenience and innovation!","a game changer in ethiopian digital banking fast, secure, and packed with services. everything you need, all in one powerful app. a true leap toward financial convenience and innovation!",2025-04-21 13:07:17,1.0.15,,,92,google_play,2025-11-30T16:15:08.107712,29
10870471-f38d-4dae-8a2c-ea875933d8ef,Dashen,Dashen Bank Mobile,com.dashen.dashensuperapp,5,"The App is incredibly user-friendly and brings multiple services into one place. It's fast, intuitive, and makes daily tasks super convenient. A true all-in-one solution!","the app is incredibly userfriendly and brings multiple services into one place. its fast, intuitive, and makes daily tasks super convenient. a true allinone solution!",2025-04-21 22:50:10,1.0.14,,,10,google_play,2025-11-30T16:15:08.107712,25
b5a99318-f47b-46ae-8eef-db5c863f7958,Dashen,Dashen Bank Mobile,com.dashen.dashensuperapp,5,I was really amazed by the idea of an e-commerce service on a banking app. This is what it means to be one step ahead. Please include all kinds of products in there as soon as possible.,i was really amazed by the idea of an ecommerce service on a banking app. this is what it means to be one step ahead. please include all kinds of products in there as soon as possible.,2025-04-21 10:28:23,1.0.15,,,6,google_play,2025-11-30T16:15:08.107712,37
dbd90565-cfa7-4a22-a297-b37face26e17,Dashen,Dashen Bank Mobile,com.dashen.dashensuperapp,5,Very nice App.,very nice app.,2025-11-14 11:19:23,1.8.1,,,0,google_play,2025-11-30T16:15:08.107712,3
513a636f-9b72-4092-bae7-33352916e8e5,Dashen,Dashen Bank Mobile,com.dashen.dashensuperapp,4,Amazing app to use as usual! But why option of transferring to Telebirr and M pesa which was available on Amole app is omitted?? Dasheen is my favourite keep it up.,amazing app to use as usual! but why option of transferring to telebirr and m pesa which was available on amole app is omitted?? dasheen is my favourite keep it up.,2025-01-20 17:57:00,1.0.4,,,13,google_play,2025-11-30T16:15:08.107712,31
9188bb05-84eb-4c73-a234-31c0b5d503b7,Dashen,Dashen Bank Mobile,com.dashen.dashensuperapp,5,"This is amazing app, as it name ,truly supper.","this is amazing app, as it name ,truly supper.",2025-10-28 13:20:21,1.7.4,,,0,google_play,2025-11-30T16:15:08.107712,9
d41af5b1-8acf-4f66-9d54-e14316bf489d,Dashen,Dashen Bank Mobile,com.dashen.dashensuperapp,5,"Dashen Bank Super App is fast, reliable, and super easy to use. All my banking needs are handled smoothly in one place. Clean design and seamless experience – highly recommended!","dashen bank super app is fast, reliable, and super easy to use. all my banking needs are handled smoothly in one place. clean design and seamless experience highly recommended!",2025-04-21 14:16:09,,,,2,google_play,2025-11-30T16:15:08.107712,29
a7b719d1-4b74-4a60-b7ed-19b62e900168,Dashen,Dashen Bank Mobile,com.dashen.dashensuperapp,1,The app is very backward and doesn't always work. If it works three hours out of 24 hours it's great!😥,the app is very backward and doesnt always work. if it works three hours out of 24 hours its great!,2025-04-14 10:32:53,1.0.14,,,8,google_play,2025-11-30T16:15:08.107712,20
b5161ddf-ce45-46bf-9858-07071bdeeaba,Dashen,Dashen Bank Mobile,com.dashen.dashensuperapp,5,"Highly impressed! Dash Bank really nailed it with this app. Secure, reliable, and packed with features I use daily","highly impressed! dash bank really nailed it with this app. secure, reliable, and packed with features i use daily",2025-04-21 19:35:46,1.0.14,,,9,google_play,2025-11-30T16:15:08.107712,19
815e6358-3c4f-412a-bcc0-d3cb4c568fa4,Dashen,Dashen Bank Mobile,com.dashen.dashensuperapp,2,"while it's very secure, it is very slower than other mobile banking apps. it is very lazy app!","while its very secure, it is very slower than other mobile banking apps. it is very lazy app!",2025-07-12 18:08:02,1.0.16,,,5,google_play,2025-11-30T16:15:08.107712,18
c301bf47-7446-4873-a515-514bb4be2ba3,Dashen,Dashen Bank Mobile,com.dashen.dashensuperapp,5,simple and easy to use,simple and easy to use,2025-09-08 11:49:21,1.5.5,,,1,google_play,2025-11-30T16:15:08.107712,5
7e5f7745-10ac-412a-aef7-de5474b2e9fd,Dashen,Dashen Bank Mobile,com.dashen.dashensuperapp,5,It is good apps but it needs strong network,it is good apps but it needs strong network,2025-09-06 20:20:38,1.5.4,,,1,google_play,2025-11-30T16:15:08.107712,9
6c78dd1a-b338-4892-8821-27329e6a37cb,Dashen,Dashen Bank Mobile,com.dashen.dashensuperapp,5,"One app for everything! I can shop, manage my bank account , and do so much more . Truly a super app","one app for everything! i can shop, manage my bank account , and do so much more . truly a super app",2025-04-21 16:44:31,,,,2,google_play,2025-11-30T16:15:08.107712,22
292edafd-2214-4c68-a18e-744b5a0f3db4,Dashen,Dashen Bank Mobile,com.dashen.dashensuperapp,5,"excellent app. to use perfectlly to pay,transfer,tele airtime and so on.","excellent app. to use perfectlly to pay,transfer,tele airtime and so on.",2025-11-12 16:52:55,1.0.16,,,0,google_play,2025-11-30T16:15:08.107712,11
70e43e76-a4ca-4e15-b690-93a34a5bf675,Dashen,Dashen Bank Mobile,com.dashen.dashensuperapp,5,"The user experience is seamless, and everything just works perfectly right out of the box. I can’t believe how much time and effort it saves me every day.","the user experience is seamless, and everything just works perfectly right out of the box. i cant believe how much time and effort it saves me every day.",2025-04-21 19:03:27,1.0.15,,,10,google_play,2025-11-30T16:15:08.107712,28
f00fad5e-14d3-4726-9a82-7655a15a86f4,Dashen,Dashen Bank Mobile,com.dashen.dashensuperapp,1,The worst banking app in Ethiopia. It forces you to change your PIN every three months.,the worst banking app in ethiopia. it forces you to change your pin every three months.,2025-08-16 09:29:15,1.5.5,,,4,google_play,2025-11-30T16:15:08.107712,16
353f56b2-61a0-4685-82b3-8007b602bdaa,Dashen,Dashen Bank Mobile,com.dashen.dashensuperapp,5,"The app keeps getting better with every update! Smooth performance, great UI, and top-notch security. Thank you for making banking so convenient!""","the app keeps getting better with every update! smooth performance, great ui, and topnotch security. thank you for making banking so convenient!",2025-04-21 12:17:43,1.0.15,,,10,google_play,2025-11-30T16:15:08.107712,22
0564e4c4-c11e-4d31-b2d8-bdc5725ebb2c,Dashen,Dashen Bank Mobile,com.dashen.dashensuperapp,5,very nice app I have ever seen,very nice app i have ever seen,2025-11-10 21:06:02,1.7.4,,,1,google_play,2025-11-30T16:15:08.107712,7
f20f93ab-8f75-40aa-89a6-c450f54a7365,Dashen,Dashen Bank Mobile,com.dashen.dashensuperapp,5,"A powerful, local solution that rivals any global app. I love how easy it is to explore services and products.","a powerful, local solution that rivals any global app. i love how easy it is to explore services and products.",2025-04-22 07:05:12,1.0.14,,,9,google_play,2025-11-30T16:15:08.107712,20
3d668840-c868-4164-8efe-9295ef537613,Dashen,Dashen Bank Mobile,com.dashen.dashensuperapp,3,very easy app,very easy app,2025-11-23 06:37:38,1.8.1,,,0,google_play,2025-11-30T16:15:08.107712,3
c7cdf3f1-a374-470d-80be-8d7bc00d360f,Dashen,Dashen Bank Mobile,com.dashen.dashensuperapp,1,It's slow to send OTP. it's not reliable. It crushed many times. It needs improvement in many ways,its slow to send otp. its not reliable. it crushed many times. it needs improvement in many ways,2025-04-07 22:02:05,1.0.14,,,6,google_play,2025-11-30T16:15:08.107712,18
ffefe136-8fc9-4c3b-a4be-71adf835a4f0,Dashen,Dashen Bank Mobile,com.dashen.dashensuperapp,5,"Dashen Bank Super App is a game-changer! The user-friendly design, wide range of services, and smooth performance make it incredibly convenient for everyday banking. It’s fast, secure, and truly reflects the bank’s commitment to digital excellence. Highly recommended!","dashen bank super app is a gamechanger! the userfriendly design, wide range of services, and smooth performance make it incredibly convenient for everyday banking. its fast, secure, and truly reflects the banks commitment to digital excellence. highly recommended!",2025-04-21 12:23:07,1.0.15,,,19,google_play,2025-11-30T16:15:08.107712,38
7e450cb8-6117-4fb2-b6fe-a4b889074190,Dashen,Dashen Bank Mobile,com.dashen.dashensuperapp,5,"Smooth and secure experience transfers, bill payments, and tracking expenses are all effortless. The intuitive design makes banking on the go.","smooth and secure experience transfers, bill payments, and tracking expenses are all effortless. the intuitive design makes banking on the go.",2025-04-24 12:56:14,1.0.15,,,7,google_play,2025-11-30T16:15:08.107712,21
32f7f582-e0e2-4127-b460-8faa11fc3ba1,Dashen,Dashen Bank Mobile,com.dashen.dashensuperapp,5,It is an amazing app and all in one,it is an amazing app and all in one,2025-09-27 12:15:35,1.6.0,,,0,google_play,2025-11-30T16:15:08.107712,9
7d98b3cf-3b2e-4446-855f-242d537d7e86,Dashen,Dashen Bank Mobile,com.dashen.dashensuperapp,1,The worst app. It needs updating everyday. Ouch 🤕,the worst app. it needs updating everyday. ouch,2025-09-19 12:10:53,1.6.0,,,0,google_play,2025-11-30T16:15:08.107712,8
08d88ef0-1304-4fb7-9cb4-97977dc02cf7,Dashen,Dashen Bank Mobile,com.dashen.dashensuperapp,5,the best app from other dashen is unique its fast app ever i had in my life,the best app from other dashen is unique its fast app ever i had in my life,2025-09-26 18:52:01,1.7.4,,,1,google_play,2025-11-30T16:15:08.107712,17
0ad08d24-eefb-44bb-91c2-49266c0850ce,Dashen,Dashen Bank Mobile,com.dashen.dashensuperapp,5,I love the new user interface,i love the new user interface,2025-09-26 18:45:45,1.7.4,,,1,google_play,2025-11-30T16:15:08.107712,6
40a0e280-55e4-4e97-9e26-4d5e832ba045,Dashen,Dashen Bank Mobile,com.dashen.dashensuperapp,5,excellent UI improvement 💯💯,excellent ui improvement,2025-09-24 15:40:43,1.7.1,,,0,google_play,2025-11-30T16:15:08.107712,3
70df55ba-42e4-4f41-be80-692d2b7a9e48,Dashen,Dashen Bank Mobile,com.dashen.dashensuperapp,1,"is not working right now with snmsung galaxy f15, please help me","is not working right now with snmsung galaxy f15, please help me",2025-09-14 10:16:38,1.6.0,,,0,google_play,2025-11-30T16:15:08.107712,12
90dfd168-3d83-4e21-87ee-6500a304e586,Dashen,Dashen Bank Mobile,com.dashen.dashensuperapp,5,App That makes cashless society in our century and Easy to use.,app that makes cashless society in our century and easy to use.,2025-09-27 14:05:30,1.7.4,,,1,google_play,2025-11-30T16:15:08.107712,12
befc23dd-22be-4039-ab16-311ebf096360,Dashen,Dashen Bank Mobile,com.dashen.dashensuperapp,3,It takes gazillion years to open 😶,it takes gazillion years to open,2025-10-02 09:54:44,1.7.4,,,1,google_play,2025-11-30T16:15:08.107712,6
a852af36-a839-4285-b57d-2a0616e9e544,Dashen,Dashen Bank Mobile,com.dashen.dashensuperapp,5,dashen bank super up has very fast and convenience and also it has contain more things on one app .I am very interesting to use dashen bank super up,dashen bank super up has very fast and convenience and also it has contain more things on one app .i am very interesting to use dashen bank super up,2025-04-21 10:49:05,1.0.15,,,5,google_play,2025-11-30T16:15:08.107712,29
92f1029b-41d6-4af2-9620-61ad21843f4a,Dashen,Dashen Bank Mobile,com.dashen.dashensuperapp,5,"Excellent, and it's truly a super app!","excellent, and its truly a super app!",2025-08-24 15:44:45,1.5.5,,,2,google_play,2025-11-30T16:15:08.107712,7
4eb71bb5-9546-4eb8-9115-35dbb8ec6a84,Dashen,Dashen Bank Mobile,com.dashen.dashensuperapp,2,This app is not working unless you turn off developer mode on your phone. So it takes your rights to just use it.,this app is not working unless you turn off developer mode on your phone. so it takes your rights to just use it.,2025-04-04 20:24:36,1.0.14,,,4,google_play,2025-11-30T16:15:08.107712,23
9cdf7073-238a-4e6e-bbd7-c3fae6b153c0,Dashen,Dashen Bank Mobile,com.dashen.dashensuperapp,5,modern perfect app interface with the best banking tools 👏,modern perfect app interface with the best banking tools,2025-08-09 00:46:45,1.5.1,,,1,google_play,2025-11-30T16:15:08.107712,9
02103d94-84d8-4ca5-aa3d-db0e512c68a7,Dashen,Dashen Bank Mobile,com.dashen.dashensuperapp,5,"Exceptional digital experience, SupperApp will bring new paradigm shift in the banking business. Bravo Dashen keep it up!!!!","exceptional digital experience, supperapp will bring new paradigm shift in the banking business. bravo dashen keep it up!!!!",2025-04-22 14:36:39,1.0.14,,,5,google_play,2025-11-30T16:15:08.107712,18
d98af23a-58c4-48d9-beaf-b4767f97b769,Dashen,Dashen Bank Mobile,com.dashen.dashensuperapp,2,The app missed some important features 1. It does't show recent transactions 2. Transfer to Telebirr limited to own telebirr 3. The statement does't show running balance,the app missed some important features 1. it doest show recent transactions 2. transfer to telebirr limited to own telebirr 3. the statement doest show running balance,2025-02-11 06:17:00,1.0.7,,,13,google_play,2025-11-30T16:15:08.107712,27
89e162a6-9481-4780-9219-e1ff91ca232e,Dashen,Dashen Bank Mobile,com.dashen.dashensuperapp,5,Applause 👏 Dashen Bank. One of the best super app inorder to pay easily and securely. One step a head.,applause dashen bank. one of the best super app inorder to pay easily and securely. one step a head.,2025-01-14 18:19:08,,,,4,google_play,2025-11-30T16:15:08.107712,19
82441d3e-7555-4c97-a5d3-aada8ee43dce,Dashen,Dashen Bank Mobile,com.dashen.dashensuperapp,4,Nice app but i experience some issues with others banks transfer it keeps saying account is not exist most of the time.,nice app but i experience some issues with others banks transfer it keeps saying account is not exist most of the time.,2025-03-08 09:47:02,1.0.14,,,5,google_play,2025-11-30T16:15:08.107712,22
15e7f782-ce40-4927-a035-f0f73b2b5631,Dashen,Dashen Bank Mobile,com.dashen.dashensuperapp,3,good but it takes forever to load,good but it takes forever to load,2025-08-12 07:47:08,1.5.3,,,5,google_play,2025-11-30T16:15:08.107712,7
c23b473c-4144-4bea-98ae-172df77c97b1,Dashen,Dashen Bank Mobile,com.dashen.dashensuperapp,3,"I have experienced on using the app of Banks in Ethiopia, this Dashen sup is like old version of the applications for using. I gave 3 star for it's very low speed while login and processing","i have experienced on using the app of banks in ethiopia, this dashen sup is like old version of the applications for using. i gave 3 star for its very low speed while login and processing",2025-04-07 17:05:38,1.0.14,,,3,google_play,2025-11-30T16:15:08.107712,36
29207dce-824f-4d9c-9f01-040a65597a9e,Dashen,Dashen Bank Mobile,com.dashen.dashensuperapp,5,"This is the first time i have experienced this much cool app out of all the other mobile banking platforms, im genuinely happy to see this kind of app here, tnx","this is the first time i have experienced this much cool app out of all the other mobile banking platforms, im genuinely happy to see this kind of app here, tnx",2025-09-26 14:14:21,1.0.16,,,1,google_play,2025-11-30T16:15:08.107712,31
ba65f5a6-aa3f-4c38-956e-7077d9756d65,Dashen,Dashen Bank Mobile,com.dashen.dashensuperapp,5,"Db sup app is A platform or an application that can grasp more satisfactions through fastest mode of operation which means for budget planning, to use QR code(scan, pay, go) chat with staff, acc to acc other bank ft, merchant payment, and easly. I addition to i satisfied and i invite everyone to use those platform!!.","db sup app is a platform or an application that can grasp more satisfactions through fastest mode of operation which means for budget planning, to use qr codescan, pay, go chat with staff, acc to acc other bank ft, merchant payment, and easly. i addition to i satisfied and i invite everyone to use those platform!!.",2025-04-21 14:13:09,1.0.15,,,8,google_play,2025-11-30T16:15:08.107712,56
bcf18a5b-5e9e-43f1-8dfa-d2fb31a8dcd7,Dashen,Dashen Bank Mobile,com.dashen.dashensuperapp,5,it has clear detail information about the application so it helps customer how to use the app. and it is very easy to use and also app is secure.,it has clear detail information about the application so it helps customer how to use the app. and it is very easy to use and also app is secure.,2025-04-21 11:13:53,1.0.15,,,4,google_play,2025-11-30T16:15:08.107712,29
34df06ad-f6e9-46cc-b5f8-34baddb56b9b,Dashen,Dashen Bank Mobile,com.dashen.dashensuperapp,5,"It is a very user friendly, attractive user interface, full of useful features. I really encourage everyone to give it a try.","it is a very user friendly, attractive user interface, full of useful features. i really encourage everyone to give it a try.",2025-04-21 11:57:15,1.0.15,,,5,google_play,2025-11-30T16:15:08.107712,22
117e220b-de40-4fd8-8d9e-15b95080d3a5,Dashen,Dashen Bank Mobile,com.dashen.dashensuperapp,5,"All-in-one convenience, From managing accounts to paying bills and shopping online and the chat banking is game changer, this app does it all seamlessly.","allinone convenience, from managing accounts to paying bills and shopping online and the chat banking is game changer, this app does it all seamlessly.",2025-04-21 11:42:40,1.0.15,,,6,google_play,2025-11-30T16:15:08.107712,24
e887c287-a3a3-42dc-bd9a-7508531f6f0c,Dashen,Dashen Bank Mobile,com.dashen.dashensuperapp,5,"I'm really impressed with this app! It’s user-friendly, runs smoothly, and has all the features I need. Makes my tasks so much easier and saves me a lot of time. Highly recommended!","im really impressed with this app! its userfriendly, runs smoothly, and has all the features i need. makes my tasks so much easier and saves me a lot of time. highly recommended!",2025-04-23 15:01:37,1.0.15,,,9,google_play,2025-11-30T16:15:08.107712,32
3cef32ad-b3c0-4784-8594-0dfee471123e,Dashen,Dashen Bank Mobile,com.dashen.dashensuperapp,1,"It is very slow and it lacks many features to be a super app. High rating is given by their employees, not by the customers.","it is very slow and it lacks many features to be a super app. high rating is given by their employees, not by the customers.",2025-04-25 10:43:56,1.0.15,,,10,google_play,2025-11-30T16:15:08.107712,25
f1f64244-c9b5-4cbe-9844-7d101beed08c,Dashen,Dashen Bank Mobile,com.dashen.dashensuperapp,5,"I tried the new Dash Bank Super App today, and it's amazingly easy and fun.I recommend you download and use it. You really like it","i tried the new dash bank super app today, and its amazingly easy and fun.i recommend you download and use it. you really like it",2025-02-06 18:21:48,1.0.7,,,7,google_play,2025-11-30T16:15:08.107712,25
62ff3224-447a-4021-9b69-69faade17181,Dashen,Dashen Bank Mobile,com.dashen.dashensuperapp,5,one of the best digital platforms I’ve used! From smooth transactions to a seamless shopping experie,one of the best digital platforms ive used! from smooth transactions to a seamless shopping experie,2025-04-21 16:40:32,1.0.14,,,5,google_play,2025-11-30T16:15:08.107712,16
9b75d0d7-9840-4c6c-bf0f-5d0816e7644c,Dashen,Dashen Bank Mobile,com.dashen.dashensuperapp,5,"This app is literally the best thing ever The chat banking is so easy just text and it’s done Super smooth, fast, and honestly a life saverIf you haven’t downloaded it yet you’re missing out big time","this app is literally the best thing ever the chat banking is so easy just text and its done super smooth, fast, and honestly a life saverif you havent downloaded it yet youre missing out big time",2025-01-23 16:13:50,1.0.4,,,13,google_play,2025-11-30T16:15:08.107712,37
85c0cebd-10ec-4dd1-9e5b-647b9012acf4,Dashen,Dashen Bank Mobile,com.dashen.dashensuperapp,2,"Transferring to other bank accounts is a hastle and inconvenient .Get used to seeing "" please try again """,transferring to other bank accounts is a hastle and inconvenient .get used to seeing please try again,2025-05-17 10:03:32,,,,1,google_play,2025-11-30T16:15:08.107712,17
ed4347fd-ddc7-401d-91ae-5fdd82dcf218,Dashen,Dashen Bank Mobile,com.dashen.dashensuperapp,5,"Fast, reliable and user friendly. Amazing chatting features. Keep it up! Always one step ahead!","fast, reliable and user friendly. amazing chatting features. keep it up! always one step ahead!",2025-01-24 18:44:34,1.0.4,,,11,google_play,2025-11-30T16:15:08.107712,15
2bc93d8c-1975-44d3-b7c2-ef3429278f07,Dashen,Dashen Bank Mobile,com.dashen.dashensuperapp,5,"This is the best app ever, when is it planned to include digital lending and gasification?","this is the best app ever, when is it planned to include digital lending and gasification?",2025-04-22 07:09:10,1.0.14,,,2,google_play,2025-11-30T16:15:08.107712,16
1ba081f6-d792-4a8e-a001-8613242bee50,Dashen,Dashen Bank Mobile,com.dashen.dashensuperapp,5,The app has great user interface with comprehensive payments and E-commerce platforms. And also it includes unique features such as chat Banking and budget.,the app has great user interface with comprehensive payments and ecommerce platforms. and also it includes unique features such as chat banking and budget.,2025-04-22 08:02:26,1.0.15,,,4,google_play,2025-11-30T16:15:08.107712,24
631604e5-d2d7-4cfc-8eed-174a736a28ad,Dashen,Dashen Bank Mobile,com.dashen.dashensuperapp,5,"#Dashen Super App; Super easy to use, secure, and fast transaction. Love it!","dashen super app super easy to use, secure, and fast transaction. love it!",2025-02-07 12:32:13,1.0.7,,,11,google_play,2025-11-30T16:15:08.107712,13
876f0ee8-c6e9-437e-9a56-bf00083a0319,Dashen,Dashen Bank Mobile,com.dashen.dashensuperapp,5,"the very easy, secured, fast and multifunctional dashen supper application I ever seen. dashen really one steps ahead!!!","the very easy, secured, fast and multifunctional dashen supper application i ever seen. dashen really one steps ahead!!!",2025-04-21 16:46:15,1.0.15,,,4,google_play,2025-11-30T16:15:08.107712,18
62a49d95-3dee-4d62-9b5a-cceff329af48,Dashen,Dashen Bank Mobile,com.dashen.dashensuperapp,5,"Dashen Super app is secure, very easy to use and has more services uniquely like budgeting, chat, IPS...","dashen super app is secure, very easy to use and has more services uniquely like budgeting, chat, ips...",2025-02-14 09:46:51,1.0.7,,,6,google_play,2025-11-30T16:15:08.107712,18
751bedd2-1517-4cb4-a41c-f02d5f4b2468,Dashen,Dashen Bank Mobile,com.dashen.dashensuperapp,5,Effecting payment via the app has created convenience to the recipients in easily confirming the payments received!,effecting payment via the app has created convenience to the recipients in easily confirming the payments received!,2025-04-22 07:49:45,1.0.14,,,2,google_play,2025-11-30T16:15:08.107712,17
f37a6b6d-6879-4d35-80ba-64d2c96fa749,Dashen,Dashen Bank Mobile,com.dashen.dashensuperapp,5,"Very impressed with the new updates, The e-commerce section is smooth and supports Ethiopian merchants.","very impressed with the new updates, the ecommerce section is smooth and supports ethiopian merchants.",2025-04-21 14:22:02,,,,3,google_play,2025-11-30T16:15:08.107712,15
98a21365-53e3-42ef-8481-573c6ef8a181,Dashen,Dashen Bank Mobile,com.dashen.dashensuperapp,5,"I choose Dashen Bank Super Up since, it is easy to use & it has attractive features !","i choose dashen bank super up since, it is easy to use it has attractive features !",2025-04-21 12:44:50,1.0.14,,,2,google_play,2025-11-30T16:15:08.107712,17
d5552347-d7f6-4f91-ae8c-c33d16d0a8d3,Dashen,Dashen Bank Mobile,com.dashen.dashensuperapp,5,"Feature-rich? Absolutely. But the speed? Painfully slow. Seriously, is it communicating with a server on Mars or something?","featurerich? absolutely. but the speed? painfully slow. seriously, is it communicating with a server on mars or something?",2025-04-16 17:54:32,1.0.14,,,6,google_play,2025-11-30T16:15:08.107712,18
5e5900f0-cc81-40b6-a5ea-5dfd29d8b53c,Dashen,Dashen Bank Mobile,com.dashen.dashensuperapp,1,it can't do without data or wifi,it cant do without data or wifi,2025-09-26 14:03:57,1.5.8,,,0,google_play,2025-11-30T16:15:08.107712,7
77cbc374-82f2-49c1-9780-d78770150ce6,Dashen,Dashen Bank Mobile,com.dashen.dashensuperapp,5,"Simple for usage and well designed, attractive in its visual design, ""Always One Step Ahead""","simple for usage and well designed, attractive in its visual design, always one step ahead",2025-07-24 15:10:00,1.0.16,,,3,google_play,2025-11-30T16:15:08.107712,15
5ccebb40-4078-4fa4-9e80-6dd813fd4cc9,Dashen,Dashen Bank Mobile,com.dashen.dashensuperapp,1,"improve the app, please. it is not working. It says response timeout","improve the app, please. it is not working. it says response timeout",2025-08-10 11:22:45,,,,0,google_play,2025-11-30T16:15:08.107712,12
2a157c0e-b57e-43e8-8207-4ae55e549812,Dashen,Dashen Bank Mobile,com.dashen.dashensuperapp,5,"Dashen SuperApp blends finance, shopping, and daily services effortlessly. The new e-commerce feature is smooth and supports local merchants—proud to back an Ethiopian-made solution!","dashen superapp blends finance, shopping, and daily services effortlessly. the new ecommerce feature is smooth and supports local merchantsproud to back an ethiopianmade solution!",2025-04-21 13:19:15,1.0.15,,,6,google_play,2025-11-30T16:15:08.107712,24
5043e566-8cbc-4384-9382-8d929065614e,Dashen,Dashen Bank Mobile,com.dashen.dashensuperapp,2,"There are plenty of features missed e. g electricity bill, water bill payments","there are plenty of features missed e. g electricity bill, water bill payments",2025-08-14 14:16:24,,,,0,google_play,2025-11-30T16:15:08.107712,13
83682450-a7ae-424d-9ea9-15b6fe29de4d,Dashen,Dashen Bank Mobile,com.dashen.dashensuperapp,5,"All-in-one finance & e-commerce super app! Pay, save, shop seamlessly. Fast, secure. #BankAndShop","allinone finance ecommerce super app! pay, save, shop seamlessly. fast, secure. bankandshop",2025-04-21 13:10:21,1.0.15,,,4,google_play,2025-11-30T16:15:08.107712,12
d3dad0ad-6501-4d03-b2cf-2bd06fadb41a,Dashen,Dashen Bank Mobile,com.dashen.dashensuperapp,5,very simple and user friendly app Thank you Dashen Bank,very simple and user friendly app thank you dashen bank,2025-06-12 18:28:57,1.0.16,,,3,google_play,2025-11-30T16:15:08.107712,10
759ccebb-dcdd-4f4b-bc9b-7a7453191e52,Dashen,Dashen Bank Mobile,com.dashen.dashensuperapp,5,"The Dashen Super App is a game-changer in digital banking, offering a seamless and convenient experience. With its user-friendly interface, fast transactions, and a wide range of financial services, it simplifies banking for customers. Features like bill payments, fund transfers, mobile top-ups, and loan applications make it an all-in-one solution. Plus, its security measures ensure safe and reliable Experiance effortless banking","the dashen super app is a gamechanger in digital banking, offering a seamless and convenient experience. with its userfriendly interface, fast transactions, and a wide range of financial services, it simplifies banking for customers. features like bill payments, fund transfers, mobile topups, and loan applications make it an allinone solution. plus, its security measures ensure safe and reliable experiance effortless banking",2025-02-26 11:30:26,1.0.7,,,234,google_play,2025-11-30T16:15:08.107712,61
157b5f87-506e-46dc-b89b-179653dbd957,Dashen,Dashen Bank Mobile,com.dashen.dashensuperapp,4,nice app especially GUI and I have got some error when you send within dashen bank the receipter is not get SMS notification,nice app especially gui and i have got some error when you send within dashen bank the receipter is not get sms notification,2025-05-03 07:09:08,1.0.15,,,4,google_play,2025-11-30T16:15:08.107712,23
56497937-ddb0-4d03-ad47-0e3d2f1f8c66,Dashen,Dashen Bank Mobile,com.dashen.dashensuperapp,1,very poor and time taking to use,very poor and time taking to use,2025-08-13 10:05:26,1.5.5,,,1,google_play,2025-11-30T16:15:08.107712,7
3d68acad-fda9-4d1f-9005-cca2a0c612f6,Dashen,Dashen Bank Mobile,com.dashen.dashensuperapp,5,fast and easy to use great App.,fast and easy to use great app.,2025-08-12 10:05:02,1.0.16,,,1,google_play,2025-11-30T16:15:08.107712,7
1f2786d3-7b51-4467-95f2-fb7ef877469a,Dashen,Dashen Bank Mobile,com.dashen.dashensuperapp,5,your service is too good,your service is too good,2025-11-09 06:18:32,1.8.1,,,0,google_play,2025-11-30T16:15:08.107712,5
b969925e-d6eb-4620-9bb2-6a7868cc4d57,Dashen,Dashen Bank Mobile,com.dashen.dashensuperapp,5,“Life-changing!” I can’t imagine going back to traditional banking after using this app. It’s so convenient.,lifechanging! i cant imagine going back to traditional banking after using this app. its so convenient.,2025-01-17 08:18:44,,,,4,google_play,2025-11-30T16:15:08.107712,16
10271bb9-ee08-42d4-9c57-b33258ad1358,Dashen,Dashen Bank Mobile,com.dashen.dashensuperapp,5,Really the app looks like amazing. I can't wait to activate in the morning.,really the app looks like amazing. i cant wait to activate in the morning.,2025-01-14 18:32:32,1.0.1,,,15,google_play,2025-11-30T16:15:08.107712,14
a7530454-7c62-4c62-9f29-9f3a2e82c705,Dashen,Dashen Bank Mobile,com.dashen.dashensuperapp,5,making transactions has never been easier. the new update is just amazing,making transactions has never been easier. the new update is just amazing,2025-04-22 08:30:40,1.0.15,,,5,google_play,2025-11-30T16:15:08.107712,12
70756dbd-4ae2-40b8-b814-a6b322d9ea0b,Dashen,Dashen Bank Mobile,com.dashen.dashensuperapp,5,amazing app really i loved it .that's why we say dashen bank is one stap ahead. It's the best mobile application that should be on every phone.,amazing app really i loved it .thats why we say dashen bank is one stap ahead. its the best mobile application that should be on every phone.,2025-04-21 11:33:43,,,,2,google_play,2025-11-30T16:15:08.107712,27
996483eb-2fa8-4628-8c6f-059c82d9e883,Dashen,Dashen Bank Mobile,com.dashen.dashensuperapp,5,Dashen Super App gives me an amazing convenience and makes life easy.,dashen super app gives me an amazing convenience and makes life easy.,2025-04-21 10:24:04,1.0.15,,,4,google_play,2025-11-30T16:15:08.107712,12
369da03b-61ed-424a-abab-7efc142b1038,Dashen,Dashen Bank Mobile,com.dashen.dashensuperapp,5,Dashen bank super app is the crucial and convenient app in Ethiopia. there is no other app to compare with Dashen bank super app,dashen bank super app is the crucial and convenient app in ethiopia. there is no other app to compare with dashen bank super app,2025-04-21 13:16:08,1.0.14,,,2,google_play,2025-11-30T16:15:08.107712,24
c3afc51f-9e2b-4b3d-b155-0339a9ce0f20,Dashen,Dashen Bank Mobile,com.dashen.dashensuperapp,5,"A must have, seamless, all in one digital platform ""DB Superapp""! Keep living your motto ""Always one step ahead""","a must have, seamless, all in one digital platform db superapp! keep living your motto always one step ahead",2025-05-12 08:36:47,1.0.15,,,2,google_play,2025-11-30T16:15:08.107712,19
06aa9940-e8eb-45b2-91c7-1f13bd1645b6,Dashen,Dashen Bank Mobile,com.dashen.dashensuperapp,5,The new e-commerce feature is incredibly amazing and user friendly.,the new ecommerce feature is incredibly amazing and user friendly.,2025-04-21 14:41:06,1.0.15,,,4,google_play,2025-11-30T16:15:08.107712,10
e7057ab4-ff08-40bd-8c50-1d67ce4f5058,Dashen,Dashen Bank Mobile,com.dashen.dashensuperapp,5,"The Dashen Super App delivers a remarkably fast, highly secure, and exceptionally user-friendly experience, establishing it as a leading application in its category.keep it up and stay ahead Dashen Bank.","the dashen super app delivers a remarkably fast, highly secure, and exceptionally userfriendly experience, establishing it as a leading application in its category.keep it up and stay ahead dashen bank.",2025-04-14 21:23:31,1.0.14,,,7,google_play,2025-11-30T16:15:08.107712,30
6653632f-1bf6-4a52-8cf4-40b9d21e88f2,Dashen,Dashen Bank Mobile,com.dashen.dashensuperapp,5,"Excellent and user friendly App. Excellence is what makes you always one step ahead. Dashen Bank, Always One Step Ahead !!","excellent and user friendly app. excellence is what makes you always one step ahead. dashen bank, always one step ahead !!",2025-01-16 17:10:53,1.0.4,,,7,google_play,2025-11-30T16:15:08.107712,21
c8734abd-f137-417a-8c36-defbc982ec26,Dashen,Dashen Bank Mobile,com.dashen.dashensuperapp,5,I really like this amazing application and Dashen Supper app that has made my life easier.,i really like this amazing application and dashen supper app that has made my life easier.,2025-04-21 10:20:50,1.0.15,,,4,google_play,2025-11-30T16:15:08.107712,16
dd0238ce-336d-4dac-832c-8d01f44faf0a,Dashen,Dashen Bank Mobile,com.dashen.dashensuperapp,5,Easy to use and has many options. It is the best financial app I have ever used.,easy to use and has many options. it is the best financial app i have ever used.,2025-04-21 20:20:16,1.0.15,,,4,google_play,2025-11-30T16:15:08.107712,17
ac0cc36a-ecb8-4a17-b329-1f66502b5336,Dashen,Dashen Bank Mobile,com.dashen.dashensuperapp,5,It is so far so good it has a unique features than telebirr good job Dashen,it is so far so good it has a unique features than telebirr good job dashen,2025-01-15 07:49:13,1.0.4,,,6,google_play,2025-11-30T16:15:08.107712,16
872c07eb-b111-4701-b263-c11d17dea1c7,Dashen,Dashen Bank Mobile,com.dashen.dashensuperapp,5,i love this app esp 3 click that make e-commerce easier and convinient.,i love this app esp 3 click that make ecommerce easier and convinient.,2025-04-22 12:24:34,,,,3,google_play,2025-11-30T16:15:08.107712,13
d5ae9239-54f2-4f66-9050-09c7aa0d84a8,Dashen,Dashen Bank Mobile,com.dashen.dashensuperapp,5,"Dashen Bank Super Up,use the app and makes your easy,fast,convinent.","dashen bank super up,use the app and makes your easy,fast,convinent.",2025-04-21 10:31:13,1.0.15,,,3,google_play,2025-11-30T16:15:08.107712,10
82f5d5da-6678-4f6d-8d35-a5130983c919,Dashen,Dashen Bank Mobile,com.dashen.dashensuperapp,5,", Dashen Bank Supper App is multipurpose, convenient, very attractive and Make life easier",", dashen bank supper app is multipurpose, convenient, very attractive and make life easier",2025-04-21 12:50:32,1.0.14,,,2,google_play,2025-11-30T16:15:08.107712,14
6b838917-bb83-44e6-8ebf-c052a041d168,Dashen,Dashen Bank Mobile,com.dashen.dashensuperapp,1,Excellent app ever but it needs improvement on speed and transaction lists,excellent app ever but it needs improvement on speed and transaction lists,2025-02-03 19:17:30,1.0.7,,,28,google_play,2025-11-30T16:15:08.107712,12
e1c1214a-8bc1-45db-bc49-3d51dddc6b88,Dashen,Dashen Bank Mobile,com.dashen.dashensuperapp,5,Amazing app super easy to use and best design. loved it.,amazing app super easy to use and best design. loved it.,2025-05-09 17:44:58,1.0.14,,,1,google_play,2025-11-30T16:15:08.107712,11
e84b7866-5a17-40c7-affc-1a44702a7227,Dashen,Dashen Bank Mobile,com.dashen.dashensuperapp,5,A game-changing Ethiopian innovation—where shopping meets opportunity. The marketplace feature connects buyers and sellers like never before.,a gamechanging ethiopian innovationwhere shopping meets opportunity. the marketplace feature connects buyers and sellers like never before.,2025-04-21 13:43:02,,,,2,google_play,2025-11-30T16:15:08.107712,17
b7dbd93e-582d-4510-af69-30c206f1a99d,Dashen,Dashen Bank Mobile,com.dashen.dashensuperapp,5,Incomparably user-friendly and fast app for mobile banking.,incomparably userfriendly and fast app for mobile banking.,2025-04-24 10:36:51,1.0.15,,,3,google_play,2025-11-30T16:15:08.107712,8
f3f97b40-b273-44a0-afb9-1d393132be8d,Dashen,Dashen Bank Mobile,com.dashen.dashensuperapp,5,"I have an incredible experience with Dashen super app, what an amazing platform is it?. keep pioneering in technological advancement 👏👏👏","i have an incredible experience with dashen super app, what an amazing platform is it?. keep pioneering in technological advancement",2025-04-21 15:21:18,1.0.15,,,5,google_play,2025-11-30T16:15:08.107712,20
62102c1c-85b0-4965-b033-063c67ac9129,Dashen,Dashen Bank Mobile,com.dashen.dashensuperapp,5,I am highly excited by using this application and it is the most favorable as well as preferrable mobile app.,i am highly excited by using this application and it is the most favorable as well as preferrable mobile app.,2025-05-03 14:53:37,1.0.16,,,4,google_play,2025-11-30T16:15:08.107712,20
008fc909-9a69-40fd-9eee-cce9d3144fe9,Dashen,Dashen Bank Mobile,com.dashen.dashensuperapp,5,Very good app that like it too. B/c it is very fast and easy to use.,very good app that like it too. bc it is very fast and easy to use.,2025-03-26 18:31:02,,,,2,google_play,2025-11-30T16:15:08.107712,16
e6ac68ac-bbdb-43ec-9987-081c36a2ca8a,Dashen,Dashen Bank Mobile,com.dashen.dashensuperapp,5,"Dashen super app is easy to use, fast and robust","dashen super app is easy to use, fast and robust",2025-01-31 06:37:38,1.0.6,,,5,google_play,2025-11-30T16:15:08.107712,10
134d29fb-1daa-4f59-b21f-11e5fa7be525,Dashen,Dashen Bank Mobile,com.dashen.dashensuperapp,5,"The Dashen supperapp is a revolutionary advancement in digital banking, combining exceptional usability, an intuitive interface and a seamless user experience. among its standout features are the integration of QR codes, account statement, transaction advise, chat, transaction authentication for limit thresholds, budgeting and different app in a single dashboard. Truly ahead of the curve ..... keep up the excellent work 🤝👏","the dashen supperapp is a revolutionary advancement in digital banking, combining exceptional usability, an intuitive interface and a seamless user experience. among its standout features are the integration of qr codes, account statement, transaction advise, chat, transaction authentication for limit thresholds, budgeting and different app in a single dashboard. truly ahead of the curve ..... keep up the excellent work",2025-04-21 14:40:34,,,,3,google_play,2025-11-30T16:15:08.107712,60
0dbc863f-6b31-45ac-b3b6-cc5aad65786d,Dashen,Dashen Bank Mobile,com.dashen.dashensuperapp,5,"amazing features, faster and easy to use","amazing features, faster and easy to use",2025-04-21 10:18:46,1.0.15,,,5,google_play,2025-11-30T16:15:08.107712,7
d7f04f13-06de-4c04-b616-a7ecbb6dd8b4,Dashen,Dashen Bank Mobile,com.dashen.dashensuperapp,5,"#dashen super app is easy to use, secure & fast transaction😍","dashen super app is easy to use, secure fast transaction",2025-04-22 12:44:44,1.0.14,,,2,google_play,2025-11-30T16:15:08.107712,10
65fbea88-9893-412a-adf2-7bde81ea0d0f,Dashen,Dashen Bank Mobile,com.dashen.dashensuperapp,5,Super Easy To Use and Fast Transaction.,super easy to use and fast transaction.,2025-04-21 15:28:55,1.0.15,,,3,google_play,2025-11-30T16:15:08.107712,7
043ba0ce-d496-4f1c-bcf7-ae23c275d5a6,Dashen,Dashen Bank Mobile,com.dashen.dashensuperapp,5,"best ever digital banking sector essay for understanding ,smart and convince for using","best ever digital banking sector essay for understanding ,smart and convince for using",2025-03-19 11:46:08,1.0.14,,,3,google_play,2025-11-30T16:15:08.107712,13
7126c191-fb47-4ed3-ace7-3a6784d5a298,Dashen,Dashen Bank Mobile,com.dashen.dashensuperapp,3,Add the option to send money to any telebirr account like amole does.,add the option to send money to any telebirr account like amole does.,2025-03-08 08:45:48,1.0.14,,,2,google_play,2025-11-30T16:15:08.107712,13
369c76a3-4250-4983-a479-859c8eed7007,Dashen,Dashen Bank Mobile,com.dashen.dashensuperapp,5,dashen super app is simple faster and reliable.,dashen super app is simple faster and reliable.,2025-04-21 12:38:06,1.0.14,,,3,google_play,2025-11-30T16:15:08.107712,8
d8ab69ab-7277-493d-a2d5-0db4fd48635c,Dashen,Dashen Bank Mobile,com.dashen.dashensuperapp,5,"Dashen bank app is very good, but sometimes it is not working well","dashen bank app is very good, but sometimes it is not working well",2025-05-15 21:32:51,1.0.16,,,2,google_play,2025-11-30T16:15:08.107712,13
5b63a17e-0903-47f6-b8da-cb1c7346ad56,Dashen,Dashen Bank Mobile,com.dashen.dashensuperapp,5,"This Is An Amazing App with Uniqe Quality,Easy And Fast Mobile Banking App.","this is an amazing app with uniqe quality,easy and fast mobile banking app.",2025-04-21 13:39:18,,,,2,google_play,2025-11-30T16:15:08.107712,13
f4f64316-a28a-464b-aba8-c9279ef1fa1f,Dashen,Dashen Bank Mobile,com.dashen.dashensuperapp,5,Amazing and user friendly supper app and looking forward the additional features,amazing and user friendly supper app and looking forward the additional features,2025-02-14 05:33:32,1.0.7,,,6,google_play,2025-11-30T16:15:08.107712,12
1e00ecba-4f0d-496c-98f2-5b356f05f356,Dashen,Dashen Bank Mobile,com.dashen.dashensuperapp,4,"I would be happy if I got a withdraw system in the application. Otherwise, everything is fine for me","i would be happy if i got a withdraw system in the application. otherwise, everything is fine for me",2025-06-18 10:55:03,1.0.16,,,0,google_play,2025-11-30T16:15:08.107712,19
0096a509-2709-4211-b0f4-626d3d6a8dbb,Dashen,Dashen Bank Mobile,com.dashen.dashensuperapp,1,It's bad for the connection and too many days are it that not working,its bad for the connection and too many days are it that not working,2025-04-12 15:59:05,1.0.14,,,7,google_play,2025-11-30T16:15:08.107712,14
7340ad46-01ce-4b28-9d5a-680a7ea387b2,Dashen,Dashen Bank Mobile,com.dashen.dashensuperapp,5,Small size with vast features and functionalities.,small size with vast features and functionalities.,2025-01-15 15:58:34,,,,3,google_play,2025-11-30T16:15:08.107712,7
f1d0d6cf-8d40-4ff9-99d5-3225c4efd6b9,Dashen,Dashen Bank Mobile,com.dashen.dashensuperapp,5,"Dashen Bank super App is the most suitable, reliable, and fast digital banking system.","dashen bank super app is the most suitable, reliable, and fast digital banking system.",2025-04-21 16:40:23,1.0.15,,,4,google_play,2025-11-30T16:15:08.107712,14
f5360419-4441-4084-a1c2-eb9b07206b36,Dashen,Dashen Bank Mobile,com.dashen.dashensuperapp,5,"12yr more LC, UCP & ICC & loan","12yr more lc, ucp icc loan",2025-11-06 13:47:23,1.8.1,,,0,google_play,2025-11-30T16:15:08.107712,6
acef4b82-b287-4a31-8dc8-6d701f99f9c4,Dashen,Dashen Bank Mobile,com.dashen.dashensuperapp,5,"""Dashen Super App'' is impressive with its focus on simplicity, speed, and quality. The user interface is clean and easy to understand. Transactions process quickly, and the overall quality of the app is top-notch. A must-have for Dashen Bank customers. ዳሸን ባንክ አንድ እርምጃ ቀዳሚ።","dashen super app is impressive with its focus on simplicity, speed, and quality. the user interface is clean and easy to understand. transactions process quickly, and the overall quality of the app is topnotch. a musthave for dashen bank customers.",2025-04-22 09:18:12,1.0.15,,,216,google_play,2025-11-30T16:15:08.107712,40
60a60f54-fce3-4678-b2a6-123c0d0a160e,Dashen,Dashen Bank Mobile,com.dashen.dashensuperapp,1,i were smothely using the app for the last 5 month but somehow its not working to now so what shall i do it becames like i can open the app even i can't open it if u have solution's pls help me kindly tnx,i were smothely using the app for the last 5 month but somehow its not working to now so what shall i do it becames like i can open the app even i cant open it if u have solutions pls help me kindly tnx,2025-07-28 15:53:16,1.0.16,,,1,google_play,2025-11-30T16:15:08.107712,45
0849d6e7-3240-430d-9fcf-d6be127a5ac0,Dashen,Dashen Bank Mobile,com.dashen.dashensuperapp,3,It is very easy to use and powerful application.,it is very easy to use and powerful application.,2025-04-01 13:16:55,1.0.14,,,1,google_play,2025-11-30T16:15:08.107712,9
212c339b-807a-4c89-b5b1-cb9ab844f676,Dashen,Dashen Bank Mobile,com.dashen.dashensuperapp,2,The speed is too slow. Need some improvements.,the speed is too slow. need some improvements.,2025-03-06 01:03:46,1.0.13,,,5,google_play,2025-11-30T16:15:08.107712,8
8a4c8a02-5cf7-48f5-a9c6-b9dc12a9bd4f,Dashen,Dashen Bank Mobile,com.dashen.dashensuperapp,5,for dashen bankk it is best app so why your bank onlyu one one app for mobile banking that means superr app,for dashen bankk it is best app so why your bank onlyu one one app for mobile banking that means superr app,2025-10-05 14:59:15,,,,0,google_play,2025-11-30T16:15:08.107712,22
39322571-d8e5-42c6-8c9c-9f31706d5e4f,Dashen,Dashen Bank Mobile,com.dashen.dashensuperapp,5,"It grows ethiopian digital banking step ahead.All fetures in one,simple fast and convince.","it grows ethiopian digital banking step ahead.all fetures in one,simple fast and convince.",2025-05-14 04:39:16,1.0.16,,,2,google_play,2025-11-30T16:15:08.107712,13
2a02cd63-90c4-4590-a2f8-20c4c75ceb3e,Dashen,Dashen Bank Mobile,com.dashen.dashensuperapp,5,one of the best app in Ethiopia .,one of the best app in ethiopia .,2025-09-24 11:13:33,1.5.5,,,0,google_play,2025-11-30T16:15:08.107712,8
ce7153a9-77e9-41b8-9b70-ab9e15ef3fca,Dashen,Dashen Bank Mobile,com.dashen.dashensuperapp,5,"A lightweight,catchy and smooth app","a lightweight,catchy and smooth app",2025-01-15 08:08:36,1.0.4,,,3,google_play,2025-11-30T16:15:08.107712,5
185c1487-6efe-4ba5-bbaf-41ea48da9422,Dashen,Dashen Bank Mobile,com.dashen.dashensuperapp,5,It is very fast and secured mobile banking app! I like this app!,it is very fast and secured mobile banking app! i like this app!,2025-04-29 14:27:54,1.0.15,,,3,google_play,2025-11-30T16:15:08.107712,13
e30a316a-b1c9-4c1a-b8f1-c1e296d82cb5,Dashen,Dashen Bank Mobile,com.dashen.dashensuperapp,5,Best Performing and Fast Financial app,best performing and fast financial app,2025-08-12 09:46:38,,,,0,google_play,2025-11-30T16:15:08.107712,6
be4677cc-1140-4ab6-b785-420638e0d7ba,Dashen,Dashen Bank Mobile,com.dashen.dashensuperapp,5,Great for everyday banking and payments on the go,great for everyday banking and payments on the go,2025-04-22 11:37:27,1.0.15,,,2,google_play,2025-11-30T16:15:08.107712,9
222e6a10-b3df-421c-83ae-1ff05ec40496,Dashen,Dashen Bank Mobile,com.dashen.dashensuperapp,5,"Best UI mobile banking app, props to design team","best ui mobile banking app, props to design team",2025-04-30 18:43:36,1.0.15,,,1,google_play,2025-11-30T16:15:08.107712,9
b003eaa2-fe35-476d-8d5b-e2913964f526,Dashen,Dashen Bank Mobile,com.dashen.dashensuperapp,2,It stop working most of the time.,it stop working most of the time.,2025-07-28 21:45:55,1.0.16,,,1,google_play,2025-11-30T16:15:08.107712,7
9b5d99cc-8b0e-46d5-a846-ece397be1d99,Dashen,Dashen Bank Mobile,com.dashen.dashensuperapp,5,Assefa Genetu = Dashen superup is the latest and inclussive .I am happy with this super up.,assefa genetu dashen superup is the latest and inclussive .i am happy with this super up.,2025-04-22 05:14:51,1.0.15,,,3,google_play,2025-11-30T16:15:08.107712,16
f6f345d9-913f-4923-93af-c3430d22d4ac,Dashen,Dashen Bank Mobile,com.dashen.dashensuperapp,5,very easy and flexible app.,very easy and flexible app.,2025-04-21 12:48:44,,,,2,google_play,2025-11-30T16:15:08.107712,5
ede1dfcb-1c62-403f-8d8c-0cebc9f600ca,Dashen,Dashen Bank Mobile,com.dashen.dashensuperapp,4,On Transaction page only show sent Transaction. Try to include received transaction.,on transaction page only show sent transaction. try to include received transaction.,2025-02-06 11:25:50,1.0.7,,,2,google_play,2025-11-30T16:15:08.107712,12
57912538-8398-4446-95f5-85a0c28e7a98,Dashen,Dashen Bank Mobile,com.dashen.dashensuperapp,1,it is the worst app ever istg 🤮🤮🤮,it is the worst app ever istg,2025-10-29 02:06:49,1.7.4,,,0,google_play,2025-11-30T16:15:08.107712,7
c7dccd52-ade3-4496-a9d1-f52e3af60664,Dashen,Dashen Bank Mobile,com.dashen.dashensuperapp,5,I wish dark mode feature is add as an option but it's good app,i wish dark mode feature is add as an option but its good app,2025-02-27 15:12:06,1.0.7,,,2,google_play,2025-11-30T16:15:08.107712,14
ef42c724-ee02-45e6-8c6f-f0f4a8ab7fc6,Dashen,Dashen Bank Mobile,com.dashen.dashensuperapp,4,your financial system must improved,your financial system must improved,2025-11-09 13:13:07,1.8.1,,,0,google_play,2025-11-30T16:15:08.107712,5
88d57ce9-5ba3-4d52-aaba-18c92e2cbbc8,Dashen,Dashen Bank Mobile,com.dashen.dashensuperapp,1,I don't know what happens but the application is not send verification pass code you should fix that,i dont know what happens but the application is not send verification pass code you should fix that,2025-02-16 11:01:44,1.0.7,,,54,google_play,2025-11-30T16:15:08.107712,18
0e6b332e-9636-45c6-9467-3826506707f5,Dashen,Dashen Bank Mobile,com.dashen.dashensuperapp,5,To join digital world use supper app and make your life easy,to join digital world use supper app and make your life easy,2025-04-21 10:29:39,1.0.15,,,2,google_play,2025-11-30T16:15:08.107712,12
70a02f56-e75d-448d-b71c-7afbd1eba779,Dashen,Dashen Bank Mobile,com.dashen.dashensuperapp,5,well done keep it up,well done keep it up,2025-08-12 09:25:32,1.5.4,,,0,google_play,2025-11-30T16:15:08.107712,5
99705962-8067-497e-a116-cd6599ca4bb8,Dashen,Dashen Bank Mobile,com.dashen.dashensuperapp,5,All in One ✍️secure ✍️reliable ✍️convenient. Digital banking game changer!!,all in one secure reliable convenient. digital banking game changer!!,2025-04-23 19:44:20,1.0.15,,,2,google_play,2025-11-30T16:15:08.107712,10
04b0d391-1cb4-49e3-b18e-b9e24ab9391b,Dashen,Dashen Bank Mobile,com.dashen.dashensuperapp,5,the new version is so good I like it,the new version is so good i like it,2025-08-13 09:30:06,1.5.5,,,1,google_play,2025-11-30T16:15:08.107712,9
a79e878a-c8c3-4933-9eb3-8a2fa41911a3,Dashen,Dashen Bank Mobile,com.dashen.dashensuperapp,5,the best version in 🇪🇹,the best version in,2025-09-27 08:45:41,1.6.0,,,0,google_play,2025-11-30T16:15:08.107712,4
f9f852e3-ccc8-4a18-b650-7f69acb33c99,Dashen,Dashen Bank Mobile,com.dashen.dashensuperapp,5,it is the best app ever i have seen Dashen bank always one step a head!!!!,it is the best app ever i have seen dashen bank always one step a head!!!!,2025-08-13 10:01:50,1.0.16,,,0,google_play,2025-11-30T16:15:08.107712,16
153295c5-2630-4a84-9d1e-18ac73eca0c1,Dashen,Dashen Bank Mobile,com.dashen.dashensuperapp,5,dashen super app is secure band very easy,dashen super app is secure band very easy,2025-04-29 14:48:26,1.0.14,,,1,google_play,2025-11-30T16:15:08.107712,8
b7ba023c-3a56-4fa5-8f30-8fcce982b8ef,Dashen,Dashen Bank Mobile,com.dashen.dashensuperapp,5,Excellent UI/UX and beyond Banking services👍👍,excellent uiux and beyond banking services,2025-01-30 15:39:16,,,,2,google_play,2025-11-30T16:15:08.107712,6
a1a3c20b-aef3-474d-b045-c700d6fae1bc,Dashen,Dashen Bank Mobile,com.dashen.dashensuperapp,5,A fantastic product!! keep the good work.,a fantastic product!! keep the good work.,2025-04-21 10:43:18,1.0.15,,,2,google_play,2025-11-30T16:15:08.107712,7
de603128-030e-4e5b-9bda-38e74813ad2d,Dashen,Dashen Bank Mobile,com.dashen.dashensuperapp,5,"A proudly Ethiopian innovation that delivers beyond expectations. The marketplace feature is a big win for local shoppers and sellers. Very impressed with the new updates, The e-commerce section is smooth and supports Ethiopian merchants!","a proudly ethiopian innovation that delivers beyond expectations. the marketplace feature is a big win for local shoppers and sellers. very impressed with the new updates, the ecommerce section is smooth and supports ethiopian merchants!",2025-04-21 14:33:37,,,,3,google_play,2025-11-30T16:15:08.107712,35
a1d46fd6-d7a6-458a-b1a2-1b5679bd7c02,Dashen,Dashen Bank Mobile,com.dashen.dashensuperapp,2,system failure transfer to others account,system failure transfer to others account,2025-11-13 21:12:49,1.7.4,,,0,google_play,2025-11-30T16:15:08.107712,6
c7f14167-31f9-4fec-bf3e-5997616a9dfe,Dashen,Dashen Bank Mobile,com.dashen.dashensuperapp,5,it fast service,it fast service,2025-09-29 12:46:44,1.6.0,,,0,google_play,2025-11-30T16:15:08.107712,3
8eb02f5b-df9f-420c-b3b8-834820e32c3c,Dashen,Dashen Bank Mobile,com.dashen.dashensuperapp,1,it's so boring,its so boring,2025-11-04 16:37:56,1.7.4,,,0,google_play,2025-11-30T16:15:08.107712,3
524e7cc6-ccd9-4c2a-8384-968ef8f4040e,Dashen,Dashen Bank Mobile,com.dashen.dashensuperapp,5,"Fast, Reliable and User Friendly. Keep it Up","fast, reliable and user friendly. keep it up",2025-04-22 12:46:52,1.0.15,,,3,google_play,2025-11-30T16:15:08.107712,8
0d377b76-0853-4251-b23e-81fd0cc4d9f5,Dashen,Dashen Bank Mobile,com.dashen.dashensuperapp,5,the chat banking and unique and only app that alow money request!!,the chat banking and unique and only app that alow money request!!,2025-04-21 14:06:01,1.0.15,,,2,google_play,2025-11-30T16:15:08.107712,12
c859d065-d2cd-4c3d-bac1-f8ee0d9b8f18,Dashen,Dashen Bank Mobile,com.dashen.dashensuperapp,5,excellent mobile banking digital,excellent mobile banking digital,2025-08-24 16:13:51,1.5.8,,,0,google_play,2025-11-30T16:15:08.107712,4
8f19bff6-92a5-479c-b2c5-0a4d3a150093,Dashen,Dashen Bank Mobile,com.dashen.dashensuperapp,5,"Best App .. Good job, Dashen Bank","best app .. good job, dashen bank",2025-07-16 19:21:57,,,,0,google_play,2025-11-30T16:15:08.107712,7
d681817c-c55c-498e-b918-531e5633a32c,Dashen,Dashen Bank Mobile,com.dashen.dashensuperapp,5,nice app but transaction limet not enough,nice app but transaction limet not enough,2025-06-17 09:01:54,,,,0,google_play,2025-11-30T16:15:08.107712,7
c1e53073-4361-4972-a6ad-1229b70ee90e,Dashen,Dashen Bank Mobile,com.dashen.dashensuperapp,5,Great always one step ahead and most reliable bank,great always one step ahead and most reliable bank,2025-07-22 16:55:13,,,,0,google_play,2025-11-30T16:15:08.107712,9
9f0dddc5-58fa-4637-9a98-414044aa8bd0,Dashen,Dashen Bank Mobile,com.dashen.dashensuperapp,1,Its slow when i try to see the Recent Transaction and stucked,its slow when i try to see the recent transaction and stucked,2025-04-28 09:11:58,1.0.15,,,2,google_play,2025-11-30T16:15:08.107712,12
6ee89fcd-d75e-4845-9338-962d8760dc4f,Dashen,Dashen Bank Mobile,com.dashen.dashensuperapp,5,easy to use and the best one,easy to use and the best one,2025-08-17 06:23:10,1.0.16,,,0,google_play,2025-11-30T16:15:08.107712,7
1351d527-0ebd-4fcb-9c37-ba6361ece17e,Dashen,Dashen Bank Mobile,com.dashen.dashensuperapp,5,"The Dashen Super App offers a modern, user-friendly experience that leverages the latest technological advancements to deliver a seamless e-commerce platform","the dashen super app offers a modern, userfriendly experience that leverages the latest technological advancements to deliver a seamless ecommerce platform",2025-04-21 10:18:42,1.0.15,,,8,google_play,2025-11-30T16:15:08.107712,21
31577c85-64e5-4309-88f4-c1806697ca2d,Dashen,Dashen Bank Mobile,com.dashen.dashensuperapp,5,this app is the most simply to use and secure safe i love it to use for any bank transaction,this app is the most simply to use and secure safe i love it to use for any bank transaction,2025-04-21 12:12:47,1.0.15,,,3,google_play,2025-11-30T16:15:08.107712,20
42006315-95d0-4ccb-9a5c-a7ac1053d977,Dashen,Dashen Bank Mobile,com.dashen.dashensuperapp,5,"It is a very wonderful work that has saved its time. That is why it is ""Always one step ahead!""",it is a very wonderful work that has saved its time. that is why it is always one step ahead!,2025-01-17 10:04:57,1.0.4,,,5,google_play,2025-11-30T16:15:08.107712,20
3a8163db-3a24-4d28-bba2-58bb438391aa,Dashen,Dashen Bank Mobile,com.dashen.dashensuperapp,5,wow dashen bank super app,wow dashen bank super app,2025-11-12 10:20:07,1.5.8,,,0,google_play,2025-11-30T16:15:08.107712,5
30cdf34a-c7e8-4573-b51d-920e576eb5a9,Dashen,Dashen Bank Mobile,com.dashen.dashensuperapp,1,This app doesn't work on my phone my phone is Samsung Galaxy s7 android version 9 All other financial apps work like telebirr CBE M_pesa...,this app doesnt work on my phone my phone is samsung galaxy s7 android version 9 all other financial apps work like telebirr cbe mpesa...,2025-02-14 13:13:54,,,,4,google_play,2025-11-30T16:15:08.107712,25
99b90e10-84e8-4a3d-b564-b6b1fc10698e,Dashen,Dashen Bank Mobile,com.dashen.dashensuperapp,1,what your emplyees tell as about the app when they came to our store and what actually the app is different,what your emplyees tell as about the app when they came to our store and what actually the app is different,2025-10-30 08:40:08,,,,0,google_play,2025-11-30T16:15:08.107712,21
f3a2435b-8838-4f8a-bdf3-0680c781910e,Dashen,Dashen Bank Mobile,com.dashen.dashensuperapp,3,Some connection issues,some connection issues,2025-08-12 20:15:33,1.0.16,,,0,google_play,2025-11-30T16:15:08.107712,3
71670dbe-1de7-4384-822f-cc47f95185d8,Dashen,Dashen Bank Mobile,com.dashen.dashensuperapp,5,So far so good! their in person customer service is amazing 👏,so far so good! their in person customer service is amazing,2025-04-14 14:51:47,1.0.14,,,2,google_play,2025-11-30T16:15:08.107712,11
a18d6971-00fe-4bc1-b303-7c47e6ab410b,Dashen,Dashen Bank Mobile,com.dashen.dashensuperapp,4,"Simple, Fast and Easy ⭐⭐⭐🎉","simple, fast and easy",2025-02-10 19:50:05,1.0.7,,,6,google_play,2025-11-30T16:15:08.107712,4
971db897-312b-4560-998a-aaf867c9aba0,Dashen,Dashen Bank Mobile,com.dashen.dashensuperapp,1,it's very disappointing fix it as soon as possible not expected from dashin bank fix it,its very disappointing fix it as soon as possible not expected from dashin bank fix it,2025-04-04 19:40:29,1.0.14,,,4,google_play,2025-11-30T16:15:08.107712,16
50117391-aa47-4c25-b9fa-bda3a861d922,Dashen,Dashen Bank Mobile,com.dashen.dashensuperapp,5,I love it. one of the best mobile banking app in the banking industry,i love it. one of the best mobile banking app in the banking industry,2025-04-21 10:16:54,1.0.15,,,3,google_play,2025-11-30T16:15:08.107712,14
195107de-6ae9-4adf-bb09-e25c029d6706,Dashen,Dashen Bank Mobile,com.dashen.dashensuperapp,5,easiness to use with fast response time,easiness to use with fast response time,2025-04-21 11:01:20,1.0.15,,,2,google_play,2025-11-30T16:15:08.107712,7
0e4cf42b-eb22-4a9d-b2f9-e99cfc55dd8b,Dashen,Dashen Bank Mobile,com.dashen.dashensuperapp,5,Dashen supper app is the most special. ይምቾቱ ይለያያል!!!!,dashen supper app is the most special. !!!!,2025-04-21 10:21:54,1.0.14,,,2,google_play,2025-11-30T16:15:08.107712,8
34f021e1-7017-44b8-b630-9d1dc75bf1db,Dashen,Dashen Bank Mobile,com.dashen.dashensuperapp,5,Dashen supper App is the most useful app for our customers,dashen supper app is the most useful app for our customers,2025-04-21 10:41:28,1.0.15,,,2,google_play,2025-11-30T16:15:08.107712,11
afa8745f-7dad-4bdd-9e5b-0d7c19057f9e,Dashen,Dashen Bank Mobile,com.dashen.dashensuperapp,5,"Waw, It's amazing app. thank you Dashen Bank.","waw, its amazing app. thank you dashen bank.",2025-03-31 15:21:51,1.0.14,,,2,google_play,2025-11-30T16:15:08.107712,8
963f1643-28ff-462c-88a7-bc9146390102,Dashen,Dashen Bank Mobile,com.dashen.dashensuperapp,5,"Dashen Super App isn’t just an app — it’s an experience. Effortless, powerful, and built for the future","dashen super app isnt just an app its an experience. effortless, powerful, and built for the future",2025-04-21 13:40:20,1.0.14,,,3,google_play,2025-11-30T16:15:08.107712,17
43630291-4571-4e34-96d8-1d7ba7d174a9,Dashen,Dashen Bank Mobile,com.dashen.dashensuperapp,5,it so fanrastic and user friendly app. Bravo Dashen bank thanks.,it so fanrastic and user friendly app. bravo dashen bank thanks.,2025-04-21 21:53:58,1.0.15,,,2,google_play,2025-11-30T16:15:08.107712,11
fdcc34cc-699d-46ba-bcde-69f82e340aa4,Dashen,Dashen Bank Mobile,com.dashen.dashensuperapp,5,"easy &,simple to use","easy ,simple to use",2025-04-21 13:06:30,1.0.15,,,2,google_play,2025-11-30T16:15:08.107712,4
f586fd46-d883-4970-8ae3-dfded1df6aa1,Dashen,Dashen Bank Mobile,com.dashen.dashensuperapp,3,this apps have a good feature but but some features like developer mode turn off irritate user,this apps have a good feature but but some features like developer mode turn off irritate user,2025-03-31 23:13:13,1.0.14,,,3,google_play,2025-11-30T16:15:08.107712,17
94163742-6825-440b-9f7f-71d8d9d036ed,Dashen,Dashen Bank Mobile,com.dashen.dashensuperapp,5,An app with High performance and advanced features!,an app with high performance and advanced features!,2025-04-21 12:07:14,1.0.15,,,3,google_play,2025-11-30T16:15:08.107712,8
d797e094-d6fb-4ead-b33a-980b9c5fb93d,Dashen,Dashen Bank Mobile,com.dashen.dashensuperapp,5,It good and easy to use,it good and easy to use,2025-03-11 08:08:03,1.0.13,,,2,google_play,2025-11-30T16:15:08.107712,6
867ceac0-2b05-4261-86c0-093b58ea0553,Dashen,Dashen Bank Mobile,com.dashen.dashensuperapp,5,It keep my time to pay my bills and I generate my satment easily,it keep my time to pay my bills and i generate my satment easily,2025-04-21 13:50:46,,,,2,google_play,2025-11-30T16:15:08.107712,14
cad7278a-410d-4eed-805d-d1a942009cc3,Dashen,Dashen Bank Mobile,com.dashen.dashensuperapp,5,"Waw Great and innovated,user friendly, always one step ahead","waw great and innovated,user friendly, always one step ahead",2025-01-13 19:01:12,1.0.1,,,28,google_play,2025-11-30T16:15:08.107712,9
49c926f1-3b4f-48af-8fab-ce09046e20cc,Dashen,Dashen Bank Mobile,com.dashen.dashensuperapp,5,This is the best banking app ever. I recommend everyone to use it.,this is the best banking app ever. i recommend everyone to use it.,2025-04-23 08:06:58,1.0.15,,,2,google_play,2025-11-30T16:15:08.107712,13
0a6d9811-4c0c-4ac6-9533-0f71215e1a9e,Dashen,Dashen Bank Mobile,com.dashen.dashensuperapp,5,Exellent app with exellent banking system and exellent bank ever,exellent app with exellent banking system and exellent bank ever,2025-01-21 03:57:30,1.0.4,,,5,google_play,2025-11-30T16:15:08.107712,10
2b6f2fa5-b5ce-4c1c-adc5-b21429979ae7,Dashen,Dashen Bank Mobile,com.dashen.dashensuperapp,5,Keep up the good work and pleas add water and electric utility payment,keep up the good work and pleas add water and electric utility payment,2025-02-12 09:32:07,,,,2,google_play,2025-11-30T16:15:08.107712,13
30ebc149-910a-41be-ac92-fd4e9e002fd1,Dashen,Dashen Bank Mobile,com.dashen.dashensuperapp,5,It looks good and simple to use,it looks good and simple to use,2025-01-14 16:56:03,1.0.1,,,6,google_play,2025-11-30T16:15:08.107712,7
5bd1a772-544e-4524-a5bc-aa7b5d86f3fd,Dashen,Dashen Bank Mobile,com.dashen.dashensuperapp,1,"It does not work functional ,","it does not work functional ,",2025-02-02 21:04:28,1.0.7,,,5,google_play,2025-11-30T16:15:08.107712,6
71b44fde-a457-4a5d-bd21-cee994689ee2,Dashen,Dashen Bank Mobile,com.dashen.dashensuperapp,5,nice and best,nice and best,2025-10-10 18:00:07,1.7.4,,,0,google_play,2025-11-30T16:15:08.107712,3
6a9d5447-10d8-4f6e-abc9-7a3f0ba909f6,Dashen,Dashen Bank Mobile,com.dashen.dashensuperapp,5,A Good and fast supper app thanks for dashen bank,a good and fast supper app thanks for dashen bank,2025-04-21 10:36:28,1.0.14,,,2,google_play,2025-11-30T16:15:08.107712,10
caf4a80c-85db-4b49-ab9c-a0b55e152317,Dashen,Dashen Bank Mobile,com.dashen.dashensuperapp,5,Massive upgrade from the Amole app.,massive upgrade from the amole app.,2025-05-31 22:04:04,1.0.16,,,0,google_play,2025-11-30T16:15:08.107712,6
0883eae9-8a3c-4c12-9c99-ce6945b4538b,Dashen,Dashen Bank Mobile,com.dashen.dashensuperapp,5,Better Move to catch the competition up👍,better move to catch the competition up,2025-01-16 11:44:01,1.0.4,,,4,google_play,2025-11-30T16:15:08.107712,7
4497c57a-d9e7-4447-87d8-37a117332356,Dashen,Dashen Bank Mobile,com.dashen.dashensuperapp,5,Fastest and easy to use,fastest and easy to use,2025-01-22 09:03:09,1.0.4,,,6,google_play,2025-11-30T16:15:08.107712,5
a508c79d-95b9-4133-a32b-095e1bf3c75c,Dashen,Dashen Bank Mobile,com.dashen.dashensuperapp,1,i dont like it,i dont like it,2025-09-27 10:49:14,1.5.8,,,0,google_play,2025-11-30T16:15:08.107712,4
79e31cae-3560-497e-af19-327dd7ee607f,Dashen,Dashen Bank Mobile,com.dashen.dashensuperapp,5,Dashen is the Future,dashen is the future,2025-09-27 09:42:59,1.7.4,,,1,google_play,2025-11-30T16:15:08.107712,4
3dff5082-039f-40a3-8d75-11dbf6ed6f44,Dashen,Dashen Bank Mobile,com.dashen.dashensuperapp,5,very nise good,very nise good,2025-10-30 14:17:37,1.7.4,,,0,google_play,2025-11-30T16:15:08.107712,3
f6ad312f-15c3-43bb-b291-f8a8e35e331e,Dashen,Dashen Bank Mobile,com.dashen.dashensuperapp,5,It is an amazing application that meets the needs of customers.,it is an amazing application that meets the needs of customers.,2025-04-22 07:51:42,1.0.14,,,2,google_play,2025-11-30T16:15:08.107712,11
d1c22383-7e9c-4130-923f-b69817109b3b,Dashen,Dashen Bank Mobile,com.dashen.dashensuperapp,5,I am so thankful for having this best app Dashen one step ahead,i am so thankful for having this best app dashen one step ahead,2025-02-04 13:04:14,1.0.7,,,7,google_play,2025-11-30T16:15:08.107712,13
703187ba-cd29-46c8-9bdf-bdfd54668e67,Dashen,Dashen Bank Mobile,com.dashen.dashensuperapp,5,i am using,i am using,2025-11-05 11:21:24,1.7.4,,,0,google_play,2025-11-30T16:15:08.107712,3
b9c85a77-6315-4df3-844d-63d6e0fba45b,Dashen,Dashen Bank Mobile,com.dashen.dashensuperapp,5,wow dashen bank,wow dashen bank,2025-11-03 08:52:11,1.7.4,,,0,google_play,2025-11-30T16:15:08.107712,3
2e58305b-5b99-4fc5-b4f0-1be5623a0558,Dashen,Dashen Bank Mobile,com.dashen.dashensuperapp,1,worst app ever,worst app ever,2025-11-05 13:34:32,1.7.4,,,0,google_play,2025-11-30T16:15:08.107712,3
6865f69e-cc69-42db-941a-85cc16ce6bf8,Dashen,Dashen Bank Mobile,com.dashen.dashensuperapp,1,betam kerfafa naw,betam kerfafa naw,2025-11-05 14:47:58,1.7.4,,,0,google_play,2025-11-30T16:15:08.107712,3
3371e672-aa09-45c0-9ae6-ec3d4e3e827a,Dashen,Dashen Bank Mobile,com.dashen.dashensuperapp,1,"The app is not working properly, I have been using it.","the app is not working properly, i have been using it.",2025-04-10 11:42:10,1.0.14,,,2,google_play,2025-11-30T16:15:08.107712,11
ff71d5f8-bdbf-4b53-a703-ad24bc5eda84,Dashen,Dashen Bank Mobile,com.dashen.dashensuperapp,1,un functional app,un functional app,2025-08-29 08:35:13,1.5.8,,,1,google_play,2025-11-30T16:15:08.107712,3
49a94407-511c-4ae6-9446-d027a00f5e8a,Dashen,Dashen Bank Mobile,com.dashen.dashensuperapp,1,"worst app ever and by any chance your account is deactivated, you are doomed","worst app ever and by any chance your account is deactivated, you are doomed",2025-06-27 09:12:57,1.0.16,,,1,google_play,2025-11-30T16:15:08.107712,14
2097ddd0-1596-48a5-8c9c-5981d82c9ac2,Dashen,Dashen Bank Mobile,com.dashen.dashensuperapp,1,sometimes is not working to be honest,sometimes is not working to be honest,2025-08-01 12:29:39,1.0.16,,,1,google_play,2025-11-30T16:15:08.107712,7
f20f3b43-9df9-4149-b656-dae1b4bbde38,Dashen,Dashen Bank Mobile,com.dashen.dashensuperapp,5,Dashen Bank super app is the best app,dashen bank super app is the best app,2025-08-05 06:33:33,1.0.16,,,0,google_play,2025-11-30T16:15:08.107712,8
78a694a1-8f38-4796-a4fc-0310a8c0a031,Dashen,Dashen Bank Mobile,com.dashen.dashensuperapp,5,it is the best,it is the best,2025-10-11 08:45:43,1.7.4,,,0,google_play,2025-11-30T16:15:08.107712,4
1e865933-282f-4ea1-98f5-98c08d95a40f,Dashen,Dashen Bank Mobile,com.dashen.dashensuperapp,5,wawwwww what nice super app !!keep it up dashen bank !!,wawwwww what nice super app !!keep it up dashen bank !!,2025-04-21 18:14:21,1.0.15,,,2,google_play,2025-11-30T16:15:08.107712,11
02b493af-68e8-4109-95e9-38dfce50d742,Dashen,Dashen Bank Mobile,com.dashen.dashensuperapp,5,smooth and easy!!!,smooth and easy!!!,2025-11-14 11:42:09,,,,0,google_play,2025-11-30T16:15:08.107712,3
67218c11-6089-4be4-a26b-801ef1c9df87,Dashen,Dashen Bank Mobile,com.dashen.dashensuperapp,5,"Good actually , but it have to WORK when developer option is on 🙏","good actually , but it have to work when developer option is on",2025-04-21 11:49:32,,,,2,google_play,2025-11-30T16:15:08.107712,13
6e114d46-b6cd-4ac4-9b39-611be7092468,Dashen,Dashen Bank Mobile,com.dashen.dashensuperapp,5,Best Mobile Banking App in Ethiopia .,best mobile banking app in ethiopia .,2025-11-11 15:42:25,,,,0,google_play,2025-11-30T16:15:08.107712,7
d5e77822-77c3-4c94-b062-4c36c8b6e210,Dashen,Dashen Bank Mobile,com.dashen.dashensuperapp,5,it's good but is not fast,its good but is not fast,2025-11-09 14:40:07,,,,0,google_play,2025-11-30T16:15:08.107712,6
2ccfdda8-3a7e-4c83-a336-837799716a01,Dashen,Dashen Bank Mobile,com.dashen.dashensuperapp,1,it's too slow,its too slow,2025-11-01 10:50:25,,,,0,google_play,2025-11-30T16:15:08.107712,3
77f5b29c-a280-491e-a189-9294bb1dcc4b,Dashen,Dashen Bank Mobile,com.dashen.dashensuperapp,5,"one step forward, Ethiopian bank and e commerce industry","one step forward, ethiopian bank and e commerce industry",2025-08-15 10:45:06,1.5.5,,,0,google_play,2025-11-30T16:15:08.107712,9
125057ca-c7fb-4c34-a7d1-a2cbe0d1b369,Dashen,Dashen Bank Mobile,com.dashen.dashensuperapp,5,Very easy and Fast.,very easy and fast.,2025-04-24 10:37:47,1.0.4,,,1,google_play,2025-11-30T16:15:08.107712,4
3a7cd664-6247-442c-b273-a913dc7cc30b,Dashen,Dashen Bank Mobile,com.dashen.dashensuperapp,2,The app is good but it ask update every week so tiring,the app is good but it ask update every week so tiring,2025-03-11 12:41:47,1.0.14,,,1,google_play,2025-11-30T16:15:08.107712,12
811f3549-2ca4-43f3-b03a-f0aff42e4b37,Dashen,Dashen Bank Mobile,com.dashen.dashensuperapp,5,"its amazing app, visually stunning","its amazing app, visually stunning",2025-09-26 19:44:46,,,,0,google_play,2025-11-30T16:15:08.107712,5
b88fa79d-d681-4e41-8994-88bd84e50d24,Dashen,Dashen Bank Mobile,com.dashen.dashensuperapp,5,this is what we expect to get service Dashen Bank always like his slogan,this is what we expect to get service dashen bank always like his slogan,2025-04-21 10:28:14,1.0.15,,,2,google_play,2025-11-30T16:15:08.107712,14
9a583630-4540-44cb-8488-cf58211da392,Dashen,Dashen Bank Mobile,com.dashen.dashensuperapp,1,it is not as good as to the other mobile bank app.,it is not as good as to the other mobile bank app.,2025-05-22 18:35:38,,,,1,google_play,2025-11-30T16:15:08.107712,12
2d86848c-b71b-4419-871c-42ad60f1abfe,Dashen,Dashen Bank Mobile,com.dashen.dashensuperapp,5,it is incredible product.,it is incredible product.,2025-04-23 15:09:24,1.0.15,,,1,google_play,2025-11-30T16:15:08.107712,4
6da6a076-6a01-4e58-b8aa-de2969a2a505,Dashen,Dashen Bank Mobile,com.dashen.dashensuperapp,1,bad specialy at weekends,bad specialy at weekends,2025-09-07 07:58:16,1.5.4,,,0,google_play,2025-11-30T16:15:08.107712,4
4ca0ede2-4259-4cec-a958-71d3a7555715,Dashen,Dashen Bank Mobile,com.dashen.dashensuperapp,1,no working for me hulum information asgebiche continue or accept yemilew button ayeseram my phone is Samsung A51,no working for me hulum information asgebiche continue or accept yemilew button ayeseram my phone is samsung a51,2025-04-21 04:48:55,1.0.15,,,2,google_play,2025-11-30T16:15:08.107712,18
871a74e7-f701-4c92-83e1-d6bc659a397d,Dashen,Dashen Bank Mobile,com.dashen.dashensuperapp,5,Faster and userfriendly,faster and userfriendly,2025-01-14 09:38:11,1.0.1,,,15,google_play,2025-11-30T16:15:08.107712,3
fe52deb6-a04e-457e-a84a-4946e5c13f89,Dashen,Dashen Bank Mobile,com.dashen.dashensuperapp,5,this app is outstanding,this app is outstanding,2025-10-01 18:02:30,1.5.8,,,0,google_play,2025-11-30T16:15:08.107712,4
86f17281-1a7a-4ae7-be9f-c2130ab31b88,Dashen,Dashen Bank Mobile,com.dashen.dashensuperapp,1,it doesn't let me open my account,it doesnt let me open my account,2025-10-12 10:28:43,1.0.15,,,0,google_play,2025-11-30T16:15:08.107712,7
f0c3ab74-087f-43bd-ab00-fe80b34e864a,Dashen,Dashen Bank Mobile,com.dashen.dashensuperapp,5,it is the most amazing mobile app,it is the most amazing mobile app,2025-04-21 10:40:59,1.0.15,,,2,google_play,2025-11-30T16:15:08.107712,7
d61a5b09-39d5-4502-b270-15c6ad04f19c,Dashen,Dashen Bank Mobile,com.dashen.dashensuperapp,5,"To be honest, best banking and lifestyle app in Ethiopia.","to be honest, best banking and lifestyle app in ethiopia.",2025-05-12 15:03:18,,,,1,google_play,2025-11-30T16:15:08.107712,10
2f7f02c0-8c37-48a2-880d-da85a2945e1c,Dashen,Dashen Bank Mobile,com.dashen.dashensuperapp,4,still it's essay for user,still its essay for user,2025-08-15 10:04:31,1.5.5,,,0,google_play,2025-11-30T16:15:08.107712,5
203bd4d9-feda-4edd-b09b-40bc36bb84d8,Dashen,Dashen Bank Mobile,com.dashen.dashensuperapp,5,very good compared to Amole!,very good compared to amole!,2025-07-13 22:08:44,1.0.16,,,0,google_play,2025-11-30T16:15:08.107712,5
ac9acf91-3777-4db6-8c23-3bd90cb9c83c,Dashen,Dashen Bank Mobile,com.dashen.dashensuperapp,5,Why isn't this app working?,why isnt this app working?,2025-07-29 16:41:54,1.0.16,,,0,google_play,2025-11-30T16:15:08.107712,5
e63aa85d-85a4-46d0-9b4e-b3048c3c0c02,Dashen,Dashen Bank Mobile,com.dashen.dashensuperapp,5,good job my dashen super app,good job my dashen super app,2025-08-12 20:33:21,1.0.16,,,0,google_play,2025-11-30T16:15:08.107712,6
8151dac5-6706-4c18-b538-5c3882c8b679,Dashen,Dashen Bank Mobile,com.dashen.dashensuperapp,5,best but USSD is necessary,best but ussd is necessary,2025-08-15 12:38:28,1.5.5,,,0,google_play,2025-11-30T16:15:08.107712,5
c25b35d2-35dd-4347-a520-99471d7b1066,Dashen,Dashen Bank Mobile,com.dashen.dashensuperapp,5,very good for this app,very good for this app,2025-05-31 20:03:18,1.0.16,,,0,google_play,2025-11-30T16:15:08.107712,5
6cd59c87-dcb4-4bd7-9d02-76ca304d2172,Dashen,Dashen Bank Mobile,com.dashen.dashensuperapp,3,safe and secure,safe and secure,2025-09-18 08:52:51,,,,0,google_play,2025-11-30T16:15:08.107712,3
bc906d9b-9f75-4dae-a5bf-c5e2a17e8a6e,Dashen,Dashen Bank Mobile,com.dashen.dashensuperapp,1,alway slow loading,alway slow loading,2025-06-30 14:02:41,1.0.16,,,0,google_play,2025-11-30T16:15:08.107712,3
e57361d3-fa19-484c-869e-02d738a5280b,Dashen,Dashen Bank Mobile,com.dashen.dashensuperapp,5,best app with best bank,best app with best bank,2025-07-02 13:20:06,1.0.16,,,0,google_play,2025-11-30T16:15:08.107712,5
3323ffef-d180-4eb7-b358-7f00cb41d9fc,Dashen,Dashen Bank Mobile,com.dashen.dashensuperapp,5,"Appreciated, Always one step ahead!","appreciated, always one step ahead!",2025-09-26 15:20:45,,,,0,google_play,2025-11-30T16:15:08.107712,5
1fe734ce-edc7-43ea-af25-4f0dd9ef09ea,Dashen,Dashen Bank Mobile,com.dashen.dashensuperapp,3,slowest banking app ever used,slowest banking app ever used,2025-08-07 08:37:19,1.0.16,,,1,google_play,2025-11-30T16:15:08.107712,5
7c796f6e-2c5e-4fc3-9877-9d6d6055e354,Dashen,Dashen Bank Mobile,com.dashen.dashensuperapp,5,all in one super app,all in one super app,2025-07-21 10:16:00,1.0.16,,,0,google_play,2025-11-30T16:15:08.107712,5
030ff419-ef33-4724-afcc-3ca530dab0f5,Dashen,Dashen Bank Mobile,com.dashen.dashensuperapp,5,all of dashen bank customers use the application it is good to use,all of dashen bank customers use the application it is good to use,2025-02-01 19:57:58,1.0.7,,,4,google_play,2025-11-30T16:15:08.107712,13
173957b9-fba2-4a7e-b9bc-ec34bbe0b52a,Dashen,Dashen Bank Mobile,com.dashen.dashensuperapp,5,it was amazing app.....thank you dashen bank....,it was amazing app.....thank you dashen bank....,2025-01-30 21:28:41,1.0.6,,,4,google_play,2025-11-30T16:15:08.107712,7
e18544eb-d622-47eb-8d7d-ef3bf4df0a10,Dashen,Dashen Bank Mobile,com.dashen.dashensuperapp,5,Better and inclusive app!,better and inclusive app!,2025-04-21 14:05:09,1.0.14,,,2,google_play,2025-11-30T16:15:08.107712,4
f539096f-c091-4424-9f29-8b1de5bcd809,Dashen,Dashen Bank Mobile,com.dashen.dashensuperapp,5,Wow! like his name Super App...,wow! like his name super app...,2025-04-21 10:22:53,1.0.15,,,2,google_play,2025-11-30T16:15:08.107712,6
a36489c7-0091-4e07-897f-78168bcb64b4,Dashen,Dashen Bank Mobile,com.dashen.dashensuperapp,5,The best app ever in finance sector,the best app ever in finance sector,2025-05-18 21:01:50,1.0.16,,,0,google_play,2025-11-30T16:15:08.107712,7
bb72bc30-a3bb-468f-ad15-1ca88c7897ae,Dashen,Dashen Bank Mobile,com.dashen.dashensuperapp,5,"The best of best is now arrived **Empowering Your Financial Freedom** ""Experience seamless banking at your fingertips with Dashen Bank. Empowering your financial freedom, anytime, anywhere!"" **Innovation Meets Convenience** ""Dashen Bank Mobile Banking: Where innovation meets convenience. **Secure and Reliable** ""Bank with confidence","the best of best is now arrived empowering your financial freedom experience seamless banking at your fingertips with dashen bank. empowering your financial freedom, anytime, anywhere! innovation meets convenience dashen bank mobile banking where innovation meets convenience. secure and reliable bank with confidence",2025-05-22 08:42:22,1.0.16,,,3,google_play,2025-11-30T16:15:08.107712,43
386c3a7b-275d-436c-a83b-af805c1cc4ac,Dashen,Dashen Bank Mobile,com.dashen.dashensuperapp,5,Best- in-class app.,best inclass app.,2025-04-21 10:21:02,1.0.15,,,3,google_play,2025-11-30T16:15:08.107712,3
0af7f66d-ac1b-46c8-866a-afbed0f5ed57,Dashen,Dashen Bank Mobile,com.dashen.dashensuperapp,2,why does it ask me for both pin and opt even the opt is touch let alone both,why does it ask me for both pin and opt even the opt is touch let alone both,2025-04-02 14:02:36,1.0.14,,,1,google_play,2025-11-30T16:15:08.107712,18
e29fbbc4-6bf3-4ee8-82c7-bec09e75ae63,Dashen,Dashen Bank Mobile,com.dashen.dashensuperapp,5,oh nice!!! i wish it's very nice app,oh nice!!! i wish its very nice app,2025-01-14 18:50:29,1.0.1,,,5,google_play,2025-11-30T16:15:08.107712,8
21885f99-6abd-43d1-8bda-9b9c135a01ed,Dashen,Dashen Bank Mobile,com.dashen.dashensuperapp,5,The most good app and easy,the most good app and easy,2025-01-16 21:14:01,1.0.4,,,3,google_play,2025-11-30T16:15:08.107712,6
7bb4cd6c-66c5-4ac6-bae7-4231c6e67f3d,Dashen,Dashen Bank Mobile,com.dashen.dashensuperapp,5,The best Banking app I have ever seen,the best banking app i have ever seen,2025-01-14 16:57:03,1.0.1,,,5,google_play,2025-11-30T16:15:08.107712,8
f86b4755-e62d-4f13-86f5-adf5bdf4105a,Dashen,Dashen Bank Mobile,com.dashen.dashensuperapp,5,Always one step a head!,always one step a head!,2025-01-15 08:26:27,1.0.1,,,4,google_play,2025-11-30T16:15:08.107712,5
7b265fe3-1e03-425b-9b06-41bafe966fc3,Dashen,Dashen Bank Mobile,com.dashen.dashensuperapp,5,"It's an amazing app, experience it!!","its an amazing app, experience it!!",2025-04-23 09:41:16,1.0.15,,,2,google_play,2025-11-30T16:15:08.107712,6
9dd7083b-d295-42f5-b18f-f11dc02839a7,Dashen,Dashen Bank Mobile,com.dashen.dashensuperapp,5,its features are so dynamic,its features are so dynamic,2025-04-22 13:30:51,1.0.15,,,2,google_play,2025-11-30T16:15:08.107712,5
cbfa6f44-6387-46f5-8c57-005106a7f33f,Dashen,Dashen Bank Mobile,com.dashen.dashensuperapp,1,why do i have to change a pin number i use my finger print so dummy,why do i have to change a pin number i use my finger print so dummy,2025-04-27 03:44:20,1.0.15,,,2,google_play,2025-11-30T16:15:08.107712,16
b2730fe5-571b-4fcd-8a66-24f872b7b8bb,Dashen,Dashen Bank Mobile,com.dashen.dashensuperapp,4,The app is good but it has no USSD option,the app is good but it has no ussd option,2025-03-13 08:28:45,1.0.14,,,1,google_play,2025-11-30T16:15:08.107712,10
b6417689-7817-4d01-9dac-77337118d8a5,Dashen,Dashen Bank Mobile,com.dashen.dashensuperapp,5,Great App Well done Dashen Bank,great app well done dashen bank,2025-01-15 20:06:06,1.0.4,,,3,google_play,2025-11-30T16:15:08.107712,6
80908e03-2856-4e22-84ed-a70b53d96a41,Dashen,Dashen Bank Mobile,com.dashen.dashensuperapp,5,"It's an amazing app that is up-to-date with the times, wow wow","its an amazing app that is uptodate with the times, wow wow",2025-04-21 13:43:50,1.0.14,,,2,google_play,2025-11-30T16:15:08.107712,12
c6e938b5-244e-472c-ade8-811e02984c65,Dashen,Dashen Bank Mobile,com.dashen.dashensuperapp,5,Always one step forward,always one step forward,2025-01-15 17:51:06,1.0.4,,,3,google_play,2025-11-30T16:15:08.107712,4
5e6ff839-abc2-4b30-a8b4-e0f331da29d1,Dashen,Dashen Bank Mobile,com.dashen.dashensuperapp,4,this app better than Amole . but the biometric on new update doesn't work,this app better than amole . but the biometric on new update doesnt work,2025-05-31 11:24:07,1.0.16,,,1,google_play,2025-11-30T16:15:08.107712,14
adb74398-cf2d-4c18-aff4-72412cfe8c51,Dashen,Dashen Bank Mobile,com.dashen.dashensuperapp,5,very comfortable app keep it,very comfortable app keep it,2025-04-21 11:28:51,1.0.15,,,2,google_play,2025-11-30T16:15:08.107712,5
495ede3b-26fc-497e-8409-7717affaf3f6,Dashen,Dashen Bank Mobile,com.dashen.dashensuperapp,5,Needs some improvement,needs some improvement,2025-01-20 14:49:52,1.0.4,,,2,google_play,2025-11-30T16:15:08.107712,3
cf3081c5-a6d9-4481-80de-c990cf6b9784,Dashen,Dashen Bank Mobile,com.dashen.dashensuperapp,5,best platform... Please avoid otp,best platform... please avoid otp,2025-02-21 06:28:04,,,,2,google_play,2025-11-30T16:15:08.107712,5
f2852962-b983-44af-b296-241a3373477f,Dashen,Dashen Bank Mobile,com.dashen.dashensuperapp,5,excellent game changer App,excellent game changer app,2025-05-08 10:07:07,1.0.16,,,1,google_play,2025-11-30T16:15:08.107712,4
115f7455-45c0-483c-b690-0e83dada584b,Dashen,Dashen Bank Mobile,com.dashen.dashensuperapp,1,useless app ever loading take long,useless app ever loading take long,2025-05-27 08:19:32,,,,3,google_play,2025-11-30T16:15:08.107712,6
07855205-ebce-419e-ab28-34d0a7b7373e,Dashen,Dashen Bank Mobile,com.dashen.dashensuperapp,1,it's Be Come Busy &not working good,its be come busy not working good,2025-03-20 00:36:52,1.0.14,,,1,google_play,2025-11-30T16:15:08.107712,7
8a3f027a-9427-4cd2-901b-6fff9659d994,Dashen,Dashen Bank Mobile,com.dashen.dashensuperapp,5,convenient and fast,convenient and fast,2025-04-21 10:21:49,1.0.15,,,3,google_play,2025-11-30T16:15:08.107712,3
122c3323-11c7-4f8e-a842-57272e0b80e3,Dashen,Dashen Bank Mobile,com.dashen.dashensuperapp,1,too slow to use.,too slow to use.,2025-03-26 06:36:38,1.0.14,,,4,google_play,2025-11-30T16:15:08.107712,4
99157497-80f6-4302-9987-a61fb2d35d8b,Dashen,Dashen Bank Mobile,com.dashen.dashensuperapp,5,excellent mobile banking app,excellent mobile banking app,2025-04-21 10:23:00,1.0.15,,,2,google_play,2025-11-30T16:15:08.107712,4
e0e5b98d-5942-4c79-8610-4206edfdf353,Dashen,Dashen Bank Mobile,com.dashen.dashensuperapp,5,fast &Friendly user Application.,fast friendly user application.,2025-04-22 12:53:47,1.0.14,,,2,google_play,2025-11-30T16:15:08.107712,4
