review_id,bank,app_name,pkg,score,content,content_clean,at,review_created_version,reply_content,replied_at,thumbs_up_count,source,scrape_run_id
362b7c91-55d7-45f5-bcd5-7088f6b09e3a,Dashen,Dashen Bank Mobile,com.dashen.dashensuperapp,5,"The Dashen Super App is very impressive. It is fast, easy to use, and provides smooth access to all essential banking services. Money transfer, bill payment, balance check, and other features work efficiently without issues. The design is clean and user-friendly. Great step forward in digital banking — keep up the good work, Dashen Bank!","The Dashen Super App is very impressive. It is fast, easy to use, and provides smooth access to all essential banking services. Money transfer, bill payment, balance check, and other features work efficiently without issues. The design is clean and user-friendly. Great step forward in digital banking — keep up the good work, Dashen Bank!",2025-11-05T18:11:36,1.8.1,,,219,google_play,2025-11-30T16:15:08.107712
fded7d2d-d728-45d8-bbff-d921bb72b84c,Dashen,Dashen Bank Mobile,com.dashen.dashensuperapp,4,"@Shewangizaw L. As a heavy user of the app , the issue you raised around resetting pass pin concerned me and gave it a try and found it to be safe. Basically the app will do two things: verifies one using an otp and then requires an in-person visit to bank's physical branch for final verification after resetting the password. Therefore, safe to use! I wish ""i""nformational tip was added around the reset button. Could not attach screenshot.","@Shewangizaw L. As a heavy user of the app , the issue you raised around resetting pass pin concerned me and gave it a try and found it to be safe. Basically the app will do two things: verifies one using an otp and then requires an in-person visit to bank's physical branch for final verification after resetting the password. Therefore, safe to use! I wish ""i""nformational tip was added around the reset button. Could not attach screenshot.",2025-10-06T14:43:32,1.7.4,,,38,google_play,2025-11-30T16:15:08.107712
34e38910-0b27-4048-954e-82aa66d61c43,Dashen,Dashen Bank Mobile,com.dashen.dashensuperapp,1,"This might be the worst banking app I've ever used I dont know why kind of bug it is but suddenly the apps stops working it says ""Temporarily unavailable"" for a simple feature like viewing account balance and in person visit was no help it took them longer than 2 hours to fix it and even after that 2 weeks later the same problem just because of this I'm going to stop using the bank altogether which is a shame because it's a decent bank","This might be the worst banking app I've ever used I dont know why kind of bug it is but suddenly the apps stops working it says ""Temporarily unavailable"" for a simple feature like viewing account balance and in person visit was no help it took them longer than 2 hours to fix it and even after that 2 weeks later the same problem just because of this I'm going to stop using the bank altogether which is a shame because it's a decent bank",2025-11-01T07:46:53,1.8.0,"Dear Ato Zelalem,

We apologize for the inconvenience that you faced while using our Bank's Super App. We always strive to improve the App to create a fascinating experience to our customers. If you need a personal support, you can reach out to us through our social media pages (inbox).

Thank you in advance.",2025-11-05T14:11:32,508,google_play,2025-11-30T16:15:08.107712
d29af33e-3f63-4b7e-9312-b63f7d2c6724,Dashen,Dashen Bank Mobile,com.dashen.dashensuperapp,1,What do you care about my phone's settings? Who are you to tell me what to turn off and on? It is my phone after all. This *develoler option* thing will cost you a lot of users who are willing to leave the bank once and for all. Turn this thing off. 6 you fear this is a security issue fix your side not mine.,What do you care about my phone's settings? Who are you to tell me what to turn off and on? It is my phone after all. This *develoler option* thing will cost you a lot of users who are willing to leave the bank once and for all. Turn this thing off. 6 you fear this is a security issue fix your side not mine.,2025-11-25T15:03:10,1.8.1,,,0,google_play,2025-11-30T16:15:08.107712
eeb816b9-14d4-4d91-a3b5-90b391850faa,Dashen,Dashen Bank Mobile,com.dashen.dashensuperapp,5,"The Dashen Super App is very impressive. It is fast, easy to use, and provides smooth access to all essential banking services. Money transfer, bill payment, balance check, and other features work efficiently without issues. The design is clean and user-friendly. Great step forward in digital banking — keep up the good work, Dashen Bank!..","The Dashen Super App is very impressive. It is fast, easy to use, and provides smooth access to all essential banking services. Money transfer, bill payment, balance check, and other features work efficiently without issues. The design is clean and user-friendly. Great step forward in digital banking — keep up the good work, Dashen Bank!..",2025-11-19T18:51:58,1.7.4,,,52,google_play,2025-11-30T16:15:08.107712
360a6c12-d948-4ce0-aea6-267b8eaaa743,Dashen,Dashen Bank Mobile,com.dashen.dashensuperapp,3,it has improved very much lately its working more and getting better but yet it is not fully fixed some time at night it doesn't work..i think the problem is it was launched too early.,it has improved very much lately its working more and getting better but yet it is not fully fixed some time at night it doesn't work..i think the problem is it was launched too early.,2025-11-04T12:32:40,1.8.1,,,134,google_play,2025-11-30T16:15:08.107712
9504f5cc-7f16-4fe0-8ba5-f76eef162f8b,Dashen,Dashen Bank Mobile,com.dashen.dashensuperapp,5,"its fast and easy to communicate to the app and its available all area keep it up.i will make Happy for this application thank you dashen bank for your effort,commitment and dedication. i appricated your work.","its fast and easy to communicate to the app and its available all area keep it up.i will make Happy for this application thank you dashen bank for your effort,commitment and dedication. i appricated your work.",2025-11-26T16:02:58,1.8.1,,,0,google_play,2025-11-30T16:15:08.107712
d18aa410-4dc1-4c26-8f7d-a866f5b498ba,Dashen,Dashen Bank Mobile,com.dashen.dashensuperapp,5,"i love the app it features are perfect, but it asks to update too many times to activate your need to visit a nearest branch and that takes time. other than that the app is great I like it","i love the app it features are perfect, but it asks to update too many times to activate your need to visit a nearest branch and that takes time. other than that the app is great I like it",2025-11-05T06:25:51,1.8.1,,,156,google_play,2025-11-30T16:15:08.107712
898109d7-385c-4fc9-b8a6-bd6e2a303a39,Dashen,Dashen Bank Mobile,com.dashen.dashensuperapp,1,NASTY BANK . EVEN THE SUPPER APP IS NOT WORKING WELL. WHEN I AM CALLING THEM THEY ARE NOT RESPONSE . PLEASE DON'T USE THIS APP BECAUSE YOU WILL LOSS YOU TIME ;ENERGY AND EVERYTHING . HOPELESS Bank .,NASTY BANK . EVEN THE SUPPER APP IS NOT WORKING WELL. WHEN I AM CALLING THEM THEY ARE NOT RESPONSE . PLEASE DON'T USE THIS APP BECAUSE YOU WILL LOSS YOU TIME ;ENERGY AND EVERYTHING . HOPELESS Bank .,2025-11-10T17:19:34,1.8.1,,,2,google_play,2025-11-30T16:15:08.107712
9a6e8134-27c5-45f1-8dae-6c6fb1827281,Dashen,Dashen Bank Mobile,com.dashen.dashensuperapp,1,I have one issue though what if the mobile phone with the sim is stolen and have no pattern or pin. The app allows to reset the pin directly without 2FA like finger print just by sending sms. which is a big gap. It should be addressed I didn't expect but it does and no trust at all.,I have one issue though what if the mobile phone with the sim is stolen and have no pattern or pin. The app allows to reset the pin directly without 2FA like finger print just by sending sms. which is a big gap. It should be addressed I didn't expect but it does and no trust at all.,2025-09-28T18:50:25,1.7.4,"Thank you for raising this concern.
After a PIN reset, the customer’s account is automatically unlinked from the Super App. This means that even if someone resets the PIN, they cannot access the account directly. To regain access, the customer must visit any Dashen branch for account reactivation, where identity verification is required.",2025-10-08T17:18:22,343,google_play,2025-11-30T16:15:08.107712
5cf2f96d-65d1-4c59-bc53-9ba932c4c57b,Dashen,Dashen Bank Mobile,com.dashen.dashensuperapp,4,"The UI is impressive, but adding an ATM withdrawal feature for cardless cash access would enhance functionality. This may require updates to the ATM system as well. Please consider this, dev team.","The UI is impressive, but adding an ATM withdrawal feature for cardless cash access would enhance functionality. This may require updates to the ATM system as well. Please consider this, dev team.",2025-10-22T14:47:51,1.7.4,,,4,google_play,2025-11-30T16:15:08.107712
264384ce-c57e-4c4b-ad15-434015cb7f49,Dashen,Dashen Bank Mobile,com.dashen.dashensuperapp,3,The app stops working whenever there is an update unless you update the app. But it is better if it kept working on and updating should be optional.,The app stops working whenever there is an update unless you update the app. But it is better if it kept working on and updating should be optional.,2025-09-26T15:11:16,1.6.0,,,20,google_play,2025-11-30T16:15:08.107712
74f35e55-6ee7-4d01-bc8a-e5b3c92a6b70,Dashen,Dashen Bank Mobile,com.dashen.dashensuperapp,5,"Super Up is the ultimate digital banking app, living up to its name with speed, efficiency, and innovation. Designed for a seamless experience, it offers lightning-fast transactions, top-tier security, and effortless financial management. With Super Up, banking has never been this smooth, smart, and super!","Super Up is the ultimate digital banking app, living up to its name with speed, efficiency, and innovation. Designed for a seamless experience, it offers lightning-fast transactions, top-tier security, and effortless financial management. With Super Up, banking has never been this smooth, smart, and super!",2025-10-27T10:40:59,1.7.4,,,183,google_play,2025-11-30T16:15:08.107712
bab597bd-52e5-42da-aa02-97cd368d8c0e,Dashen,Dashen Bank Mobile,com.dashen.dashensuperapp,1,"not a great app compared to the others ,It freezes randomly ,Takes a lot to load ,and a lot of errors while sending money ,I stopped using it","not a great app compared to the others ,It freezes randomly ,Takes a lot to load ,and a lot of errors while sending money ,I stopped using it",2025-09-07T14:42:37,1.5.9,,,280,google_play,2025-11-30T16:15:08.107712
3ece3a7c-9557-45ae-8053-2bf5568f2861,Dashen,Dashen Bank Mobile,com.dashen.dashensuperapp,1,"Only the UI/UX is good, but it doesn't function properly. It's a shame that a leading tech bank has such an app. Amole is far better.","Only the UI/UX is good, but it doesn't function properly. It's a shame that a leading tech bank has such an app. Amole is far better.",2025-11-13T13:33:36,1.8.1,,,3,google_play,2025-11-30T16:15:08.107712
59498129-d37f-4693-a7e7-834300661621,Dashen,Dashen Bank Mobile,com.dashen.dashensuperapp,5,"I just updated my app to the latest version and I couldn't even see my balance, send money or do anything. It says service is unavailable and it will be fixed soon.","I just updated my app to the latest version and I couldn't even see my balance, send money or do anything. It says service is unavailable and it will be fixed soon.",2025-11-01T10:55:50,1.8.0,,,93,google_play,2025-11-30T16:15:08.107712
dabda953-ac0a-476a-8791-c6a66deebc20,Dashen,Dashen Bank Mobile,com.dashen.dashensuperapp,2,"it's a really slow app, I'm not sure what the issue is. Even other bank transfers are not working","it's a really slow app, I'm not sure what the issue is. Even other bank transfers are not working",2025-11-18T11:26:04,1.8.1,,,1,google_play,2025-11-30T16:15:08.107712
51268efb-62a7-4121-9fc7-d0b377a32aab,Dashen,Dashen Bank Mobile,com.dashen.dashensuperapp,1,bill payment options are limited in this app please add ethio telecom bill electric bill etc.. instead of adding nonsense in banking app,bill payment options are limited in this app please add ethio telecom bill electric bill etc.. instead of adding nonsense in banking app,2025-11-18T13:03:30,1.8.1,,,0,google_play,2025-11-30T16:15:08.107712
163201b7-323d-4462-850b-c8453dfcb4cf,Dashen,Dashen Bank Mobile,com.dashen.dashensuperapp,5,"Dashen Bank Super App is incredibly convenient! Easy to use, fast, and reliable – a great app to manage everything in one place.","Dashen Bank Super App is incredibly convenient! Easy to use, fast, and reliable – a great app to manage everything in one place.",2025-10-29T11:12:01,1.7.4,,,23,google_play,2025-11-30T16:15:08.107712
32334fdd-91e8-4308-a104-bd3291119b05,Dashen,Dashen Bank Mobile,com.dashen.dashensuperapp,1,"Dashen SuperApp is the worst app for me because it consistently fails during transfers. When I try to send money, the transaction freezes for extended periods—sometimes a full day, and often two or three days or more. Crucially, the funds are neither delivered to the recipient nor immediately refunded to my account, which is incredibly frustrating and makes me feel like I've lost my money. The app urgently needs a technical update to ensure transactions process smoothly and reliably.","Dashen SuperApp is the worst app for me because it consistently fails during transfers. When I try to send money, the transaction freezes for extended periods—sometimes a full day, and often two or three days or more. Crucially, the funds are neither delivered to the recipient nor immediately refunded to my account, which is incredibly frustrating and makes me feel like I've lost my money. The app urgently needs a technical update to ensure transactions process smoothly and reliably.",2025-10-14T15:08:03,,,,8,google_play,2025-11-30T16:15:08.107712
c68cdc01-a66b-40fe-a6b7-cbb1487156f4,Dashen,Dashen Bank Mobile,com.dashen.dashensuperapp,5,"The design is clean and modern, and everything works smoothly without bugs. I love how reliable the app is it makes banking so convenient.","The design is clean and modern, and everything works smoothly without bugs. I love how reliable the app is it makes banking so convenient.",2025-10-28T14:46:47,1.7.4,,,20,google_play,2025-11-30T16:15:08.107712
2d3661c7-4b35-4a79-9428-5db3ad5109c7,Dashen,Dashen Bank Mobile,com.dashen.dashensuperapp,5,"The best UI banking app from all those I used, other Ethiopian banks I used have a really old UI. This is very neat and easy to use. Also so reliable.","The best UI banking app from all those I used, other Ethiopian banks I used have a really old UI. This is very neat and easy to use. Also so reliable.",2025-09-26T13:30:17,1.7.4,,,262,google_play,2025-11-30T16:15:08.107712
90d2468b-101a-4006-ae49-d07185b49594,Dashen,Dashen Bank Mobile,com.dashen.dashensuperapp,5,"Finally, banking made simple! Everything I need is in one super app. A true game changer for managing my finances on the go.","Finally, banking made simple! Everything I need is in one super app. A true game changer for managing my finances on the go.",2025-10-28T13:34:16,1.7.4,,,8,google_play,2025-11-30T16:15:08.107712
29976e59-78c6-40e6-bc2a-6ba6e9959a09,Dashen,Dashen Bank Mobile,com.dashen.dashensuperapp,5,"I rarely leave reviews, but this app truly deserves one. It’s efficient, secure, and makes financial tasks effortless. Definitely a 5-star experience","I rarely leave reviews, but this app truly deserves one. It’s efficient, secure, and makes financial tasks effortless. Definitely a 5-star experience",2025-10-28T13:04:15,1.7.4,,,3,google_play,2025-11-30T16:15:08.107712
6cbe56f6-0aff-4ee7-a7fe-2c1ccf6244e4,Dashen,Dashen Bank Mobile,com.dashen.dashensuperapp,5,It’s impressive how consistently the app is improving. I’ve been using it for months and they have improved a lot in terms of not only beauty but also performance wise.,It’s impressive how consistently the app is improving. I’ve been using it for months and they have improved a lot in terms of not only beauty but also performance wise.,2025-10-28T13:50:27,1.7.4,,,1,google_play,2025-11-30T16:15:08.107712
8ffcaec9-4351-4cc7-973c-1d86365894f0,Dashen,Dashen Bank Mobile,com.dashen.dashensuperapp,5,"i rarely leave reviews, but this app truely deserves one.it's efficient ,secure , reliable and makes fanancial tasks effortless.definitely 5 stars for this exceptional app","i rarely leave reviews, but this app truely deserves one.it's efficient ,secure , reliable and makes fanancial tasks effortless.definitely 5 stars for this exceptional app",2025-11-04T13:35:15,1.7.4,,,1,google_play,2025-11-30T16:15:08.107712
be6dc291-6fb0-427b-8553-d735553e3313,Dashen,Dashen Bank Mobile,com.dashen.dashensuperapp,5,"A true banking super app! The Dashen Super App combines great design, security, and an impressive range of features. Highly recommended for anyone looking for a complete digital banking experience.","A true banking super app! The Dashen Super App combines great design, security, and an impressive range of features. Highly recommended for anyone looking for a complete digital banking experience.",2025-10-28T14:44:46,1.7.4,,,2,google_play,2025-11-30T16:15:08.107712
4405edcc-29c2-4606-9119-32fd60425503,Dashen,Dashen Bank Mobile,com.dashen.dashensuperapp,1,App is passive when compare to Amole it takes 3-5 seconds to open and i cannot refresh transactions what i did.,App is passive when compare to Amole it takes 3-5 seconds to open and i cannot refresh transactions what i did.,2025-10-03T18:22:10,1.7.4,,,6,google_play,2025-11-30T16:15:08.107712
db4710e2-0fb3-459c-a3a5-69445d4cb270,Dashen,Dashen Bank Mobile,com.dashen.dashensuperapp,5,"This app makes my day-to-day payments so easy. Everything works perfectly, and it saves me a lot of time.","This app makes my day-to-day payments so easy. Everything works perfectly, and it saves me a lot of time.",2025-10-28T14:10:13,1.7.4,,,1,google_play,2025-11-30T16:15:08.107712
ddeb6fa8-f5c7-46d1-b75d-914ce9f0c460,Dashen,Dashen Bank Mobile,com.dashen.dashensuperapp,5,"I’ve been using the the App, and it’s been working really well for my daily transactions. Good work 👌","I’ve been using the the App, and it’s been working really well for my daily transactions. Good work 👌",2025-10-28T13:28:36,1.7.4,,,1,google_play,2025-11-30T16:15:08.107712
a71c88cf-7021-4ba7-b000-46587677601f,Dashen,Dashen Bank Mobile,com.dashen.dashensuperapp,1,what happened to dashen bank? this is by far the worst banking app. extremely slow when it works and is out of service all the time,what happened to dashen bank? this is by far the worst banking app. extremely slow when it works and is out of service all the time,2025-09-08T11:55:17,1.6.0,,,10,google_play,2025-11-30T16:15:08.107712
3677b2d7-95ab-4c95-87af-ef1d3edb674e,Dashen,Dashen Bank Mobile,com.dashen.dashensuperapp,5,I have been using this app for months and its easy to use and is user friendly thanks Dashen bank.,I have been using this app for months and its easy to use and is user friendly thanks Dashen bank.,2025-10-28T13:36:56,1.7.4,,,1,google_play,2025-11-30T16:15:08.107712
35ecd30c-9d1c-40c7-90c0-592d9ea5d0bd,Dashen,Dashen Bank Mobile,com.dashen.dashensuperapp,5,"All in One Super App with smooth navigation, transaction and lifestyle services","All in One Super App with smooth navigation, transaction and lifestyle services",2025-11-14T11:30:57,1.8.1,,,0,google_play,2025-11-30T16:15:08.107712
fec786b2-90d3-454d-a63e-bf53bf71c2a6,Dashen,Dashen Bank Mobile,com.dashen.dashensuperapp,1,"This so-called “Super App” is a complete disappointment. It’s confusing, slow, and full of glitches honestly, it feels like it was designed to test people’s patience, not to help them bank. Calling it “super” is a joke; it’s one of the most useless apps I’ve ever used.","This so-called “Super App” is a complete disappointment. It’s confusing, slow, and full of glitches honestly, it feels like it was designed to test people’s patience, not to help them bank. Calling it “super” is a joke; it’s one of the most useless apps I’ve ever used.",2025-11-11T15:57:21,1.8.1,,,0,google_play,2025-11-30T16:15:08.107712
7bf9a8a8-2718-4a3b-85f0-3ac3b628ec84,Dashen,Dashen Bank Mobile,com.dashen.dashensuperapp,5,It is a wonderful App developed by a local talent. It deserves an appreciation. It will continue to evolve with new exciting features.,It is a wonderful App developed by a local talent. It deserves an appreciation. It will continue to evolve with new exciting features.,2025-11-05T07:51:46,1.8.1,,,4,google_play,2025-11-30T16:15:08.107712
cb7e6779-3210-43c2-914c-4c80ba6e9aac,Dashen,Dashen Bank Mobile,com.dashen.dashensuperapp,3,"The app has potential, but the QR payment feature is disappointing. The scanner doesn’t work, and even though there’s an option to select a QR code from the gallery, it doesn’t function either. This makes paying with QR codes almost impossible. Fixing this would really improve the app.","The app has potential, but the QR payment feature is disappointing. The scanner doesn’t work, and even though there’s an option to select a QR code from the gallery, it doesn’t function either. This makes paying with QR codes almost impossible. Fixing this would really improve the app.",2025-09-04T12:17:54,1.5.8,,,34,google_play,2025-11-30T16:15:08.107712
b8b11ccd-acac-419e-8ffc-16c86972ffd9,Dashen,Dashen Bank Mobile,com.dashen.dashensuperapp,5,I have had an amazing experience with this app;ot os convenient and easy to use,I have had an amazing experience with this app;ot os convenient and easy to use,2025-11-14T11:37:45,1.8.1,,,0,google_play,2025-11-30T16:15:08.107712
3a8dbeb7-0952-43ec-847e-bd418d51548e,Dashen,Dashen Bank Mobile,com.dashen.dashensuperapp,5,"Wow, I really loved the new UI/UX! Great job, Dashen Bank! You guys are the best mobile banking in Ethiopia.","Wow, I really loved the new UI/UX! Great job, Dashen Bank! You guys are the best mobile banking in Ethiopia.",2025-09-25T08:18:21,1.7.2,,,71,google_play,2025-11-30T16:15:08.107712
3630822b-a561-49cd-ba3e-689548d61e5d,Dashen,Dashen Bank Mobile,com.dashen.dashensuperapp,1,Dashin mobile banking is become worest app like others Ethiopian bank apps. Amole was the best app ever I used. It was so flexible & reliable to use. and the best app user can login with new device without go to bank physically.,Dashin mobile banking is become worest app like others Ethiopian bank apps. Amole was the best app ever I used. It was so flexible & reliable to use. and the best app user can login with new device without go to bank physically.,2025-09-05T04:44:53,1.5.5,,,18,google_play,2025-11-30T16:15:08.107712
ae6c7ac5-400e-4bc5-ab19-713020fd9797,Dashen,Dashen Bank Mobile,com.dashen.dashensuperapp,1,"""super Idiot app"" 1.it forced me to off many of my phone settings like developers option. 2.Never works fastly. 3.It needs multiple click. 4. Doesn't notify if received money & many many more *** The worst mobile app ever expanded***","""super Idiot app"" 1.it forced me to off many of my phone settings like developers option. 2.Never works fastly. 3.It needs multiple click. 4. Doesn't notify if received money & many many more *** The worst mobile app ever expanded***",2025-09-01T16:18:19,1.5.8,,,89,google_play,2025-11-30T16:15:08.107712
9f1611c8-4469-40f3-9b6e-2736c5c13f4e,Dashen,Dashen Bank Mobile,com.dashen.dashensuperapp,5,"​I appreciate that this app allowed me to access multiple services in one centralized place. Thank you, Dashen Bank!","​I appreciate that this app allowed me to access multiple services in one centralized place. Thank you, Dashen Bank!",2025-10-28T14:11:32,1.7.4,,,0,google_play,2025-11-30T16:15:08.107712
87355423-1404-4beb-b08d-7cad5d4b4f08,Dashen,Dashen Bank Mobile,com.dashen.dashensuperapp,2,"I had a disappointing experience with Dashen Bank's Super Up service. The app is very slow and takes forever to load during transactions, which is incredibly frustrating. Additionally, it doesn't generate receipts for any transactions, making it difficult to keep track of my expenses. I also reached out to customer support, but the response time was longer than expected. Overall, I was hoping for a better experience, but I find the service lacking and in need of improvement.","I had a disappointing experience with Dashen Bank's Super Up service. The app is very slow and takes forever to load during transactions, which is incredibly frustrating. Additionally, it doesn't generate receipts for any transactions, making it difficult to keep track of my expenses. I also reached out to customer support, but the response time was longer than expected. Overall, I was hoping for a better experience, but I find the service lacking and in need of improvement.",2025-04-09T20:49:23,1.0.14,,,64,google_play,2025-11-30T16:15:08.107712
dc9bba76-9134-4fd4-927e-3a0480628f7b,Dashen,Dashen Bank Mobile,com.dashen.dashensuperapp,1,"Great app, unfortunately I struggle to use it from outside Ethiopia. It tells me ""VPN enabled please disable VPN to continue using the app"". And that's happening without any VPN enabled. I think I will need to switch back to CBE because I need access to my bank account globally.","Great app, unfortunately I struggle to use it from outside Ethiopia. It tells me ""VPN enabled please disable VPN to continue using the app"". And that's happening without any VPN enabled. I think I will need to switch back to CBE because I need access to my bank account globally.",2025-08-15T08:09:12,1.5.5,,,487,google_play,2025-11-30T16:15:08.107712
9dd2a5b8-d258-4f07-b8ef-c95c4d1e3a23,Dashen,Dashen Bank Mobile,com.dashen.dashensuperapp,5,Astonishing interface with ease of access and complete performance,Astonishing interface with ease of access and complete performance,2025-10-28T13:10:53,1.7.4,,,1,google_play,2025-11-30T16:15:08.107712
e687285e-63ca-4319-bd69-a8a7f1029943,Dashen,Dashen Bank Mobile,com.dashen.dashensuperapp,1,"Updates every time 🥲, when it's updated, it doesn't work at all. 😭","Updates every time 🥲, when it's updated, it doesn't work at all. 😭",2025-09-26T18:53:04,1.7.4,,,8,google_play,2025-11-30T16:15:08.107712
86b26648-6711-4439-a44d-55e9aa090353,Dashen,Dashen Bank Mobile,com.dashen.dashensuperapp,5,"Amazing UI and UX, the dark mode looks absolutely awesome!","Amazing UI and UX, the dark mode looks absolutely awesome!",2025-10-28T13:16:03,1.7.4,,,3,google_play,2025-11-30T16:15:08.107712
0d789c56-bdf8-489e-8f96-c6508734fade,Dashen,Dashen Bank Mobile,com.dashen.dashensuperapp,5,This is one of the most user friendly and impressive apps I have encountered in the banking sector,This is one of the most user friendly and impressive apps I have encountered in the banking sector,2025-10-28T13:19:14,1.7.4,,,0,google_play,2025-11-30T16:15:08.107712
dc8432b9-7fd6-4ada-9ca6-b632467fcf15,Dashen,Dashen Bank Mobile,com.dashen.dashensuperapp,3,"It was easy enough before. but now it won't even open , why? pls help if possible. The email address you provided under the App support also can't be found by Gmail. pls respond.","It was easy enough before. but now it won't even open , why? pls help if possible. The email address you provided under the App support also can't be found by Gmail. pls respond.",2025-08-14T19:00:15,1.5.5,,,31,google_play,2025-11-30T16:15:08.107712
ba74c62f-ad24-42ab-bbdf-b56a765ba124,Dashen,Dashen Bank Mobile,com.dashen.dashensuperapp,5,Dashen Bank Super App is the latest version of online banking system that is the gift from Dashen bank for us Thanks to Dashen,Dashen Bank Super App is the latest version of online banking system that is the gift from Dashen bank for us Thanks to Dashen,2025-11-04T14:07:00,1.8.1,,,0,google_play,2025-11-30T16:15:08.107712
8fcb61bb-c476-4963-9ce7-8520c21fdb32,Dashen,Dashen Bank Mobile,com.dashen.dashensuperapp,2,I really appreciate but we can't use it if don't have balance or data access,I really appreciate but we can't use it if don't have balance or data access,2025-10-01T10:07:29,1.7.4,,,5,google_play,2025-11-30T16:15:08.107712
54ec2a20-6d4c-4934-8f43-95bcbfc419ae,Dashen,Dashen Bank Mobile,com.dashen.dashensuperapp,1,The worst app ever. Extremely unreliable. Such a shame for a big bank.,The worst app ever. Extremely unreliable. Such a shame for a big bank.,2025-10-31T17:59:12,1.7.4,,,0,google_play,2025-11-30T16:15:08.107712
b2962d2d-86b8-43a5-ab14-d9d37ad03165,Dashen,Dashen Bank Mobile,com.dashen.dashensuperapp,5,"Game changer app! Dashen Bank Super App is fast, secure, and easy to use. The three-click payment makes sending money super quick, and the QR code payment is perfect for cashless shopping. I also love the biometric login and easy airtime and bill payments. Everything I need is in one place. Dashen Bank has really raised the bar for digital banking in Ethiopia. Highly recommended!","Game changer app! Dashen Bank Super App is fast, secure, and easy to use. The three-click payment makes sending money super quick, and the QR code payment is perfect for cashless shopping. I also love the biometric login and easy airtime and bill payments. Everything I need is in one place. Dashen Bank has really raised the bar for digital banking in Ethiopia. Highly recommended!",2025-05-26T18:16:29,1.0.16,,,1108,google_play,2025-11-30T16:15:08.107712
98f164eb-f69b-4bd7-ad2d-defcfa2249a1,Dashen,Dashen Bank Mobile,com.dashen.dashensuperapp,2,I can't open virtual account.I have been trying it for about 3 days still no resolve.,I can't open virtual account.I have been trying it for about 3 days still no resolve.,2025-10-04T16:47:57,1.7.4,,,2,google_play,2025-11-30T16:15:08.107712
1ee92e14-11e6-4db1-8a6c-a627e42c2089,Dashen,Dashen Bank Mobile,com.dashen.dashensuperapp,5,"The app has evolved impressively over time. The latest release adds dark and light modes that enhance usability and design. It’s intuitive, modern, and clearly built with the user in mind — setting a new benchmark for digital banking.","The app has evolved impressively over time. The latest release adds dark and light modes that enhance usability and design. It’s intuitive, modern, and clearly built with the user in mind — setting a new benchmark for digital banking.",2025-10-28T13:40:52,1.7.4,,,1,google_play,2025-11-30T16:15:08.107712
80a217d4-a389-40ab-bd17-b6c164c76aaa,Dashen,Dashen Bank Mobile,com.dashen.dashensuperapp,1,"not attractive and friendly app. Check Awash, CBE apps","not attractive and friendly app. Check Awash, CBE apps",2025-11-06T12:19:27,1.8.1,,,1,google_play,2025-11-30T16:15:08.107712
8cd152ac-79ad-4248-8a85-574943011aa6,Dashen,Dashen Bank Mobile,com.dashen.dashensuperapp,5,I love the new dark theme it gives the app modern feel n make it more comfortable to use,I love the new dark theme it gives the app modern feel n make it more comfortable to use,2025-10-28T13:21:30,1.7.4,,,2,google_play,2025-11-30T16:15:08.107712
d41dd3e3-b09b-4d1f-a5a2-0caa9f430e37,Dashen,Dashen Bank Mobile,com.dashen.dashensuperapp,2,Dashen Super App contains extended selections for customers and can be easily accessible and also friendly to use.,Dashen Super App contains extended selections for customers and can be easily accessible and also friendly to use.,2025-08-21T09:16:41,1.5.5,,,14,google_play,2025-11-30T16:15:08.107712
b2fb954d-1f3b-4b0b-9ab2-7a6da576cf26,Dashen,Dashen Bank Mobile,com.dashen.dashensuperapp,5,with the super app evry thing i need is just a tap away,with the super app evry thing i need is just a tap away,2025-11-17T06:39:31,1.8.1,,,0,google_play,2025-11-30T16:15:08.107712
59e75889-3000-449d-99f0-8ce02c493466,Dashen,Dashen Bank Mobile,com.dashen.dashensuperapp,1,"I am very disappointed with the Dashin Bank Super App. The app does not allow me to withdraw 50 birr or can't transfer money and even I can't use it to buy airtime. This makes me feel like my 50 birr is no longer my money, but the bank’s money, since I cannot access or use it freely. According to the National Bank of Ethiopia (NBE), the rule is that 100 birr is not withdrawable, but it can be used to buy airtime or transferred to friends. Dashin Bank’s restriction goes beyond this rule and unfa","I am very disappointed with the Dashin Bank Super App. The app does not allow me to withdraw 50 birr or can't transfer money and even I can't use it to buy airtime. This makes me feel like my 50 birr is no longer my money, but the bank’s money, since I cannot access or use it freely. According to the National Bank of Ethiopia (NBE), the rule is that 100 birr is not withdrawable, but it can be used to buy airtime or transferred to friends. Dashin Bank’s restriction goes beyond this rule and unfa",2025-09-06T20:39:00,,,,1,google_play,2025-11-30T16:15:08.107712
98ca9bca-5c01-4997-b80a-b8a53481b391,Dashen,Dashen Bank Mobile,com.dashen.dashensuperapp,5,"This is not only a mobile banking app, it is beyond that. We will access our account easily, we are able to get many information easily here. i.e. exchage rate. We are able to chat with others, we are able to budget, we are able to transfer to other bank and within Dashen. we are able to access many accounts in a single app, we are able to pay bills in QR scan, we are able to make payments and order delivery items here in a single app. #Always one step ahead.","This is not only a mobile banking app, it is beyond that. We will access our account easily, we are able to get many information easily here. i.e. exchage rate. We are able to chat with others, we are able to budget, we are able to transfer to other bank and within Dashen. we are able to access many accounts in a single app, we are able to pay bills in QR scan, we are able to make payments and order delivery items here in a single app. #Always one step ahead.",2025-03-31T20:46:13,1.0.14,,,34,google_play,2025-11-30T16:15:08.107712
a9b0db48-0dae-4e29-9406-dfc9b52cd466,Dashen,Dashen Bank Mobile,com.dashen.dashensuperapp,5,"Greately improved since it was released! I really like the budget and expense tegistration feature. For ATM or POS withdrawals, it is not possible to account these expenses, even if it is visible on the transactions window. If that can be worked on, it will be improve so much!!","Greately improved since it was released! I really like the budget and expense tegistration feature. For ATM or POS withdrawals, it is not possible to account these expenses, even if it is visible on the transactions window. If that can be worked on, it will be improve so much!!",2025-03-10T11:06:34,1.0.14,,,504,google_play,2025-11-30T16:15:08.107712
15bd455e-6fb5-4dc8-8068-cc051fcd5d79,Dashen,Dashen Bank Mobile,com.dashen.dashensuperapp,1,"it say's disable developer option, i disabled it but its not working still","it say's disable developer option, i disabled it but its not working still",2025-11-17T09:23:29,1.8.1,,,1,google_play,2025-11-30T16:15:08.107712
593462a4-2b65-4980-a492-9eeef5f116ca,Dashen,Dashen Bank Mobile,com.dashen.dashensuperapp,5,"Dashen Super App is a game-changer with its sleek, user-friendly interface. Lightning-fast responses and seamless navigation make every task a breeze. Love the organized layout and clear features that save time daily. Fantastic work—highly recommended for effortless banking!","Dashen Super App is a game-changer with its sleek, user-friendly interface. Lightning-fast responses and seamless navigation make every task a breeze. Love the organized layout and clear features that save time daily. Fantastic work—highly recommended for effortless banking!",2025-10-28T15:18:01,1.7.4,,,0,google_play,2025-11-30T16:15:08.107712
d6059960-9967-4be6-a771-000dd2f1743a,Dashen,Dashen Bank Mobile,com.dashen.dashensuperapp,5,"As an Internal Customer, Dashen Bank SuperApp has greatly simplified my online banking experience. It's easy to use, allowing me to quickly check balances, transfer money and pay Bills. The app's advanced security features are highly secure, ensuring my data is well protected. The Three click, Chat Banking and IPS features have also given me a smarter experience. In deed Dashen Bank is always steping ahead!","As an Internal Customer, Dashen Bank SuperApp has greatly simplified my online banking experience. It's easy to use, allowing me to quickly check balances, transfer money and pay Bills. The app's advanced security features are highly secure, ensuring my data is well protected. The Three click, Chat Banking and IPS features have also given me a smarter experience. In deed Dashen Bank is always steping ahead!",2025-04-21T10:50:08,1.0.15,,,285,google_play,2025-11-30T16:15:08.107712
43c462b0-3873-429a-ac91-ee72fbf4e070,Dashen,Dashen Bank Mobile,com.dashen.dashensuperapp,5,"I have been using the Dashen Supper app mobile banking app , and overall, I appreciate its features.However,I’ve noticed that when I turn on the developer options on my device, the app stops functioning properly. It would be great if you could look into this issue, as I often need to access developer settings for other applications . Thank you for your attention to this matter!","I have been using the Dashen Supper app mobile banking app , and overall, I appreciate its features.However,I’ve noticed that when I turn on the developer options on my device, the app stops functioning properly. It would be great if you could look into this issue, as I often need to access developer settings for other applications . Thank you for your attention to this matter!",2025-04-21T11:08:17,1.0.15,,,99,google_play,2025-11-30T16:15:08.107712
0a5e77d2-0b8d-4777-8c63-de906861a90a,Dashen,Dashen Bank Mobile,com.dashen.dashensuperapp,2,"very slow and failed transaction multiple times, previous app was much better!!","very slow and failed transaction multiple times, previous app was much better!!",2025-09-04T10:19:13,1.5.8,,,7,google_play,2025-11-30T16:15:08.107712
143ca385-df65-48dc-8339-c870d3fce650,Dashen,Dashen Bank Mobile,com.dashen.dashensuperapp,5,Excellent banking app for all your needs! Who needs a physical branch when you can use Dashen Bank Super App Instead! I've never had an issue with anything that Dashen Bank Super App haven't handled swiftly and resolved to my satisfaction and above I don't often write reviews but this is an app/bank that I would highly recommended to everyone 💯 👌👍,Excellent banking app for all your needs! Who needs a physical branch when you can use Dashen Bank Super App Instead! I've never had an issue with anything that Dashen Bank Super App haven't handled swiftly and resolved to my satisfaction and above I don't often write reviews but this is an app/bank that I would highly recommended to everyone 💯 👌👍,2025-01-22T14:53:55,1.0.4,,,161,google_play,2025-11-30T16:15:08.107712
5bfe42a8-190a-44b6-8149-bbf58d0cbd08,Dashen,Dashen Bank Mobile,com.dashen.dashensuperapp,5,"Dashen SupApp is the most contemporary application, offering a great experience by enabling users to perform multiple tasks through a single platform—such as chatting with friends, transferring money, paying bills, and more. It is the first app of its kind in the Ethiopian banking industry, making it a remarkable opportunity for entrepreneurs working in app-based sales and software marketing. Good job, Dashen Bank!","Dashen SupApp is the most contemporary application, offering a great experience by enabling users to perform multiple tasks through a single platform—such as chatting with friends, transferring money, paying bills, and more. It is the first app of its kind in the Ethiopian banking industry, making it a remarkable opportunity for entrepreneurs working in app-based sales and software marketing. Good job, Dashen Bank!",2025-04-21T10:24:37,1.0.15,,,31,google_play,2025-11-30T16:15:08.107712
02b8cc52-e23d-4b2f-b1e5-576c3560b859,Dashen,Dashen Bank Mobile,com.dashen.dashensuperapp,5,"Dear Users of the Dashen Bank Super App,I have been using the Dashen Bank Super App for a while now, and I must say—it’s truly a game-changer! The app is incredibly fast and reliable; I’ve never encountered any delays with my transactions. One feature I absolutely love is Chat Banking. It makes everyday tasks like checking my balance or transferring money as simple as sending a quick message. Also, the budgeting tool has been a huge help in tracking my spending and giving me a clearer","Dear Users of the Dashen Bank Super App,I have been using the Dashen Bank Super App for a while now, and I must say—it’s truly a game-changer! The app is incredibly fast and reliable; I’ve never encountered any delays with my transactions. One feature I absolutely love is Chat Banking. It makes everyday tasks like checking my balance or transferring money as simple as sending a quick message. Also, the budgeting tool has been a huge help in tracking my spending and giving me a clearer",2025-04-21T10:35:59,,,,6,google_play,2025-11-30T16:15:08.107712
a2b10118-101d-4ee3-ad6f-61980614aa3b,Dashen,Dashen Bank Mobile,com.dashen.dashensuperapp,1,app is too slow not opening fast,app is too slow not opening fast,2025-10-30T22:20:28,1.7.4,,,0,google_play,2025-11-30T16:15:08.107712
e0770686-7f6d-4168-8b14-6d5a6084fd32,Dashen,Dashen Bank Mobile,com.dashen.dashensuperapp,3,Your staffs are really hardworking but the app is not like your employees,Your staffs are really hardworking but the app is not like your employees,2025-09-12T09:11:59,1.6.0,,,2,google_play,2025-11-30T16:15:08.107712
99b53c3c-9074-448a-8dd4-4d0ecf85e835,Dashen,Dashen Bank Mobile,com.dashen.dashensuperapp,5,stunning UI with reliable service!,stunning UI with reliable service!,2025-10-28T09:23:42,1.7.4,,,0,google_play,2025-11-30T16:15:08.107712
215de933-fc3e-45ce-9bd9-b7d6d113c8c3,Dashen,Dashen Bank Mobile,com.dashen.dashensuperapp,5,"easy to use, friendly","easy to use, friendly",2025-11-06T18:34:55,1.8.1,,,0,google_play,2025-11-30T16:15:08.107712
5b430dc9-06e5-4015-a4cb-7c671ff8ae9c,Dashen,Dashen Bank Mobile,com.dashen.dashensuperapp,5,This app has replaced several others for me. It has everything I need in one place.,This app has replaced several others for me. It has everything I need in one place.,2025-10-28T13:45:08,1.7.3,,,0,google_play,2025-11-30T16:15:08.107712
48ca44ba-ef5d-4023-84c2-20fa95be75d5,Dashen,Dashen Bank Mobile,com.dashen.dashensuperapp,1,"This app is not supporting smart phones that have old android version and so it is none inclusive. At the same time the amole lite is not working properly and once you reached to maximum otp trail mistakes due to network or other errors like stacks , you will be tied up to make Transactions. Ohh... tired!!!!!","This app is not supporting smart phones that have old android version and so it is none inclusive. At the same time the amole lite is not working properly and once you reached to maximum otp trail mistakes due to network or other errors like stacks , you will be tied up to make Transactions. Ohh... tired!!!!!",2025-03-20T00:39:23,1.0.14,,,166,google_play,2025-11-30T16:15:08.107712
a0165d49-aca9-41e3-929f-ef67fccf3f56,Dashen,Dashen Bank Mobile,com.dashen.dashensuperapp,1,"it's seems to have some improvements, I don't know what's going on with this app sometimes get collapseed. This is not expected from Dashen bank, which is amongst from famous and greatest banks.","it's seems to have some improvements, I don't know what's going on with this app sometimes get collapseed. This is not expected from Dashen bank, which is amongst from famous and greatest banks.",2025-10-30T15:55:02,,,,1,google_play,2025-11-30T16:15:08.107712
474cda36-39b1-4257-939a-0ec2255554d2,Dashen,Dashen Bank Mobile,com.dashen.dashensuperapp,1,What's the problem with this app's that asking for updates on a daily basis?,What's the problem with this app's that asking for updates on a daily basis?,2025-09-25T16:13:14,1.7.2,,,1,google_play,2025-11-30T16:15:08.107712
9f025499-c17d-4452-bb71-3c2b7b1c4500,Dashen,Dashen Bank Mobile,com.dashen.dashensuperapp,1,"Before the recent update, this app was great. Now, the home page is cluttered with promotions and banners, which really hurts the experience. I think the app stopped being banking app and started only to promote b/c 95% of the app is only ads, also full of bugs","Before the recent update, this app was great. Now, the home page is cluttered with promotions and banners, which really hurts the experience. I think the app stopped being banking app and started only to promote b/c 95% of the app is only ads, also full of bugs",2025-11-01T09:56:49,,,,1,google_play,2025-11-30T16:15:08.107712
20f428da-b44d-4d32-8ba6-6a7432a66028,Dashen,Dashen Bank Mobile,com.dashen.dashensuperapp,1,always updating bad stability,always updating bad stability,2025-11-17T20:48:46,1.8.0,,,0,google_play,2025-11-30T16:15:08.107712
6474a971-6e4e-4b4e-b9c2-9afa21954cc7,Dashen,Dashen Bank Mobile,com.dashen.dashensuperapp,1,can't access as will if it's super and can't even access the service when you need it's a big failure,can't access as will if it's super and can't even access the service when you need it's a big failure,2025-08-22T22:04:15,1.5.5,,,6,google_play,2025-11-30T16:15:08.107712
e2db003a-f02a-462f-99e2-3bfc2054a442,Dashen,Dashen Bank Mobile,com.dashen.dashensuperapp,1,"its a very low quality and slow application, very unreliable in times of need","its a very low quality and slow application, very unreliable in times of need",2025-08-13T13:53:27,1.5.4,,,8,google_play,2025-11-30T16:15:08.107712
72f788cf-857a-4b95-8aa8-4086764ddf5d,Dashen,Dashen Bank Mobile,com.dashen.dashensuperapp,1,it is totally work of failure. I personally prefer dashen amole instead of this super dull app.,it is totally work of failure. I personally prefer dashen amole instead of this super dull app.,2025-08-16T18:26:30,1.5.5,,,9,google_play,2025-11-30T16:15:08.107712
1124e4c7-b545-49aa-be67-4284f2b39eeb,Dashen,Dashen Bank Mobile,com.dashen.dashensuperapp,5,"I’ve been using the Dashen Bank Super App for a while now, and it’s been a game-changer. The app is super fast and reliable—I’ve never had an issue with transactions being delayed. One of my favorite features is the chat banking, which makes it so easy to do things like check my balance or transfer money just by typing a quick message. The budgeting tool is also really useful. It helps me keep track of my spending and gives me a clear picture of where","I’ve been using the Dashen Bank Super App for a while now, and it’s been a game-changer. The app is super fast and reliable—I’ve never had an issue with transactions being delayed. One of my favorite features is the chat banking, which makes it so easy to do things like check my balance or transfer money just by typing a quick message. The budgeting tool is also really useful. It helps me keep track of my spending and gives me a clear picture of where",2025-03-28T07:30:54,1.0.14,,,147,google_play,2025-11-30T16:15:08.107712
9057ebb4-b1dd-4df9-a0d3-9ead5360b9c9,Dashen,Dashen Bank Mobile,com.dashen.dashensuperapp,5,"Dashen Super App is a game-changer! It’s fast, user-friendly, and packed with features that make everyday banking and transactions super convenient. I love how everything I need from mobile banking to utility payments is all in one place. The interface is clean, and everything works smoothly. Definitely one of the best apps out there. Highly recommended!","Dashen Super App is a game-changer! It’s fast, user-friendly, and packed with features that make everyday banking and transactions super convenient. I love how everything I need from mobile banking to utility payments is all in one place. The interface is clean, and everything works smoothly. Definitely one of the best apps out there. Highly recommended!",2025-04-21T20:28:50,1.0.15,,,285,google_play,2025-11-30T16:15:08.107712
a34ea67e-01a2-487d-b414-b2d41d0572a2,Dashen,Dashen Bank Mobile,com.dashen.dashensuperapp,5,I have used many mobile banking and also tellebir and mpesa nothing come close to this app. Well done Dashen indeed one step a head. A lot of cool features that amole hasn't the receipt and the account statement is superb for me. I hope you add more integrated small apps to.,I have used many mobile banking and also tellebir and mpesa nothing come close to this app. Well done Dashen indeed one step a head. A lot of cool features that amole hasn't the receipt and the account statement is superb for me. I hope you add more integrated small apps to.,2025-03-12T07:52:45,1.0.14,,,24,google_play,2025-11-30T16:15:08.107712
a96e41e8-767a-47e4-831c-2993d37f2906,Dashen,Dashen Bank Mobile,com.dashen.dashensuperapp,2,"there is nothing super about this app, repeatedly failed transaction and wastes customer valuable time. if you have to do system upgrade do it at a time when there is less traffic demand. your Technical difficulty should not be reflected on customer.","there is nothing super about this app, repeatedly failed transaction and wastes customer valuable time. if you have to do system upgrade do it at a time when there is less traffic demand. your Technical difficulty should not be reflected on customer.",2025-04-24T08:32:35,1.0.15,,,34,google_play,2025-11-30T16:15:08.107712
a4024312-1bfc-4942-bab2-89a8800248ff,Dashen,Dashen Bank Mobile,com.dashen.dashensuperapp,1,Finish the app development fully before you give the final result. It's is very inconvenient and not that reliable at the moment.,Finish the app development fully before you give the final result. It's is very inconvenient and not that reliable at the moment.,2025-10-08T14:01:12,,,,1,google_play,2025-11-30T16:15:08.107712
c73641e9-3f90-408c-b7a0-245d95f38059,Dashen,Dashen Bank Mobile,com.dashen.dashensuperapp,2,The app doesn't allow to switch between accounts. Why is it not possible to use two accounts on the same app even if the accounts have been opened at different branch?,The app doesn't allow to switch between accounts. Why is it not possible to use two accounts on the same app even if the accounts have been opened at different branch?,2025-09-06T12:26:33,,,,1,google_play,2025-11-30T16:15:08.107712
aa31a976-cb24-4df5-8f7c-6fcb238d9327,Dashen,Dashen Bank Mobile,com.dashen.dashensuperapp,1,"This is the worst mobile banking experience I’ve ever had. It doesn’t work when you need it, and it randomly updates itself without warning. You can’t make transactions whenever you want. It’s a nightmare for anyone who relies on this as their main banking option, especially those with a lot of money in their account. I’m lucky I’m not one of them, but still, it’s infuriating not being able to access your money when you need it.""l","This is the worst mobile banking experience I’ve ever had. It doesn’t work when you need it, and it randomly updates itself without warning. You can’t make transactions whenever you want. It’s a nightmare for anyone who relies on this as their main banking option, especially those with a lot of money in their account. I’m lucky I’m not one of them, but still, it’s infuriating not being able to access your money when you need it.""l",2025-04-07T19:19:22,1.0.14,,,32,google_play,2025-11-30T16:15:08.107712
23019863-9b22-4d7e-8271-49f6b96b1546,Dashen,Dashen Bank Mobile,com.dashen.dashensuperapp,5,"The Dashen Super App offers a quick and user-friendly experience, bringing together a variety of services, like budgeting, payments, airtime recharges, and more, all in one convenient platform. Its sleek design and intuitive navigation ensure effortless transactions. It's evident that Dashen Bank has carefully crafted the app to make everyday financial activities easier. A great choice for anyone aiming to streamline their digital routines!","The Dashen Super App offers a quick and user-friendly experience, bringing together a variety of services, like budgeting, payments, airtime recharges, and more, all in one convenient platform. Its sleek design and intuitive navigation ensure effortless transactions. It's evident that Dashen Bank has carefully crafted the app to make everyday financial activities easier. A great choice for anyone aiming to streamline their digital routines!",2025-04-21T10:41:56,1.0.15,,,37,google_play,2025-11-30T16:15:08.107712
02f78b78-255a-4e0b-9cca-5be6f627903d,Dashen,Dashen Bank Mobile,com.dashen.dashensuperapp,5,"It has a great application features from the beginning. I'm glad to use it even I haven't used it yet because I haven't activated my account yet. But it's simple, comprehensive, full of information, and fast. በርቱ ዳሸኖች: The super app has impressed me more than I expected.","It has a great application features from the beginning. I'm glad to use it even I haven't used it yet because I haven't activated my account yet. But it's simple, comprehensive, full of information, and fast. በርቱ ዳሸኖች: The super app has impressed me more than I expected.",2025-01-15T13:11:51,1.0.4,,,76,google_play,2025-11-30T16:15:08.107712
baa88e99-cfcf-4593-98f6-4442a8dbdb59,Dashen,Dashen Bank Mobile,com.dashen.dashensuperapp,1,"This is boring Mobile banking app, it is not work properly .so slow!","This is boring Mobile banking app, it is not work properly .so slow!",2025-08-11T14:19:55,1.5.3,,,5,google_play,2025-11-30T16:15:08.107712
a2779b7b-ad8d-420f-a4d4-d1e4ec4212d8,Dashen,Dashen Bank Mobile,com.dashen.dashensuperapp,5,Dashen super app is the best all ethiopian banks keep it,Dashen super app is the best all ethiopian banks keep it,2025-09-27T19:16:36,1.7.4,,,2,google_play,2025-11-30T16:15:08.107712
62e4269a-6b6b-44ea-a4ec-07b21d8eda68,Dashen,Dashen Bank Mobile,com.dashen.dashensuperapp,5,"The Dashen Bank Super App has truly elevated my mobile banking experience. It's fast, user-friendly, and packed with all the essential features. The interface is clean and intuitive, making navigation easy even for first-time users. I also appreciate the added security features that give me peace of mind while banking on the go. Dashen Bank has done an amazing job with this app—it’s reliable, efficient, and always improving. Highly recommended for anyone looking for seamless digital banking!","The Dashen Bank Super App has truly elevated my mobile banking experience. It's fast, user-friendly, and packed with all the essential features. The interface is clean and intuitive, making navigation easy even for first-time users. I also appreciate the added security features that give me peace of mind while banking on the go. Dashen Bank has done an amazing job with this app—it’s reliable, efficient, and always improving. Highly recommended for anyone looking for seamless digital banking!",2025-04-21T10:44:47,1.0.14,,,83,google_play,2025-11-30T16:15:08.107712
873196ce-c4ce-441c-a522-dd0785ea59f3,Dashen,Dashen Bank Mobile,com.dashen.dashensuperapp,5,"The app is incredibly handy for managing multiple financial tasks, from bill payments to managing budgets. It’s saved me a lot of time and made banking way more convenient. Definitely worth checking out!","The app is incredibly handy for managing multiple financial tasks, from bill payments to managing budgets. It’s saved me a lot of time and made banking way more convenient. Definitely worth checking out!",2025-04-21T15:01:01,1.0.14,,,12,google_play,2025-11-30T16:15:08.107712
4515e0fb-53a8-4310-8734-084b884ed005,Dashen,Dashen Bank Mobile,com.dashen.dashensuperapp,5,"i can't recommend the Dashen Super App enough! This app is truly a game changer for anyone looking for a seamless and efficient way to manage their daily life. It combines multiple essential services into one easy-to-use platform, saving time and simplifying tasks The user interface is modern, intuitive, and super responsive, making navigation a breeze. Whether it's banking, payment services, or accessing lifestyle features, everything is just a few clicks away!!","i can't recommend the Dashen Super App enough! This app is truly a game changer for anyone looking for a seamless and efficient way to manage their daily life. It combines multiple essential services into one easy-to-use platform, saving time and simplifying tasks The user interface is modern, intuitive, and super responsive, making navigation a breeze. Whether it's banking, payment services, or accessing lifestyle features, everything is just a few clicks away!!",2025-04-21T15:08:23,1.0.14,,,215,google_play,2025-11-30T16:15:08.107712
3fcf360a-1a03-42d4-9c5e-7973b8671e68,Dashen,Dashen Bank Mobile,com.dashen.dashensuperapp,5,"This banking superapp is incredibly well designed. The design and appearance of the app and the overall experience I have when using the app is fantastic. The app is packed with features from banking to e-commerce all in one place.It even has a budget setting option which is super useful for managing my money. Everything runs smoothly and I love how convenient it has made my daily life. Huge Kudos to Dashen Bank. You are truly living up to the motto ''Always one step ahead."" Keep it up!","This banking superapp is incredibly well designed. The design and appearance of the app and the overall experience I have when using the app is fantastic. The app is packed with features from banking to e-commerce all in one place.It even has a budget setting option which is super useful for managing my money. Everything runs smoothly and I love how convenient it has made my daily life. Huge Kudos to Dashen Bank. You are truly living up to the motto ''Always one step ahead."" Keep it up!",2025-04-21T10:28:39,1.0.14,,,20,google_play,2025-11-30T16:15:08.107712
43612140-e7b5-43b7-9b04-4247bb2f8d37,Dashen,Dashen Bank Mobile,com.dashen.dashensuperapp,1,when i tried to open the app it re-downloading something big 3GB 4GB size and after 3 hours late it will open. it's my experience Very worst app it isn't lite app not works in every situation of networks.,when i tried to open the app it re-downloading something big 3GB 4GB size and after 3 hours late it will open. it's my experience Very worst app it isn't lite app not works in every situation of networks.,2025-08-08T21:41:49,,,,1,google_play,2025-11-30T16:15:08.107712
72dd0a8a-9d0e-42e8-8509-304b330f0177,Dashen,Dashen Bank Mobile,com.dashen.dashensuperapp,1,"this app is not good and compatible with other Ethiopian bank apps, it is not fast, is stacks sometimes ,even some days it stops working at all.","this app is not good and compatible with other Ethiopian bank apps, it is not fast, is stacks sometimes ,even some days it stops working at all.",2025-07-23T20:29:33,1.0.16,,,41,google_play,2025-11-30T16:15:08.107712
31a7cae7-e838-4e64-bd2d-aeca8ff27d38,Dashen,Dashen Bank Mobile,com.dashen.dashensuperapp,1,Cannot list the number of bugs with this pile of human waste. The absolute worst banking app I have ever used. 50 steps backwards. DO NOT RECOMMEND.,Cannot list the number of bugs with this pile of human waste. The absolute worst banking app I have ever used. 50 steps backwards. DO NOT RECOMMEND.,2025-07-02T17:23:48,1.0.14,,,8,google_play,2025-11-30T16:15:08.107712
ceb1f402-8c82-477a-bf14-1476bc359e7d,Dashen,Dashen Bank Mobile,com.dashen.dashensuperapp,4,"It's very good, but there are some things that need to be improved by (speed & receipt view) to be competitive with the companies in the country, i.e.cbe&telebirr.","It's very good, but there are some things that need to be improved by (speed & receipt view) to be competitive with the companies in the country, i.e.cbe&telebirr.",2025-08-12T01:42:55,1.0.16,,,9,google_play,2025-11-30T16:15:08.107712
6ab16d21-d2c8-4235-9c48-ff713bfde731,Dashen,Dashen Bank Mobile,com.dashen.dashensuperapp,2,I like this mobile banking app very much. Overall user interface and navigation is awesome. But it lacks instant response when someone deposit or withdraw money.,I like this mobile banking app very much. Overall user interface and navigation is awesome. But it lacks instant response when someone deposit or withdraw money.,2025-06-07T09:40:29,1.0.16,,,9,google_play,2025-11-30T16:15:08.107712
6eede71d-d47c-4b19-8059-67f8de75da64,Dashen,Dashen Bank Mobile,com.dashen.dashensuperapp,5,"It's an amazing application to use bank transactions in Ethiopia and it's so friendly btw, but need to ck that account link when we lost our mobile it's ver difficult to link up for the next one pls ck","It's an amazing application to use bank transactions in Ethiopia and it's so friendly btw, but need to ck that account link when we lost our mobile it's ver difficult to link up for the next one pls ck",2025-06-14T15:12:11,1.0.16,,,7,google_play,2025-11-30T16:15:08.107712
a02f3622-dc96-4c0a-9509-83f06407c209,Dashen,Dashen Bank Mobile,com.dashen.dashensuperapp,1,"This app is the most unreliable mobile banking application I have ever used for transaction, it is very late, non-responsive and full of bugs. Its is very disappointing. It is just inconvinient, and not user friendly and compatabke at all !!!!!!","This app is the most unreliable mobile banking application I have ever used for transaction, it is very late, non-responsive and full of bugs. Its is very disappointing. It is just inconvinient, and not user friendly and compatabke at all !!!!!!",2025-03-14T13:45:53,1.0.14,,,382,google_play,2025-11-30T16:15:08.107712
8855d0d8-19db-4113-b1fa-89731f0ed033,Dashen,Dashen Bank Mobile,com.dashen.dashensuperapp,2,would most likely rate it even less but it does have it's perks. But for the most part the whole app is filled with bugs and it stops being responsive almost everytime. Besides some new features and the new UI design I most definitely prefer the old amole Version. either fix this mess or bring back Amole,would most likely rate it even less but it does have it's perks. But for the most part the whole app is filled with bugs and it stops being responsive almost everytime. Besides some new features and the new UI design I most definitely prefer the old amole Version. either fix this mess or bring back Amole,2025-08-01T12:51:18,1.0.16,,,5,google_play,2025-11-30T16:15:08.107712
dd62498b-d256-495f-8251-683626113991,Dashen,Dashen Bank Mobile,com.dashen.dashensuperapp,4,it is Excellent April jest continue more abeaten.....,it is Excellent April jest continue more abeaten.....,2025-10-19T16:06:42,1.7.4,,,0,google_play,2025-11-30T16:15:08.107712
8f0e023e-152e-44a6-bba1-627c20d3e298,Dashen,Dashen Bank Mobile,com.dashen.dashensuperapp,5,"I am very impressed with the Dashen super app. It is user-friendly and operates efficiently. The budget and chatbot features are impressive, and all items can be purchased with just three clicks.","I am very impressed with the Dashen super app. It is user-friendly and operates efficiently. The budget and chatbot features are impressive, and all items can be purchased with just three clicks.",2025-04-21T10:42:01,1.0.15,,,16,google_play,2025-11-30T16:15:08.107712
650cfa8e-a81f-4f2e-bfbf-8f7fa6996872,Dashen,Dashen Bank Mobile,com.dashen.dashensuperapp,5,"Dashen SuperApp the ultimate all-in-one solution! From banking and shopping to bill payments, everything you need is right at your fingertips. Life just got a whole lot easier!","Dashen SuperApp the ultimate all-in-one solution! From banking and shopping to bill payments, everything you need is right at your fingertips. Life just got a whole lot easier!",2025-04-21T17:19:05,1.0.15,,,19,google_play,2025-11-30T16:15:08.107712
be79dbdd-63db-463c-9abf-a88387d6b07a,Dashen,Dashen Bank Mobile,com.dashen.dashensuperapp,5,"A truly impressive app — user-friendly and a game-changer in Ethiopian banking. The Dashen Super App stands out as one of the most innovative and convenient digital banking solutions in Ethiopia’s financial history. Smooth navigation, seamless features, and a wide range of services all in one place. Well done!","A truly impressive app — user-friendly and a game-changer in Ethiopian banking. The Dashen Super App stands out as one of the most innovative and convenient digital banking solutions in Ethiopia’s financial history. Smooth navigation, seamless features, and a wide range of services all in one place. Well done!",2025-04-21T10:50:00,1.0.15,,,20,google_play,2025-11-30T16:15:08.107712
04461449-8fd8-4684-8b12-1bc3aee7f6f2,Dashen,Dashen Bank Mobile,com.dashen.dashensuperapp,4,"Good improvements after the Sep 25, 2025 update.","Good improvements after the Sep 25, 2025 update.",2025-09-29T09:17:49,1.6.0,,,4,google_play,2025-11-30T16:15:08.107712
e2e4f955-c79a-4192-a71e-950a3fde3907,Dashen,Dashen Bank Mobile,com.dashen.dashensuperapp,3,"Please try to fix the barrier between other banks specially with ""Commercial bank of Ethiopia""","Please try to fix the barrier between other banks specially with ""Commercial bank of Ethiopia""",2025-11-05T12:05:15,1.8.1,,,0,google_play,2025-11-30T16:15:08.107712
ac66af69-7294-4963-b8f6-132b03778671,Dashen,Dashen Bank Mobile,com.dashen.dashensuperapp,5,"The app even in its' first phase is too far one step booster that enables a user to perform a seamless Banking service with multi step security features at his/her comfort zone. It really assured that Dashen Bank is living the Logo ""ALWAYS ONE STEP AHEAD""","The app even in its' first phase is too far one step booster that enables a user to perform a seamless Banking service with multi step security features at his/her comfort zone. It really assured that Dashen Bank is living the Logo ""ALWAYS ONE STEP AHEAD""",2025-07-20T10:12:52,1.0.16,,,4,google_play,2025-11-30T16:15:08.107712
6bf6ad8e-bd05-454f-ac8f-fc11c1aeedb5,Dashen,Dashen Bank Mobile,com.dashen.dashensuperapp,5,"Dashen, always two step ahead.","Dashen, always two step ahead.",2025-11-05T13:33:19,1.8.1,,,0,google_play,2025-11-30T16:15:08.107712
5c592442-a2c0-4290-95d8-93a1362b4f10,Dashen,Dashen Bank Mobile,com.dashen.dashensuperapp,5,"I appreciate how secure this app feels. Every transaction comes with confirmation, and I always get alerts immediately.","I appreciate how secure this app feels. Every transaction comes with confirmation, and I always get alerts immediately.",2025-10-28T13:23:09,,,,0,google_play,2025-11-30T16:15:08.107712
f8147000-27b4-418b-af0c-49cd8e39e40e,Dashen,Dashen Bank Mobile,com.dashen.dashensuperapp,1,"It's an unpredictable app, I can't make transactions, and now I can't even get the OTP! So it's going from bad to worse! Thank goodness the Amole Dashen app still exists.","It's an unpredictable app, I can't make transactions, and now I can't even get the OTP! So it's going from bad to worse! Thank goodness the Amole Dashen app still exists.",2025-06-25T11:09:46,1.0.16,,,6,google_play,2025-11-30T16:15:08.107712
3628b279-490b-4784-a3ce-d776a20e1bd5,Dashen,Dashen Bank Mobile,com.dashen.dashensuperapp,5,The updated design looks amazing. I really appreciate being able to switch between dark and light mode it’s a small change that makes a big difference!,The updated design looks amazing. I really appreciate being able to switch between dark and light mode it’s a small change that makes a big difference!,2025-10-28T13:11:58,,,,0,google_play,2025-11-30T16:15:08.107712
211b2b4d-826d-4192-9fa8-25d7e38c7666,Dashen,Dashen Bank Mobile,com.dashen.dashensuperapp,5,"Dashen superapp just keeps improving. The new theme options are beautiful, and the overall experience is faster and smoother than ever","Dashen superapp just keeps improving. The new theme options are beautiful, and the overall experience is faster and smoother than ever",2025-10-28T13:38:42,,,,0,google_play,2025-11-30T16:15:08.107712
de496d31-86a5-4051-b76d-4e91d882f5f5,Dashen,Dashen Bank Mobile,com.dashen.dashensuperapp,4,"It's great! But it will be advanced if you include a caption that allow customers to transfer to Telebirr account. Dashen Bank, ""ኩሉ ግዜ፡ ሓደ ስጕሚ ቀዳሚ።"" (Always one step ahead!)","It's great! But it will be advanced if you include a caption that allow customers to transfer to Telebirr account. Dashen Bank, ""ኩሉ ግዜ፡ ሓደ ስጕሚ ቀዳሚ።"" (Always one step ahead!)",2025-01-15T16:49:41,1.0.4,,,16,google_play,2025-11-30T16:15:08.107712
ce9b538b-ea95-497b-ba79-45189131f057,Dashen,Dashen Bank Mobile,com.dashen.dashensuperapp,5,"Banking, but make it smart. Local solutions, all in one place. Smooth, fast, and actually saving time. Feels like the future. Love it!","Banking, but make it smart. Local solutions, all in one place. Smooth, fast, and actually saving time. Feels like the future. Love it!",2025-04-21T12:59:53,1.0.14,,,9,google_play,2025-11-30T16:15:08.107712
22725963-a873-43c8-a711-f52ec4ce55b2,Dashen,Dashen Bank Mobile,com.dashen.dashensuperapp,5,"After i download the app recently had a smooth expriance, its user friendly, fast, and everything works as expected. keep up the good work.","After i download the app recently had a smooth expriance, its user friendly, fast, and everything works as expected. keep up the good work.",2025-04-21T12:07:27,1.0.14,,,14,google_play,2025-11-30T16:15:08.107712
739b4157-4335-4fe7-9273-07f9427c8dba,Dashen,Dashen Bank Mobile,com.dashen.dashensuperapp,5,"A solid step forward by Dashen Bank. The SuperApp combines essential banking features with lifestyle services, making everything accessible in one place. The interface is smooth, and transactions are quick and reliable. It’s clear a lot of thought went into the design and functionality. Great job!","A solid step forward by Dashen Bank. The SuperApp combines essential banking features with lifestyle services, making everything accessible in one place. The interface is smooth, and transactions are quick and reliable. It’s clear a lot of thought went into the design and functionality. Great job!",2025-04-21T13:16:45,1.0.15,,,25,google_play,2025-11-30T16:15:08.107712
5b8c94df-b1d3-4948-bcb1-238e80146227,Dashen,Dashen Bank Mobile,com.dashen.dashensuperapp,5,"Dashen SuperApp is a lifesaver! Banking, shopping, and bills in one super easy app. The new e-commerce feature is awesome and supports local merchants. Fast, secure, and proudly Ethiopian.Download it now—you won’t regret it!","Dashen SuperApp is a lifesaver! Banking, shopping, and bills in one super easy app. The new e-commerce feature is awesome and supports local merchants. Fast, secure, and proudly Ethiopian.Download it now—you won’t regret it!",2025-04-21T13:31:02,1.0.15,,,11,google_play,2025-11-30T16:15:08.107712
cdbc2de4-065b-4230-a34b-c532cf84ae71,Dashen,Dashen Bank Mobile,com.dashen.dashensuperapp,5,"The app has various usefull functions, which make easy the payment system. Also, it will connect with sellers having reasonable prices.","The app has various usefull functions, which make easy the payment system. Also, it will connect with sellers having reasonable prices.",2025-04-22T08:22:10,1.0.15,,,13,google_play,2025-11-30T16:15:08.107712
acab324e-1c06-4be4-bfb4-093e0d0db46f,Dashen,Dashen Bank Mobile,com.dashen.dashensuperapp,1,I wanted to share some concerns about your Supper App. It appears to be experiencing reliability issues and isn’t performing as expected. I hope this can be addressed soon to improve the user experience. One star 🌟 for now.,I wanted to share some concerns about your Supper App. It appears to be experiencing reliability issues and isn’t performing as expected. I hope this can be addressed soon to improve the user experience. One star 🌟 for now.,2025-03-19T13:49:23,1.0.14,,,11,google_play,2025-11-30T16:15:08.107712
328e442a-c92a-42dc-a91c-44d71556a34e,Dashen,Dashen Bank Mobile,com.dashen.dashensuperapp,5,"one of the best digital platforms I've used! from smooth transactions to a seamless shopping experience, highly recommended.","one of the best digital platforms I've used! from smooth transactions to a seamless shopping experience, highly recommended.",2025-04-21T21:32:42,1.0.14,,,7,google_play,2025-11-30T16:15:08.107712
c8a76cee-dbcc-491e-9aa0-0f8fa423ee1a,Dashen,Dashen Bank Mobile,com.dashen.dashensuperapp,4,Nothing is changed in the updated version. You have been collecting comments but where is the feed back you improved in this version. superapp is mot functioning today.,Nothing is changed in the updated version. You have been collecting comments but where is the feed back you improved in this version. superapp is mot functioning today.,2025-05-20T12:22:54,1.0.14,,,109,google_play,2025-11-30T16:15:08.107712
c2ef1fe4-8517-4a83-9f92-165c0e65540a,Dashen,Dashen Bank Mobile,com.dashen.dashensuperapp,5,"The new mobile banking application is a major upgrade! It’s incredibly user-friendly, with a clean and modern design that makes navigation simple and intuitive. I really appreciate how fast it loads and how smooth the overall experience is. All essential services like balance checks, transfers, and bill payments are eas y to find and use. The added security features give me peace of mind, and the app runs reliably without crashes or glitches. It’s clear a lot of thought went into the user experi","The new mobile banking application is a major upgrade! It’s incredibly user-friendly, with a clean and modern design that makes navigation simple and intuitive. I really appreciate how fast it loads and how smooth the overall experience is. All essential services like balance checks, transfers, and bill payments are eas y to find and use. The added security features give me peace of mind, and the app runs reliably without crashes or glitches. It’s clear a lot of thought went into the user experi",2025-04-21T10:52:02,1.0.15,,,403,google_play,2025-11-30T16:15:08.107712
aa332503-7097-479d-89d9-6b762bb9e814,Dashen,Dashen Bank Mobile,com.dashen.dashensuperapp,2,"Simple, robust features? Yes, please! But the endless loading screen killed the fun—I couldn’t use it for days. Fix the glitch, and I’ll yeet a higher rating!","Simple, robust features? Yes, please! But the endless loading screen killed the fun—I couldn’t use it for days. Fix the glitch, and I’ll yeet a higher rating!",2025-05-26T07:21:54,,,,1,google_play,2025-11-30T16:15:08.107712
40cc8813-3573-4cc3-bbba-3cd722362717,Dashen,Dashen Bank Mobile,com.dashen.dashensuperapp,4,It has a Good performance but need more upgrade for more performance like when we login account not be fast balance show other thing looking good. Carry on. Thanks so much for Greatest service,It has a Good performance but need more upgrade for more performance like when we login account not be fast balance show other thing looking good. Carry on. Thanks so much for Greatest service,2025-01-17T18:04:25,1.0.4,,,76,google_play,2025-11-30T16:15:08.107712
31eddf1f-9725-472b-b29a-53377dac71ca,Dashen,Dashen Bank Mobile,com.dashen.dashensuperapp,5,"It is,really super because of its unique offerings to individuals and businesses.It is a secure UX first app intended to cater comprehensive digital meeds.I am also happy to know that Dashen is considering to make the app more inclusive by lowering the mobile version requirements .","It is,really super because of its unique offerings to individuals and businesses.It is a secure UX first app intended to cater comprehensive digital meeds.I am also happy to know that Dashen is considering to make the app more inclusive by lowering the mobile version requirements .",2025-04-21T16:57:03,1.0.15,,,11,google_play,2025-11-30T16:15:08.107712
ecafe965-6f57-4ef5-88ee-9ef8adca142d,Dashen,Dashen Bank Mobile,com.dashen.dashensuperapp,5,clear and presize,clear and presize,2025-11-15T12:47:13,1.8.1,,,0,google_play,2025-11-30T16:15:08.107712
5145d0cf-0bf3-4b48-9c11-46819cd06bcd,Dashen,Dashen Bank Mobile,com.dashen.dashensuperapp,5,"One of the best digital platforms I’ve used! From smooth transactions to a seamless shopping experience, Highly recommended","One of the best digital platforms I’ve used! From smooth transactions to a seamless shopping experience, Highly recommended",2025-04-21T19:34:53,1.0.15,,,10,google_play,2025-11-30T16:15:08.107712
05ea16ca-9cbf-4683-9ac7-ea4395cf688b,Dashen,Dashen Bank Mobile,com.dashen.dashensuperapp,3,"dashen bank supper app is the most easy to use and have high speed,quality and I like features like chat,budget,fuel payment, and security for my opinion this product is techonolgy edge,this international standard thanks for product oweners (dashen bank)","dashen bank supper app is the most easy to use and have high speed,quality and I like features like chat,budget,fuel payment, and security for my opinion this product is techonolgy edge,this international standard thanks for product oweners (dashen bank)",2025-04-21T14:40:38,1.0.4,,,3,google_play,2025-11-30T16:15:08.107712
1115d2b9-b1f0-4fe5-a92c-67aed49141a7,Dashen,Dashen Bank Mobile,com.dashen.dashensuperapp,5,"This super app is a total game-changer—fast, reliable, and packed with everything I need in one place. It’s seamless and super convenient. Love it!""","This super app is a total game-changer—fast, reliable, and packed with everything I need in one place. It’s seamless and super convenient. Love it!""",2025-04-23T20:09:47,1.0.15,,,12,google_play,2025-11-30T16:15:08.107712
804dc621-491a-4645-abf9-0b5db917406a,Dashen,Dashen Bank Mobile,com.dashen.dashensuperapp,2,"It has good feature. But, it is Very Slow! difficult to pay or receive. The Speed should be improved, else I didn't recommend.","It has good feature. But, it is Very Slow! difficult to pay or receive. The Speed should be improved, else I didn't recommend.",2025-02-24T18:23:10,1.0.7,,,15,google_play,2025-11-30T16:15:08.107712
29d8b281-c802-4996-8dc3-eb99d78a43ed,Dashen,Dashen Bank Mobile,com.dashen.dashensuperapp,3,Its good app than other compitators but it confuse when we transfer it needs OTP and PIN most user inter their pin instead of OTP we know the litrecy level of our society so if it is device based i dont know the needs of OTP so please try to fix,Its good app than other compitators but it confuse when we transfer it needs OTP and PIN most user inter their pin instead of OTP we know the litrecy level of our society so if it is device based i dont know the needs of OTP so please try to fix,2025-05-18T12:32:58,1.0.16,,,38,google_play,2025-11-30T16:15:08.107712
86b63f8a-6ca9-487d-beca-ed2f75ca888f,Dashen,Dashen Bank Mobile,com.dashen.dashensuperapp,4,"A game changer in Ethiopian digital banking fast, secure, and packed with services. Everything you need, all in one powerful app. A true leap toward financial convenience and innovation!","A game changer in Ethiopian digital banking fast, secure, and packed with services. Everything you need, all in one powerful app. A true leap toward financial convenience and innovation!",2025-04-21T13:07:17,1.0.15,,,92,google_play,2025-11-30T16:15:08.107712
10870471-f38d-4dae-8a2c-ea875933d8ef,Dashen,Dashen Bank Mobile,com.dashen.dashensuperapp,5,"The App is incredibly user-friendly and brings multiple services into one place. It's fast, intuitive, and makes daily tasks super convenient. A true all-in-one solution!","The App is incredibly user-friendly and brings multiple services into one place. It's fast, intuitive, and makes daily tasks super convenient. A true all-in-one solution!",2025-04-21T22:50:10,1.0.14,,,10,google_play,2025-11-30T16:15:08.107712
b5a99318-f47b-46ae-8eef-db5c863f7958,Dashen,Dashen Bank Mobile,com.dashen.dashensuperapp,5,I was really amazed by the idea of an e-commerce service on a banking app. This is what it means to be one step ahead. Please include all kinds of products in there as soon as possible.,I was really amazed by the idea of an e-commerce service on a banking app. This is what it means to be one step ahead. Please include all kinds of products in there as soon as possible.,2025-04-21T10:28:23,1.0.15,,,6,google_play,2025-11-30T16:15:08.107712
dbd90565-cfa7-4a22-a297-b37face26e17,Dashen,Dashen Bank Mobile,com.dashen.dashensuperapp,5,Very nice App.,Very nice App.,2025-11-14T11:19:23,1.8.1,,,0,google_play,2025-11-30T16:15:08.107712
513a636f-9b72-4092-bae7-33352916e8e5,Dashen,Dashen Bank Mobile,com.dashen.dashensuperapp,4,Amazing app to use as usual! But why option of transferring to Telebirr and M pesa which was available on Amole app is omitted?? Dasheen is my favourite keep it up.,Amazing app to use as usual! But why option of transferring to Telebirr and M pesa which was available on Amole app is omitted?? Dasheen is my favourite keep it up.,2025-01-20T17:57:00,1.0.4,,,13,google_play,2025-11-30T16:15:08.107712
9188bb05-84eb-4c73-a234-31c0b5d503b7,Dashen,Dashen Bank Mobile,com.dashen.dashensuperapp,5,"This is amazing app, as it name ,truly supper.","This is amazing app, as it name ,truly supper.",2025-10-28T13:20:21,1.7.4,,,0,google_play,2025-11-30T16:15:08.107712
d41af5b1-8acf-4f66-9d54-e14316bf489d,Dashen,Dashen Bank Mobile,com.dashen.dashensuperapp,5,"Dashen Bank Super App is fast, reliable, and super easy to use. All my banking needs are handled smoothly in one place. Clean design and seamless experience – highly recommended!","Dashen Bank Super App is fast, reliable, and super easy to use. All my banking needs are handled smoothly in one place. Clean design and seamless experience – highly recommended!",2025-04-21T14:16:09,,,,2,google_play,2025-11-30T16:15:08.107712
a7b719d1-4b74-4a60-b7ed-19b62e900168,Dashen,Dashen Bank Mobile,com.dashen.dashensuperapp,1,The app is very backward and doesn't always work. If it works three hours out of 24 hours it's great!😥,The app is very backward and doesn't always work. If it works three hours out of 24 hours it's great!😥,2025-04-14T10:32:53,1.0.14,,,8,google_play,2025-11-30T16:15:08.107712
b5161ddf-ce45-46bf-9858-07071bdeeaba,Dashen,Dashen Bank Mobile,com.dashen.dashensuperapp,5,"Highly impressed! Dash Bank really nailed it with this app. Secure, reliable, and packed with features I use daily","Highly impressed! Dash Bank really nailed it with this app. Secure, reliable, and packed with features I use daily",2025-04-21T19:35:46,1.0.14,,,9,google_play,2025-11-30T16:15:08.107712
815e6358-3c4f-412a-bcc0-d3cb4c568fa4,Dashen,Dashen Bank Mobile,com.dashen.dashensuperapp,2,"while it's very secure, it is very slower than other mobile banking apps. it is very lazy app!","while it's very secure, it is very slower than other mobile banking apps. it is very lazy app!",2025-07-12T18:08:02,1.0.16,,,5,google_play,2025-11-30T16:15:08.107712
c301bf47-7446-4873-a515-514bb4be2ba3,Dashen,Dashen Bank Mobile,com.dashen.dashensuperapp,5,simple and easy to use,simple and easy to use,2025-09-08T11:49:21,1.5.5,,,1,google_play,2025-11-30T16:15:08.107712
7e5f7745-10ac-412a-aef7-de5474b2e9fd,Dashen,Dashen Bank Mobile,com.dashen.dashensuperapp,5,It is good apps but it needs strong network,It is good apps but it needs strong network,2025-09-06T20:20:38,1.5.4,,,1,google_play,2025-11-30T16:15:08.107712
6c78dd1a-b338-4892-8821-27329e6a37cb,Dashen,Dashen Bank Mobile,com.dashen.dashensuperapp,5,"One app for everything! I can shop, manage my bank account , and do so much more . Truly a super app","One app for everything! I can shop, manage my bank account , and do so much more . Truly a super app",2025-04-21T16:44:31,,,,2,google_play,2025-11-30T16:15:08.107712
292edafd-2214-4c68-a18e-744b5a0f3db4,Dashen,Dashen Bank Mobile,com.dashen.dashensuperapp,5,"excellent app. to use perfectlly to pay,transfer,tele airtime and so on.","excellent app. to use perfectlly to pay,transfer,tele airtime and so on.",2025-11-12T16:52:55,1.0.16,,,0,google_play,2025-11-30T16:15:08.107712
70e43e76-a4ca-4e15-b690-93a34a5bf675,Dashen,Dashen Bank Mobile,com.dashen.dashensuperapp,5,"The user experience is seamless, and everything just works perfectly right out of the box. I can’t believe how much time and effort it saves me every day.","The user experience is seamless, and everything just works perfectly right out of the box. I can’t believe how much time and effort it saves me every day.",2025-04-21T19:03:27,1.0.15,,,10,google_play,2025-11-30T16:15:08.107712
f00fad5e-14d3-4726-9a82-7655a15a86f4,Dashen,Dashen Bank Mobile,com.dashen.dashensuperapp,1,The worst banking app in Ethiopia. It forces you to change your PIN every three months.,The worst banking app in Ethiopia. It forces you to change your PIN every three months.,2025-08-16T09:29:15,1.5.5,,,4,google_play,2025-11-30T16:15:08.107712
353f56b2-61a0-4685-82b3-8007b602bdaa,Dashen,Dashen Bank Mobile,com.dashen.dashensuperapp,5,"The app keeps getting better with every update! Smooth performance, great UI, and top-notch security. Thank you for making banking so convenient!""","The app keeps getting better with every update! Smooth performance, great UI, and top-notch security. Thank you for making banking so convenient!""",2025-04-21T12:17:43,1.0.15,,,10,google_play,2025-11-30T16:15:08.107712
0564e4c4-c11e-4d31-b2d8-bdc5725ebb2c,Dashen,Dashen Bank Mobile,com.dashen.dashensuperapp,5,very nice app I have ever seen,very nice app I have ever seen,2025-11-10T21:06:02,1.7.4,,,1,google_play,2025-11-30T16:15:08.107712
f20f93ab-8f75-40aa-89a6-c450f54a7365,Dashen,Dashen Bank Mobile,com.dashen.dashensuperapp,5,"A powerful, local solution that rivals any global app. I love how easy it is to explore services and products.","A powerful, local solution that rivals any global app. I love how easy it is to explore services and products.",2025-04-22T07:05:12,1.0.14,,,9,google_play,2025-11-30T16:15:08.107712
3d668840-c868-4164-8efe-9295ef537613,Dashen,Dashen Bank Mobile,com.dashen.dashensuperapp,3,very easy app,very easy app,2025-11-23T06:37:38,1.8.1,,,0,google_play,2025-11-30T16:15:08.107712
c7cdf3f1-a374-470d-80be-8d7bc00d360f,Dashen,Dashen Bank Mobile,com.dashen.dashensuperapp,1,It's slow to send OTP. it's not reliable. It crushed many times. It needs improvement in many ways,It's slow to send OTP. it's not reliable. It crushed many times. It needs improvement in many ways,2025-04-07T22:02:05,1.0.14,,,6,google_play,2025-11-30T16:15:08.107712
ffefe136-8fc9-4c3b-a4be-71adf835a4f0,Dashen,Dashen Bank Mobile,com.dashen.dashensuperapp,5,"Dashen Bank Super App is a game-changer! The user-friendly design, wide range of services, and smooth performance make it incredibly convenient for everyday banking. It’s fast, secure, and truly reflects the bank’s commitment to digital excellence. Highly recommended!","Dashen Bank Super App is a game-changer! The user-friendly design, wide range of services, and smooth performance make it incredibly convenient for everyday banking. It’s fast, secure, and truly reflects the bank’s commitment to digital excellence. Highly recommended!",2025-04-21T12:23:07,1.0.15,,,19,google_play,2025-11-30T16:15:08.107712
7e450cb8-6117-4fb2-b6fe-a4b889074190,Dashen,Dashen Bank Mobile,com.dashen.dashensuperapp,5,"Smooth and secure experience transfers, bill payments, and tracking expenses are all effortless. The intuitive design makes banking on the go.","Smooth and secure experience transfers, bill payments, and tracking expenses are all effortless. The intuitive design makes banking on the go.",2025-04-24T12:56:14,1.0.15,,,7,google_play,2025-11-30T16:15:08.107712
32f7f582-e0e2-4127-b460-8faa11fc3ba1,Dashen,Dashen Bank Mobile,com.dashen.dashensuperapp,5,It is an amazing app and all in one,It is an amazing app and all in one,2025-09-27T12:15:35,1.6.0,,,0,google_play,2025-11-30T16:15:08.107712
7d98b3cf-3b2e-4446-855f-242d537d7e86,Dashen,Dashen Bank Mobile,com.dashen.dashensuperapp,1,The worst app. It needs updating everyday. Ouch 🤕,The worst app. It needs updating everyday. Ouch 🤕,2025-09-19T12:10:53,1.6.0,,,0,google_play,2025-11-30T16:15:08.107712
08d88ef0-1304-4fb7-9cb4-97977dc02cf7,Dashen,Dashen Bank Mobile,com.dashen.dashensuperapp,5,the best app from other dashen is unique its fast app ever i had in my life,the best app from other dashen is unique its fast app ever i had in my life,2025-09-26T18:52:01,1.7.4,,,1,google_play,2025-11-30T16:15:08.107712
0ad08d24-eefb-44bb-91c2-49266c0850ce,Dashen,Dashen Bank Mobile,com.dashen.dashensuperapp,5,I love the new user interface,I love the new user interface,2025-09-26T18:45:45,1.7.4,,,1,google_play,2025-11-30T16:15:08.107712
40a0e280-55e4-4e97-9e26-4d5e832ba045,Dashen,Dashen Bank Mobile,com.dashen.dashensuperapp,5,excellent UI improvement 💯💯,excellent UI improvement 💯💯,2025-09-24T15:40:43,1.7.1,,,0,google_play,2025-11-30T16:15:08.107712
70df55ba-42e4-4f41-be80-692d2b7a9e48,Dashen,Dashen Bank Mobile,com.dashen.dashensuperapp,1,"is not working right now with snmsung galaxy f15, please help me","is not working right now with snmsung galaxy f15, please help me",2025-09-14T10:16:38,1.6.0,,,0,google_play,2025-11-30T16:15:08.107712
90dfd168-3d83-4e21-87ee-6500a304e586,Dashen,Dashen Bank Mobile,com.dashen.dashensuperapp,5,App That makes cashless society in our century and Easy to use.,App That makes cashless society in our century and Easy to use.,2025-09-27T14:05:30,1.7.4,,,1,google_play,2025-11-30T16:15:08.107712
befc23dd-22be-4039-ab16-311ebf096360,Dashen,Dashen Bank Mobile,com.dashen.dashensuperapp,3,It takes gazillion years to open 😶,It takes gazillion years to open 😶,2025-10-02T09:54:44,1.7.4,,,1,google_play,2025-11-30T16:15:08.107712
a852af36-a839-4285-b57d-2a0616e9e544,Dashen,Dashen Bank Mobile,com.dashen.dashensuperapp,5,dashen bank super up has very fast and convenience and also it has contain more things on one app .I am very interesting to use dashen bank super up,dashen bank super up has very fast and convenience and also it has contain more things on one app .I am very interesting to use dashen bank super up,2025-04-21T10:49:05,1.0.15,,,5,google_play,2025-11-30T16:15:08.107712
92f1029b-41d6-4af2-9620-61ad21843f4a,Dashen,Dashen Bank Mobile,com.dashen.dashensuperapp,5,"Excellent, and it's truly a super app!","Excellent, and it's truly a super app!",2025-08-24T15:44:45,1.5.5,,,2,google_play,2025-11-30T16:15:08.107712
4eb71bb5-9546-4eb8-9115-35dbb8ec6a84,Dashen,Dashen Bank Mobile,com.dashen.dashensuperapp,2,This app is not working unless you turn off developer mode on your phone. So it takes your rights to just use it.,This app is not working unless you turn off developer mode on your phone. So it takes your rights to just use it.,2025-04-04T20:24:36,1.0.14,,,4,google_play,2025-11-30T16:15:08.107712
9cdf7073-238a-4e6e-bbd7-c3fae6b153c0,Dashen,Dashen Bank Mobile,com.dashen.dashensuperapp,5,modern perfect app interface with the best banking tools 👏,modern perfect app interface with the best banking tools 👏,2025-08-09T00:46:45,1.5.1,,,1,google_play,2025-11-30T16:15:08.107712
02103d94-84d8-4ca5-aa3d-db0e512c68a7,Dashen,Dashen Bank Mobile,com.dashen.dashensuperapp,5,"Exceptional digital experience, SupperApp will bring new paradigm shift in the banking business. Bravo Dashen keep it up!!!!","Exceptional digital experience, SupperApp will bring new paradigm shift in the banking business. Bravo Dashen keep it up!!!!",2025-04-22T14:36:39,1.0.14,,,5,google_play,2025-11-30T16:15:08.107712
d98af23a-58c4-48d9-beaf-b4767f97b769,Dashen,Dashen Bank Mobile,com.dashen.dashensuperapp,2,The app missed some important features 1. It does't show recent transactions 2. Transfer to Telebirr limited to own telebirr 3. The statement does't show running balance,The app missed some important features 1. It does't show recent transactions 2. Transfer to Telebirr limited to own telebirr 3. The statement does't show running balance,2025-02-11T06:17:00,1.0.7,,,13,google_play,2025-11-30T16:15:08.107712
89e162a6-9481-4780-9219-e1ff91ca232e,Dashen,Dashen Bank Mobile,com.dashen.dashensuperapp,5,Applause 👏 Dashen Bank. One of the best super app inorder to pay easily and securely. One step a head.,Applause 👏 Dashen Bank. One of the best super app inorder to pay easily and securely. One step a head.,2025-01-14T18:19:08,,,,4,google_play,2025-11-30T16:15:08.107712
82441d3e-7555-4c97-a5d3-aada8ee43dce,Dashen,Dashen Bank Mobile,com.dashen.dashensuperapp,4,Nice app but i experience some issues with others banks transfer it keeps saying account is not exist most of the time.,Nice app but i experience some issues with others banks transfer it keeps saying account is not exist most of the time.,2025-03-08T09:47:02,1.0.14,,,5,google_play,2025-11-30T16:15:08.107712
15e7f782-ce40-4927-a035-f0f73b2b5631,Dashen,Dashen Bank Mobile,com.dashen.dashensuperapp,3,good but it takes forever to load,good but it takes forever to load,2025-08-12T07:47:08,1.5.3,,,5,google_play,2025-11-30T16:15:08.107712
c23b473c-4144-4bea-98ae-172df77c97b1,Dashen,Dashen Bank Mobile,com.dashen.dashensuperapp,3,"I have experienced on using the app of Banks in Ethiopia, this Dashen sup is like old version of the applications for using. I gave 3 star for it's very low speed while login and processing","I have experienced on using the app of Banks in Ethiopia, this Dashen sup is like old version of the applications for using. I gave 3 star for it's very low speed while login and processing",2025-04-07T17:05:38,1.0.14,,,3,google_play,2025-11-30T16:15:08.107712
29207dce-824f-4d9c-9f01-040a65597a9e,Dashen,Dashen Bank Mobile,com.dashen.dashensuperapp,5,"This is the first time i have experienced this much cool app out of all the other mobile banking platforms, im genuinely happy to see this kind of app here, tnx","This is the first time i have experienced this much cool app out of all the other mobile banking platforms, im genuinely happy to see this kind of app here, tnx",2025-09-26T14:14:21,1.0.16,,,1,google_play,2025-11-30T16:15:08.107712
ba65f5a6-aa3f-4c38-956e-7077d9756d65,Dashen,Dashen Bank Mobile,com.dashen.dashensuperapp,5,"Db sup app is A platform or an application that can grasp more satisfactions through fastest mode of operation which means for budget planning, to use QR code(scan, pay, go) chat with staff, acc to acc other bank ft, merchant payment, and easly. I addition to i satisfied and i invite everyone to use those platform!!.","Db sup app is A platform or an application that can grasp more satisfactions through fastest mode of operation which means for budget planning, to use QR code(scan, pay, go) chat with staff, acc to acc other bank ft, merchant payment, and easly. I addition to i satisfied and i invite everyone to use those platform!!.",2025-04-21T14:13:09,1.0.15,,,8,google_play,2025-11-30T16:15:08.107712
bcf18a5b-5e9e-43f1-8dfa-d2fb31a8dcd7,Dashen,Dashen Bank Mobile,com.dashen.dashensuperapp,5,it has clear detail information about the application so it helps customer how to use the app. and it is very easy to use and also app is secure.,it has clear detail information about the application so it helps customer how to use the app. and it is very easy to use and also app is secure.,2025-04-21T11:13:53,1.0.15,,,4,google_play,2025-11-30T16:15:08.107712
34df06ad-f6e9-46cc-b5f8-34baddb56b9b,Dashen,Dashen Bank Mobile,com.dashen.dashensuperapp,5,"It is a very user friendly, attractive user interface, full of useful features. I really encourage everyone to give it a try.","It is a very user friendly, attractive user interface, full of useful features. I really encourage everyone to give it a try.",2025-04-21T11:57:15,1.0.15,,,5,google_play,2025-11-30T16:15:08.107712
117e220b-de40-4fd8-8d9e-15b95080d3a5,Dashen,Dashen Bank Mobile,com.dashen.dashensuperapp,5,"All-in-one convenience, From managing accounts to paying bills and shopping online and the chat banking is game changer, this app does it all seamlessly.","All-in-one convenience, From managing accounts to paying bills and shopping online and the chat banking is game changer, this app does it all seamlessly.",2025-04-21T11:42:40,1.0.15,,,6,google_play,2025-11-30T16:15:08.107712
e887c287-a3a3-42dc-bd9a-7508531f6f0c,Dashen,Dashen Bank Mobile,com.dashen.dashensuperapp,5,"I'm really impressed with this app! It’s user-friendly, runs smoothly, and has all the features I need. Makes my tasks so much easier and saves me a lot of time. Highly recommended!","I'm really impressed with this app! It’s user-friendly, runs smoothly, and has all the features I need. Makes my tasks so much easier and saves me a lot of time. Highly recommended!",2025-04-23T15:01:37,1.0.15,,,9,google_play,2025-11-30T16:15:08.107712
3cef32ad-b3c0-4784-8594-0dfee471123e,Dashen,Dashen Bank Mobile,com.dashen.dashensuperapp,1,"It is very slow and it lacks many features to be a super app. High rating is given by their employees, not by the customers.","It is very slow and it lacks many features to be a super app. High rating is given by their employees, not by the customers.",2025-04-25T10:43:56,1.0.15,,,10,google_play,2025-11-30T16:15:08.107712
f1f64244-c9b5-4cbe-9844-7d101beed08c,Dashen,Dashen Bank Mobile,com.dashen.dashensuperapp,5,"I tried the new Dash Bank Super App today, and it's amazingly easy and fun.I recommend you download and use it. You really like it","I tried the new Dash Bank Super App today, and it's amazingly easy and fun.I recommend you download and use it. You really like it",2025-02-06T18:21:48,1.0.7,,,7,google_play,2025-11-30T16:15:08.107712
62ff3224-447a-4021-9b69-69faade17181,Dashen,Dashen Bank Mobile,com.dashen.dashensuperapp,5,one of the best digital platforms I’ve used! From smooth transactions to a seamless shopping experie,one of the best digital platforms I’ve used! From smooth transactions to a seamless shopping experie,2025-04-21T16:40:32,1.0.14,,,5,google_play,2025-11-30T16:15:08.107712
9b75d0d7-9840-4c6c-bf0f-5d0816e7644c,Dashen,Dashen Bank Mobile,com.dashen.dashensuperapp,5,"This app is literally the best thing ever The chat banking is so easy just text and it’s done Super smooth, fast, and honestly a life saverIf you haven’t downloaded it yet you’re missing out big time","This app is literally the best thing ever The chat banking is so easy just text and it’s done Super smooth, fast, and honestly a life saverIf you haven’t downloaded it yet you’re missing out big time",2025-01-23T16:13:50,1.0.4,,,13,google_play,2025-11-30T16:15:08.107712
85c0cebd-10ec-4dd1-9e5b-647b9012acf4,Dashen,Dashen Bank Mobile,com.dashen.dashensuperapp,2,"Transferring to other bank accounts is a hastle and inconvenient .Get used to seeing "" please try again ""","Transferring to other bank accounts is a hastle and inconvenient .Get used to seeing "" please try again """,2025-05-17T10:03:32,,,,1,google_play,2025-11-30T16:15:08.107712
ed4347fd-ddc7-401d-91ae-5fdd82dcf218,Dashen,Dashen Bank Mobile,com.dashen.dashensuperapp,5,"Fast, reliable and user friendly. Amazing chatting features. Keep it up! Always one step ahead!","Fast, reliable and user friendly. Amazing chatting features. Keep it up! Always one step ahead!",2025-01-24T18:44:34,1.0.4,,,11,google_play,2025-11-30T16:15:08.107712
2bc93d8c-1975-44d3-b7c2-ef3429278f07,Dashen,Dashen Bank Mobile,com.dashen.dashensuperapp,5,"This is the best app ever, when is it planned to include digital lending and gasification?","This is the best app ever, when is it planned to include digital lending and gasification?",2025-04-22T07:09:10,1.0.14,,,2,google_play,2025-11-30T16:15:08.107712
1ba081f6-d792-4a8e-a001-8613242bee50,Dashen,Dashen Bank Mobile,com.dashen.dashensuperapp,5,The app has great user interface with comprehensive payments and E-commerce platforms. And also it includes unique features such as chat Banking and budget.,The app has great user interface with comprehensive payments and E-commerce platforms. And also it includes unique features such as chat Banking and budget.,2025-04-22T08:02:26,1.0.15,,,4,google_play,2025-11-30T16:15:08.107712
631604e5-d2d7-4cfc-8eed-174a736a28ad,Dashen,Dashen Bank Mobile,com.dashen.dashensuperapp,5,"#Dashen Super App; Super easy to use, secure, and fast transaction. Love it!","#Dashen Super App; Super easy to use, secure, and fast transaction. Love it!",2025-02-07T12:32:13,1.0.7,,,11,google_play,2025-11-30T16:15:08.107712
876f0ee8-c6e9-437e-9a56-bf00083a0319,Dashen,Dashen Bank Mobile,com.dashen.dashensuperapp,5,"the very easy, secured, fast and multifunctional dashen supper application I ever seen. dashen really one steps ahead!!!","the very easy, secured, fast and multifunctional dashen supper application I ever seen. dashen really one steps ahead!!!",2025-04-21T16:46:15,1.0.15,,,4,google_play,2025-11-30T16:15:08.107712
62a49d95-3dee-4d62-9b5a-cceff329af48,Dashen,Dashen Bank Mobile,com.dashen.dashensuperapp,5,"Dashen Super app is secure, very easy to use and has more services uniquely like budgeting, chat, IPS...","Dashen Super app is secure, very easy to use and has more services uniquely like budgeting, chat, IPS...",2025-02-14T09:46:51,1.0.7,,,6,google_play,2025-11-30T16:15:08.107712
751bedd2-1517-4cb4-a41c-f02d5f4b2468,Dashen,Dashen Bank Mobile,com.dashen.dashensuperapp,5,Effecting payment via the app has created convenience to the recipients in easily confirming the payments received!,Effecting payment via the app has created convenience to the recipients in easily confirming the payments received!,2025-04-22T07:49:45,1.0.14,,,2,google_play,2025-11-30T16:15:08.107712
f37a6b6d-6879-4d35-80ba-64d2c96fa749,Dashen,Dashen Bank Mobile,com.dashen.dashensuperapp,5,"Very impressed with the new updates, The e-commerce section is smooth and supports Ethiopian merchants.","Very impressed with the new updates, The e-commerce section is smooth and supports Ethiopian merchants.",2025-04-21T14:22:02,,,,3,google_play,2025-11-30T16:15:08.107712
98a21365-53e3-42ef-8481-573c6ef8a181,Dashen,Dashen Bank Mobile,com.dashen.dashensuperapp,5,"I choose Dashen Bank Super Up since, it is easy to use & it has attractive features !","I choose Dashen Bank Super Up since, it is easy to use & it has attractive features !",2025-04-21T12:44:50,1.0.14,,,2,google_play,2025-11-30T16:15:08.107712
d5552347-d7f6-4f91-ae8c-c33d16d0a8d3,Dashen,Dashen Bank Mobile,com.dashen.dashensuperapp,5,"Feature-rich? Absolutely. But the speed? Painfully slow. Seriously, is it communicating with a server on Mars or something?","Feature-rich? Absolutely. But the speed? Painfully slow. Seriously, is it communicating with a server on Mars or something?",2025-04-16T17:54:32,1.0.14,,,6,google_play,2025-11-30T16:15:08.107712
5e5900f0-cc81-40b6-a5ea-5dfd29d8b53c,Dashen,Dashen Bank Mobile,com.dashen.dashensuperapp,1,it can't do without data or wifi,it can't do without data or wifi,2025-09-26T14:03:57,1.5.8,,,0,google_play,2025-11-30T16:15:08.107712
77cbc374-82f2-49c1-9780-d78770150ce6,Dashen,Dashen Bank Mobile,com.dashen.dashensuperapp,5,"Simple for usage and well designed, attractive in its visual design, ""Always One Step Ahead""","Simple for usage and well designed, attractive in its visual design, ""Always One Step Ahead""",2025-07-24T15:10:00,1.0.16,,,3,google_play,2025-11-30T16:15:08.107712
5ccebb40-4078-4fa4-9e80-6dd813fd4cc9,Dashen,Dashen Bank Mobile,com.dashen.dashensuperapp,1,"improve the app, please. it is not working. It says response timeout","improve the app, please. it is not working. It says response timeout",2025-08-10T11:22:45,,,,0,google_play,2025-11-30T16:15:08.107712
2a157c0e-b57e-43e8-8207-4ae55e549812,Dashen,Dashen Bank Mobile,com.dashen.dashensuperapp,5,"Dashen SuperApp blends finance, shopping, and daily services effortlessly. The new e-commerce feature is smooth and supports local merchants—proud to back an Ethiopian-made solution!","Dashen SuperApp blends finance, shopping, and daily services effortlessly. The new e-commerce feature is smooth and supports local merchants—proud to back an Ethiopian-made solution!",2025-04-21T13:19:15,1.0.15,,,6,google_play,2025-11-30T16:15:08.107712
5043e566-8cbc-4384-9382-8d929065614e,Dashen,Dashen Bank Mobile,com.dashen.dashensuperapp,2,"There are plenty of features missed e. g electricity bill, water bill payments","There are plenty of features missed e. g electricity bill, water bill payments",2025-08-14T14:16:24,,,,0,google_play,2025-11-30T16:15:08.107712
83682450-a7ae-424d-9ea9-15b6fe29de4d,Dashen,Dashen Bank Mobile,com.dashen.dashensuperapp,5,"All-in-one finance & e-commerce super app! Pay, save, shop seamlessly. Fast, secure. #BankAndShop","All-in-one finance & e-commerce super app! Pay, save, shop seamlessly. Fast, secure. #BankAndShop",2025-04-21T13:10:21,1.0.15,,,4,google_play,2025-11-30T16:15:08.107712
d3dad0ad-6501-4d03-b2cf-2bd06fadb41a,Dashen,Dashen Bank Mobile,com.dashen.dashensuperapp,5,very simple and user friendly app Thank you Dashen Bank,very simple and user friendly app Thank you Dashen Bank,2025-06-12T18:28:57,1.0.16,,,3,google_play,2025-11-30T16:15:08.107712
759ccebb-dcdd-4f4b-bc9b-7a7453191e52,Dashen,Dashen Bank Mobile,com.dashen.dashensuperapp,5,"The Dashen Super App is a game-changer in digital banking, offering a seamless and convenient experience. With its user-friendly interface, fast transactions, and a wide range of financial services, it simplifies banking for customers. Features like bill payments, fund transfers, mobile top-ups, and loan applications make it an all-in-one solution. Plus, its security measures ensure safe and reliable Experiance effortless banking","The Dashen Super App is a game-changer in digital banking, offering a seamless and convenient experience. With its user-friendly interface, fast transactions, and a wide range of financial services, it simplifies banking for customers. Features like bill payments, fund transfers, mobile top-ups, and loan applications make it an all-in-one solution. Plus, its security measures ensure safe and reliable Experiance effortless banking",2025-02-26T11:30:26,1.0.7,,,234,google_play,2025-11-30T16:15:08.107712
157b5f87-506e-46dc-b89b-179653dbd957,Dashen,Dashen Bank Mobile,com.dashen.dashensuperapp,4,nice app especially GUI and I have got some error when you send within dashen bank the receipter is not get SMS notification,nice app especially GUI and I have got some error when you send within dashen bank the receipter is not get SMS notification,2025-05-03T07:09:08,1.0.15,,,4,google_play,2025-11-30T16:15:08.107712
56497937-ddb0-4d03-ad47-0e3d2f1f8c66,Dashen,Dashen Bank Mobile,com.dashen.dashensuperapp,1,very poor and time taking to use,very poor and time taking to use,2025-08-13T10:05:26,1.5.5,,,1,google_play,2025-11-30T16:15:08.107712
3d68acad-fda9-4d1f-9005-cca2a0c612f6,Dashen,Dashen Bank Mobile,com.dashen.dashensuperapp,5,fast and easy to use great App.,fast and easy to use great App.,2025-08-12T10:05:02,1.0.16,,,1,google_play,2025-11-30T16:15:08.107712
1f2786d3-7b51-4467-95f2-fb7ef877469a,Dashen,Dashen Bank Mobile,com.dashen.dashensuperapp,5,your service is too good,your service is too good,2025-11-09T06:18:32,1.8.1,,,0,google_play,2025-11-30T16:15:08.107712
b969925e-d6eb-4620-9bb2-6a7868cc4d57,Dashen,Dashen Bank Mobile,com.dashen.dashensuperapp,5,“Life-changing!” I can’t imagine going back to traditional banking after using this app. It’s so convenient.,“Life-changing!” I can’t imagine going back to traditional banking after using this app. It’s so convenient.,2025-01-17T08:18:44,,,,4,google_play,2025-11-30T16:15:08.107712
10271bb9-ee08-42d4-9c57-b33258ad1358,Dashen,Dashen Bank Mobile,com.dashen.dashensuperapp,5,Really the app looks like amazing. I can't wait to activate in the morning.,Really the app looks like amazing. I can't wait to activate in the morning.,2025-01-14T18:32:32,1.0.1,,,15,google_play,2025-11-30T16:15:08.107712
a7530454-7c62-4c62-9f29-9f3a2e82c705,Dashen,Dashen Bank Mobile,com.dashen.dashensuperapp,5,making transactions has never been easier. the new update is just amazing,making transactions has never been easier. the new update is just amazing,2025-04-22T08:30:40,1.0.15,,,5,google_play,2025-11-30T16:15:08.107712
70756dbd-4ae2-40b8-b814-a6b322d9ea0b,Dashen,Dashen Bank Mobile,com.dashen.dashensuperapp,5,amazing app really i loved it .that's why we say dashen bank is one stap ahead. It's the best mobile application that should be on every phone.,amazing app really i loved it .that's why we say dashen bank is one stap ahead. It's the best mobile application that should be on every phone.,2025-04-21T11:33:43,,,,2,google_play,2025-11-30T16:15:08.107712
996483eb-2fa8-4628-8c6f-059c82d9e883,Dashen,Dashen Bank Mobile,com.dashen.dashensuperapp,5,Dashen Super App gives me an amazing convenience and makes life easy.,Dashen Super App gives me an amazing convenience and makes life easy.,2025-04-21T10:24:04,1.0.15,,,4,google_play,2025-11-30T16:15:08.107712
369da03b-61ed-424a-abab-7efc142b1038,Dashen,Dashen Bank Mobile,com.dashen.dashensuperapp,5,Dashen bank super app is the crucial and convenient app in Ethiopia. there is no other app to compare with Dashen bank super app,Dashen bank super app is the crucial and convenient app in Ethiopia. there is no other app to compare with Dashen bank super app,2025-04-21T13:16:08,1.0.14,,,2,google_play,2025-11-30T16:15:08.107712
c3afc51f-9e2b-4b3d-b155-0339a9ce0f20,Dashen,Dashen Bank Mobile,com.dashen.dashensuperapp,5,"A must have, seamless, all in one digital platform ""DB Superapp""! Keep living your motto ""Always one step ahead""","A must have, seamless, all in one digital platform ""DB Superapp""! Keep living your motto ""Always one step ahead""",2025-05-12T08:36:47,1.0.15,,,2,google_play,2025-11-30T16:15:08.107712
06aa9940-e8eb-45b2-91c7-1f13bd1645b6,Dashen,Dashen Bank Mobile,com.dashen.dashensuperapp,5,The new e-commerce feature is incredibly amazing and user friendly.,The new e-commerce feature is incredibly amazing and user friendly.,2025-04-21T14:41:06,1.0.15,,,4,google_play,2025-11-30T16:15:08.107712
e7057ab4-ff08-40bd-8c50-1d67ce4f5058,Dashen,Dashen Bank Mobile,com.dashen.dashensuperapp,5,"The Dashen Super App delivers a remarkably fast, highly secure, and exceptionally user-friendly experience, establishing it as a leading application in its category.keep it up and stay ahead Dashen Bank.","The Dashen Super App delivers a remarkably fast, highly secure, and exceptionally user-friendly experience, establishing it as a leading application in its category.keep it up and stay ahead Dashen Bank.",2025-04-14T21:23:31,1.0.14,,,7,google_play,2025-11-30T16:15:08.107712
6653632f-1bf6-4a52-8cf4-40b9d21e88f2,Dashen,Dashen Bank Mobile,com.dashen.dashensuperapp,5,"Excellent and user friendly App. Excellence is what makes you always one step ahead. Dashen Bank, Always One Step Ahead !!","Excellent and user friendly App. Excellence is what makes you always one step ahead. Dashen Bank, Always One Step Ahead !!",2025-01-16T17:10:53,1.0.4,,,7,google_play,2025-11-30T16:15:08.107712
c8734abd-f137-417a-8c36-defbc982ec26,Dashen,Dashen Bank Mobile,com.dashen.dashensuperapp,5,I really like this amazing application and Dashen Supper app that has made my life easier.,I really like this amazing application and Dashen Supper app that has made my life easier.,2025-04-21T10:20:50,1.0.15,,,4,google_play,2025-11-30T16:15:08.107712
dd0238ce-336d-4dac-832c-8d01f44faf0a,Dashen,Dashen Bank Mobile,com.dashen.dashensuperapp,5,Easy to use and has many options. It is the best financial app I have ever used.,Easy to use and has many options. It is the best financial app I have ever used.,2025-04-21T20:20:16,1.0.15,,,4,google_play,2025-11-30T16:15:08.107712
ac0cc36a-ecb8-4a17-b329-1f66502b5336,Dashen,Dashen Bank Mobile,com.dashen.dashensuperapp,5,It is so far so good it has a unique features than telebirr good job Dashen,It is so far so good it has a unique features than telebirr good job Dashen,2025-01-15T07:49:13,1.0.4,,,6,google_play,2025-11-30T16:15:08.107712
872c07eb-b111-4701-b263-c11d17dea1c7,Dashen,Dashen Bank Mobile,com.dashen.dashensuperapp,5,i love this app esp 3 click that make e-commerce easier and convinient.,i love this app esp 3 click that make e-commerce easier and convinient.,2025-04-22T12:24:34,,,,3,google_play,2025-11-30T16:15:08.107712
d5ae9239-54f2-4f66-9050-09c7aa0d84a8,Dashen,Dashen Bank Mobile,com.dashen.dashensuperapp,5,"Dashen Bank Super Up,use the app and makes your easy,fast,convinent.","Dashen Bank Super Up,use the app and makes your easy,fast,convinent.",2025-04-21T10:31:13,1.0.15,,,3,google_play,2025-11-30T16:15:08.107712
82f5d5da-6678-4f6d-8d35-a5130983c919,Dashen,Dashen Bank Mobile,com.dashen.dashensuperapp,5,", Dashen Bank Supper App is multipurpose, convenient, very attractive and Make life easier",", Dashen Bank Supper App is multipurpose, convenient, very attractive and Make life easier",2025-04-21T12:50:32,1.0.14,,,2,google_play,2025-11-30T16:15:08.107712
6b838917-bb83-44e6-8ebf-c052a041d168,Dashen,Dashen Bank Mobile,com.dashen.dashensuperapp,1,Excellent app ever but it needs improvement on speed and transaction lists,Excellent app ever but it needs improvement on speed and transaction lists,2025-02-03T19:17:30,1.0.7,,,28,google_play,2025-11-30T16:15:08.107712
e1c1214a-8bc1-45db-bc49-3d51dddc6b88,Dashen,Dashen Bank Mobile,com.dashen.dashensuperapp,5,Amazing app super easy to use and best design. loved it.,Amazing app super easy to use and best design. loved it.,2025-05-09T17:44:58,1.0.14,,,1,google_play,2025-11-30T16:15:08.107712
e84b7866-5a17-40c7-affc-1a44702a7227,Dashen,Dashen Bank Mobile,com.dashen.dashensuperapp,5,A game-changing Ethiopian innovation—where shopping meets opportunity. The marketplace feature connects buyers and sellers like never before.,A game-changing Ethiopian innovation—where shopping meets opportunity. The marketplace feature connects buyers and sellers like never before.,2025-04-21T13:43:02,,,,2,google_play,2025-11-30T16:15:08.107712
b7dbd93e-582d-4510-af69-30c206f1a99d,Dashen,Dashen Bank Mobile,com.dashen.dashensuperapp,5,Incomparably user-friendly and fast app for mobile banking.,Incomparably user-friendly and fast app for mobile banking.,2025-04-24T10:36:51,1.0.15,,,3,google_play,2025-11-30T16:15:08.107712
f3f97b40-b273-44a0-afb9-1d393132be8d,Dashen,Dashen Bank Mobile,com.dashen.dashensuperapp,5,"I have an incredible experience with Dashen super app, what an amazing platform is it?. keep pioneering in technological advancement 👏👏👏","I have an incredible experience with Dashen super app, what an amazing platform is it?. keep pioneering in technological advancement 👏👏👏",2025-04-21T15:21:18,1.0.15,,,5,google_play,2025-11-30T16:15:08.107712
62102c1c-85b0-4965-b033-063c67ac9129,Dashen,Dashen Bank Mobile,com.dashen.dashensuperapp,5,I am highly excited by using this application and it is the most favorable as well as preferrable mobile app.,I am highly excited by using this application and it is the most favorable as well as preferrable mobile app.,2025-05-03T14:53:37,1.0.16,,,4,google_play,2025-11-30T16:15:08.107712
008fc909-9a69-40fd-9eee-cce9d3144fe9,Dashen,Dashen Bank Mobile,com.dashen.dashensuperapp,5,Very good app that like it too. B/c it is very fast and easy to use.,Very good app that like it too. B/c it is very fast and easy to use.,2025-03-26T18:31:02,,,,2,google_play,2025-11-30T16:15:08.107712
e6ac68ac-bbdb-43ec-9987-081c36a2ca8a,Dashen,Dashen Bank Mobile,com.dashen.dashensuperapp,5,"Dashen super app is easy to use, fast and robust","Dashen super app is easy to use, fast and robust",2025-01-31T06:37:38,1.0.6,,,5,google_play,2025-11-30T16:15:08.107712
134d29fb-1daa-4f59-b21f-11e5fa7be525,Dashen,Dashen Bank Mobile,com.dashen.dashensuperapp,5,"The Dashen supperapp is a revolutionary advancement in digital banking, combining exceptional usability, an intuitive interface and a seamless user experience. among its standout features are the integration of QR codes, account statement, transaction advise, chat, transaction authentication for limit thresholds, budgeting and different app in a single dashboard. Truly ahead of the curve ..... keep up the excellent work 🤝👏","The Dashen supperapp is a revolutionary advancement in digital banking, combining exceptional usability, an intuitive interface and a seamless user experience. among its standout features are the integration of QR codes, account statement, transaction advise, chat, transaction authentication for limit thresholds, budgeting and different app in a single dashboard. Truly ahead of the curve ..... keep up the excellent work 🤝👏",2025-04-21T14:40:34,,,,3,google_play,2025-11-30T16:15:08.107712
0dbc863f-6b31-45ac-b3b6-cc5aad65786d,Dashen,Dashen Bank Mobile,com.dashen.dashensuperapp,5,"amazing features, faster and easy to use","amazing features, faster and easy to use",2025-04-21T10:18:46,1.0.15,,,5,google_play,2025-11-30T16:15:08.107712
d7f04f13-06de-4c04-b616-a7ecbb6dd8b4,Dashen,Dashen Bank Mobile,com.dashen.dashensuperapp,5,"#dashen super app is easy to use, secure & fast transaction😍","#dashen super app is easy to use, secure & fast transaction😍",2025-04-22T12:44:44,1.0.14,,,2,google_play,2025-11-30T16:15:08.107712
65fbea88-9893-412a-adf2-7bde81ea0d0f,Dashen,Dashen Bank Mobile,com.dashen.dashensuperapp,5,Super Easy To Use and Fast Transaction.,Super Easy To Use and Fast Transaction.,2025-04-21T15:28:55,1.0.15,,,3,google_play,2025-11-30T16:15:08.107712
043ba0ce-d496-4f1c-bcf7-ae23c275d5a6,Dashen,Dashen Bank Mobile,com.dashen.dashensuperapp,5,"best ever digital banking sector essay for understanding ,smart and convince for using","best ever digital banking sector essay for understanding ,smart and convince for using",2025-03-19T11:46:08,1.0.14,,,3,google_play,2025-11-30T16:15:08.107712
7126c191-fb47-4ed3-ace7-3a6784d5a298,Dashen,Dashen Bank Mobile,com.dashen.dashensuperapp,3,Add the option to send money to any telebirr account like amole does.,Add the option to send money to any telebirr account like amole does.,2025-03-08T08:45:48,1.0.14,,,2,google_play,2025-11-30T16:15:08.107712
369c76a3-4250-4983-a479-859c8eed7007,Dashen,Dashen Bank Mobile,com.dashen.dashensuperapp,5,dashen super app is simple faster and reliable.,dashen super app is simple faster and reliable.,2025-04-21T12:38:06,1.0.14,,,3,google_play,2025-11-30T16:15:08.107712
d8ab69ab-7277-493d-a2d5-0db4fd48635c,Dashen,Dashen Bank Mobile,com.dashen.dashensuperapp,5,"Dashen bank app is very good, but sometimes it is not working well","Dashen bank app is very good, but sometimes it is not working well",2025-05-15T21:32:51,1.0.16,,,2,google_play,2025-11-30T16:15:08.107712
5b63a17e-0903-47f6-b8da-cb1c7346ad56,Dashen,Dashen Bank Mobile,com.dashen.dashensuperapp,5,"This Is An Amazing App with Uniqe Quality,Easy And Fast Mobile Banking App.","This Is An Amazing App with Uniqe Quality,Easy And Fast Mobile Banking App.",2025-04-21T13:39:18,,,,2,google_play,2025-11-30T16:15:08.107712
f4f64316-a28a-464b-aba8-c9279ef1fa1f,Dashen,Dashen Bank Mobile,com.dashen.dashensuperapp,5,Amazing and user friendly supper app and looking forward the additional features,Amazing and user friendly supper app and looking forward the additional features,2025-02-14T05:33:32,1.0.7,,,6,google_play,2025-11-30T16:15:08.107712
1e00ecba-4f0d-496c-98f2-5b356f05f356,Dashen,Dashen Bank Mobile,com.dashen.dashensuperapp,4,"I would be happy if I got a withdraw system in the application. Otherwise, everything is fine for me","I would be happy if I got a withdraw system in the application. Otherwise, everything is fine for me",2025-06-18T10:55:03,1.0.16,,,0,google_play,2025-11-30T16:15:08.107712
0096a509-2709-4211-b0f4-626d3d6a8dbb,Dashen,Dashen Bank Mobile,com.dashen.dashensuperapp,1,It's bad for the connection and too many days are it that not working,It's bad for the connection and too many days are it that not working,2025-04-12T15:59:05,1.0.14,,,7,google_play,2025-11-30T16:15:08.107712
7340ad46-01ce-4b28-9d5a-680a7ea387b2,Dashen,Dashen Bank Mobile,com.dashen.dashensuperapp,5,Small size with vast features and functionalities.,Small size with vast features and functionalities.,2025-01-15T15:58:34,,,,3,google_play,2025-11-30T16:15:08.107712
f1d0d6cf-8d40-4ff9-99d5-3225c4efd6b9,Dashen,Dashen Bank Mobile,com.dashen.dashensuperapp,5,"Dashen Bank super App is the most suitable, reliable, and fast digital banking system.","Dashen Bank super App is the most suitable, reliable, and fast digital banking system.",2025-04-21T16:40:23,1.0.15,,,4,google_play,2025-11-30T16:15:08.107712
f5360419-4441-4084-a1c2-eb9b07206b36,Dashen,Dashen Bank Mobile,com.dashen.dashensuperapp,5,"12yr more LC, UCP & ICC & loan","12yr more LC, UCP & ICC & loan",2025-11-06T13:47:23,1.8.1,,,0,google_play,2025-11-30T16:15:08.107712
acef4b82-b287-4a31-8dc8-6d701f99f9c4,Dashen,Dashen Bank Mobile,com.dashen.dashensuperapp,5,"""Dashen Super App'' is impressive with its focus on simplicity, speed, and quality. The user interface is clean and easy to understand. Transactions process quickly, and the overall quality of the app is top-notch. A must-have for Dashen Bank customers. ዳሸን ባንክ አንድ እርምጃ ቀዳሚ።","""Dashen Super App'' is impressive with its focus on simplicity, speed, and quality. The user interface is clean and easy to understand. Transactions process quickly, and the overall quality of the app is top-notch. A must-have for Dashen Bank customers. ዳሸን ባንክ አንድ እርምጃ ቀዳሚ።",2025-04-22T09:18:12,1.0.15,,,216,google_play,2025-11-30T16:15:08.107712
60a60f54-fce3-4678-b2a6-123c0d0a160e,Dashen,Dashen Bank Mobile,com.dashen.dashensuperapp,1,i were smothely using the app for the last 5 month but somehow its not working to now so what shall i do it becames like i can open the app even i can't open it if u have solution's pls help me kindly tnx,i were smothely using the app for the last 5 month but somehow its not working to now so what shall i do it becames like i can open the app even i can't open it if u have solution's pls help me kindly tnx,2025-07-28T15:53:16,1.0.16,,,1,google_play,2025-11-30T16:15:08.107712
0849d6e7-3240-430d-9fcf-d6be127a5ac0,Dashen,Dashen Bank Mobile,com.dashen.dashensuperapp,3,It is very easy to use and powerful application.,It is very easy to use and powerful application.,2025-04-01T13:16:55,1.0.14,,,1,google_play,2025-11-30T16:15:08.107712
212c339b-807a-4c89-b5b1-cb9ab844f676,Dashen,Dashen Bank Mobile,com.dashen.dashensuperapp,2,The speed is too slow. Need some improvements.,The speed is too slow. Need some improvements.,2025-03-06T01:03:46,1.0.13,,,5,google_play,2025-11-30T16:15:08.107712
8a4c8a02-5cf7-48f5-a9c6-b9dc12a9bd4f,Dashen,Dashen Bank Mobile,com.dashen.dashensuperapp,5,for dashen bankk it is best app so why your bank onlyu one one app for mobile banking that means superr app,for dashen bankk it is best app so why your bank onlyu one one app for mobile banking that means superr app,2025-10-05T14:59:15,,,,0,google_play,2025-11-30T16:15:08.107712
39322571-d8e5-42c6-8c9c-9f31706d5e4f,Dashen,Dashen Bank Mobile,com.dashen.dashensuperapp,5,"It grows ethiopian digital banking step ahead.All fetures in one,simple fast and convince.","It grows ethiopian digital banking step ahead.All fetures in one,simple fast and convince.",2025-05-14T04:39:16,1.0.16,,,2,google_play,2025-11-30T16:15:08.107712
2a02cd63-90c4-4590-a2f8-20c4c75ceb3e,Dashen,Dashen Bank Mobile,com.dashen.dashensuperapp,5,one of the best app in Ethiopia .,one of the best app in Ethiopia .,2025-09-24T11:13:33,1.5.5,,,0,google_play,2025-11-30T16:15:08.107712
ce7153a9-77e9-41b8-9b70-ab9e15ef3fca,Dashen,Dashen Bank Mobile,com.dashen.dashensuperapp,5,"A lightweight,catchy and smooth app","A lightweight,catchy and smooth app",2025-01-15T08:08:36,1.0.4,,,3,google_play,2025-11-30T16:15:08.107712
185c1487-6efe-4ba5-bbaf-41ea48da9422,Dashen,Dashen Bank Mobile,com.dashen.dashensuperapp,5,It is very fast and secured mobile banking app! I like this app!,It is very fast and secured mobile banking app! I like this app!,2025-04-29T14:27:54,1.0.15,,,3,google_play,2025-11-30T16:15:08.107712
e30a316a-b1c9-4c1a-b8f1-c1e296d82cb5,Dashen,Dashen Bank Mobile,com.dashen.dashensuperapp,5,Best Performing and Fast Financial app,Best Performing and Fast Financial app,2025-08-12T09:46:38,,,,0,google_play,2025-11-30T16:15:08.107712
be4677cc-1140-4ab6-b785-420638e0d7ba,Dashen,Dashen Bank Mobile,com.dashen.dashensuperapp,5,Great for everyday banking and payments on the go,Great for everyday banking and payments on the go,2025-04-22T11:37:27,1.0.15,,,2,google_play,2025-11-30T16:15:08.107712
222e6a10-b3df-421c-83ae-1ff05ec40496,Dashen,Dashen Bank Mobile,com.dashen.dashensuperapp,5,"Best UI mobile banking app, props to design team","Best UI mobile banking app, props to design team",2025-04-30T18:43:36,1.0.15,,,1,google_play,2025-11-30T16:15:08.107712
b003eaa2-fe35-476d-8d5b-e2913964f526,Dashen,Dashen Bank Mobile,com.dashen.dashensuperapp,2,It stop working most of the time.,It stop working most of the time.,2025-07-28T21:45:55,1.0.16,,,1,google_play,2025-11-30T16:15:08.107712
9b5d99cc-8b0e-46d5-a846-ece397be1d99,Dashen,Dashen Bank Mobile,com.dashen.dashensuperapp,5,Assefa Genetu = Dashen superup is the latest and inclussive .I am happy with this super up.,Assefa Genetu = Dashen superup is the latest and inclussive .I am happy with this super up.,2025-04-22T05:14:51,1.0.15,,,3,google_play,2025-11-30T16:15:08.107712
f6f345d9-913f-4923-93af-c3430d22d4ac,Dashen,Dashen Bank Mobile,com.dashen.dashensuperapp,5,very easy and flexible app.,very easy and flexible app.,2025-04-21T12:48:44,,,,2,google_play,2025-11-30T16:15:08.107712
ede1dfcb-1c62-403f-8d8c-0cebc9f600ca,Dashen,Dashen Bank Mobile,com.dashen.dashensuperapp,4,On Transaction page only show sent Transaction. Try to include received transaction.,On Transaction page only show sent Transaction. Try to include received transaction.,2025-02-06T11:25:50,1.0.7,,,2,google_play,2025-11-30T16:15:08.107712
57912538-8398-4446-95f5-85a0c28e7a98,Dashen,Dashen Bank Mobile,com.dashen.dashensuperapp,1,it is the worst app ever istg 🤮🤮🤮,it is the worst app ever istg 🤮🤮🤮,2025-10-29T02:06:49,1.7.4,,,0,google_play,2025-11-30T16:15:08.107712
c7dccd52-ade3-4496-a9d1-f52e3af60664,Dashen,Dashen Bank Mobile,com.dashen.dashensuperapp,5,I wish dark mode feature is add as an option but it's good app,I wish dark mode feature is add as an option but it's good app,2025-02-27T15:12:06,1.0.7,,,2,google_play,2025-11-30T16:15:08.107712
ef42c724-ee02-45e6-8c6f-f0f4a8ab7fc6,Dashen,Dashen Bank Mobile,com.dashen.dashensuperapp,4,your financial system must improved,your financial system must improved,2025-11-09T13:13:07,1.8.1,,,0,google_play,2025-11-30T16:15:08.107712
88d57ce9-5ba3-4d52-aaba-18c92e2cbbc8,Dashen,Dashen Bank Mobile,com.dashen.dashensuperapp,1,I don't know what happens but the application is not send verification pass code you should fix that,I don't know what happens but the application is not send verification pass code you should fix that,2025-02-16T11:01:44,1.0.7,,,54,google_play,2025-11-30T16:15:08.107712
0e6b332e-9636-45c6-9467-3826506707f5,Dashen,Dashen Bank Mobile,com.dashen.dashensuperapp,5,To join digital world use supper app and make your life easy,To join digital world use supper app and make your life easy,2025-04-21T10:29:39,1.0.15,,,2,google_play,2025-11-30T16:15:08.107712
70a02f56-e75d-448d-b71c-7afbd1eba779,Dashen,Dashen Bank Mobile,com.dashen.dashensuperapp,5,well done keep it up,well done keep it up,2025-08-12T09:25:32,1.5.4,,,0,google_play,2025-11-30T16:15:08.107712
99705962-8067-497e-a116-cd6599ca4bb8,Dashen,Dashen Bank Mobile,com.dashen.dashensuperapp,5,All in One ✍️secure ✍️reliable ✍️convenient. Digital banking game changer!!,All in One ✍️secure ✍️reliable ✍️convenient. Digital banking game changer!!,2025-04-23T19:44:20,1.0.15,,,2,google_play,2025-11-30T16:15:08.107712
04b0d391-1cb4-49e3-b18e-b9e24ab9391b,Dashen,Dashen Bank Mobile,com.dashen.dashensuperapp,5,the new version is so good I like it,the new version is so good I like it,2025-08-13T09:30:06,1.5.5,,,1,google_play,2025-11-30T16:15:08.107712
a79e878a-c8c3-4933-9eb3-8a2fa41911a3,Dashen,Dashen Bank Mobile,com.dashen.dashensuperapp,5,the best version in 🇪🇹,the best version in 🇪🇹,2025-09-27T08:45:41,1.6.0,,,0,google_play,2025-11-30T16:15:08.107712
f9f852e3-ccc8-4a18-b650-7f69acb33c99,Dashen,Dashen Bank Mobile,com.dashen.dashensuperapp,5,it is the best app ever i have seen Dashen bank always one step a head!!!!,it is the best app ever i have seen Dashen bank always one step a head!!!!,2025-08-13T10:01:50,1.0.16,,,0,google_play,2025-11-30T16:15:08.107712
153295c5-2630-4a84-9d1e-18ac73eca0c1,Dashen,Dashen Bank Mobile,com.dashen.dashensuperapp,5,dashen super app is secure band very easy,dashen super app is secure band very easy,2025-04-29T14:48:26,1.0.14,,,1,google_play,2025-11-30T16:15:08.107712
b7ba023c-3a56-4fa5-8f30-8fcce982b8ef,Dashen,Dashen Bank Mobile,com.dashen.dashensuperapp,5,Excellent UI/UX and beyond Banking services👍👍,Excellent UI/UX and beyond Banking services👍👍,2025-01-30T15:39:16,,,,2,google_play,2025-11-30T16:15:08.107712
a1a3c20b-aef3-474d-b045-c700d6fae1bc,Dashen,Dashen Bank Mobile,com.dashen.dashensuperapp,5,A fantastic product!! keep the good work.,A fantastic product!! keep the good work.,2025-04-21T10:43:18,1.0.15,,,2,google_play,2025-11-30T16:15:08.107712
de603128-030e-4e5b-9bda-38e74813ad2d,Dashen,Dashen Bank Mobile,com.dashen.dashensuperapp,5,"A proudly Ethiopian innovation that delivers beyond expectations. The marketplace feature is a big win for local shoppers and sellers. Very impressed with the new updates, The e-commerce section is smooth and supports Ethiopian merchants!","A proudly Ethiopian innovation that delivers beyond expectations. The marketplace feature is a big win for local shoppers and sellers. Very impressed with the new updates, The e-commerce section is smooth and supports Ethiopian merchants!",2025-04-21T14:33:37,,,,3,google_play,2025-11-30T16:15:08.107712
a1d46fd6-d7a6-458a-b1a2-1b5679bd7c02,Dashen,Dashen Bank Mobile,com.dashen.dashensuperapp,2,system failure transfer to others account,system failure transfer to others account,2025-11-13T21:12:49,1.7.4,,,0,google_play,2025-11-30T16:15:08.107712
c7f14167-31f9-4fec-bf3e-5997616a9dfe,Dashen,Dashen Bank Mobile,com.dashen.dashensuperapp,5,it fast service,it fast service,2025-09-29T12:46:44,1.6.0,,,0,google_play,2025-11-30T16:15:08.107712
8eb02f5b-df9f-420c-b3b8-834820e32c3c,Dashen,Dashen Bank Mobile,com.dashen.dashensuperapp,1,it's so boring,it's so boring,2025-11-04T16:37:56,1.7.4,,,0,google_play,2025-11-30T16:15:08.107712
524e7cc6-ccd9-4c2a-8384-968ef8f4040e,Dashen,Dashen Bank Mobile,com.dashen.dashensuperapp,5,"Fast, Reliable and User Friendly. Keep it Up","Fast, Reliable and User Friendly. Keep it Up",2025-04-22T12:46:52,1.0.15,,,3,google_play,2025-11-30T16:15:08.107712
0d377b76-0853-4251-b23e-81fd0cc4d9f5,Dashen,Dashen Bank Mobile,com.dashen.dashensuperapp,5,the chat banking and unique and only app that alow money request!!,the chat banking and unique and only app that alow money request!!,2025-04-21T14:06:01,1.0.15,,,2,google_play,2025-11-30T16:15:08.107712
c859d065-d2cd-4c3d-bac1-f8ee0d9b8f18,Dashen,Dashen Bank Mobile,com.dashen.dashensuperapp,5,excellent mobile banking digital,excellent mobile banking digital,2025-08-24T16:13:51,1.5.8,,,0,google_play,2025-11-30T16:15:08.107712
8f19bff6-92a5-479c-b2c5-0a4d3a150093,Dashen,Dashen Bank Mobile,com.dashen.dashensuperapp,5,"Best App .. Good job, Dashen Bank","Best App .. Good job, Dashen Bank",2025-07-16T19:21:57,,,,0,google_play,2025-11-30T16:15:08.107712
d681817c-c55c-498e-b918-531e5633a32c,Dashen,Dashen Bank Mobile,com.dashen.dashensuperapp,5,nice app but transaction limet not enough,nice app but transaction limet not enough,2025-06-17T09:01:54,,,,0,google_play,2025-11-30T16:15:08.107712
c1e53073-4361-4972-a6ad-1229b70ee90e,Dashen,Dashen Bank Mobile,com.dashen.dashensuperapp,5,Great always one step ahead and most reliable bank,Great always one step ahead and most reliable bank,2025-07-22T16:55:13,,,,0,google_play,2025-11-30T16:15:08.107712
9f0dddc5-58fa-4637-9a98-414044aa8bd0,Dashen,Dashen Bank Mobile,com.dashen.dashensuperapp,1,Its slow when i try to see the Recent Transaction and stucked,Its slow when i try to see the Recent Transaction and stucked,2025-04-28T09:11:58,1.0.15,,,2,google_play,2025-11-30T16:15:08.107712
6ee89fcd-d75e-4845-9338-962d8760dc4f,Dashen,Dashen Bank Mobile,com.dashen.dashensuperapp,5,easy to use and the best one,easy to use and the best one,2025-08-17T06:23:10,1.0.16,,,0,google_play,2025-11-30T16:15:08.107712
1351d527-0ebd-4fcb-9c37-ba6361ece17e,Dashen,Dashen Bank Mobile,com.dashen.dashensuperapp,5,"The Dashen Super App offers a modern, user-friendly experience that leverages the latest technological advancements to deliver a seamless e-commerce platform","The Dashen Super App offers a modern, user-friendly experience that leverages the latest technological advancements to deliver a seamless e-commerce platform",2025-04-21T10:18:42,1.0.15,,,8,google_play,2025-11-30T16:15:08.107712
31577c85-64e5-4309-88f4-c1806697ca2d,Dashen,Dashen Bank Mobile,com.dashen.dashensuperapp,5,this app is the most simply to use and secure safe i love it to use for any bank transaction,this app is the most simply to use and secure safe i love it to use for any bank transaction,2025-04-21T12:12:47,1.0.15,,,3,google_play,2025-11-30T16:15:08.107712
42006315-95d0-4ccb-9a5c-a7ac1053d977,Dashen,Dashen Bank Mobile,com.dashen.dashensuperapp,5,"It is a very wonderful work that has saved its time. That is why it is ""Always one step ahead!""","It is a very wonderful work that has saved its time. That is why it is ""Always one step ahead!""",2025-01-17T10:04:57,1.0.4,,,5,google_play,2025-11-30T16:15:08.107712
3a8163db-3a24-4d28-bba2-58bb438391aa,Dashen,Dashen Bank Mobile,com.dashen.dashensuperapp,5,wow dashen bank super app,wow dashen bank super app,2025-11-12T10:20:07,1.5.8,,,0,google_play,2025-11-30T16:15:08.107712
30cdf34a-c7e8-4573-b51d-920e576eb5a9,Dashen,Dashen Bank Mobile,com.dashen.dashensuperapp,1,This app doesn't work on my phone my phone is Samsung Galaxy s7 android version 9 All other financial apps work like telebirr CBE M_pesa...,This app doesn't work on my phone my phone is Samsung Galaxy s7 android version 9 All other financial apps work like telebirr CBE M_pesa...,2025-02-14T13:13:54,,,,4,google_play,2025-11-30T16:15:08.107712
99b90e10-84e8-4a3d-b564-b6b1fc10698e,Dashen,Dashen Bank Mobile,com.dashen.dashensuperapp,1,what your emplyees tell as about the app when they came to our store and what actually the app is different,what your emplyees tell as about the app when they came to our store and what actually the app is different,2025-10-30T08:40:08,,,,0,google_play,2025-11-30T16:15:08.107712
f3a2435b-8838-4f8a-bdf3-0680c781910e,Dashen,Dashen Bank Mobile,com.dashen.dashensuperapp,3,Some connection issues,Some connection issues,2025-08-12T20:15:33,1.0.16,,,0,google_play,2025-11-30T16:15:08.107712
71670dbe-1de7-4384-822f-cc47f95185d8,Dashen,Dashen Bank Mobile,com.dashen.dashensuperapp,5,So far so good! their in person customer service is amazing 👏,So far so good! their in person customer service is amazing 👏,2025-04-14T14:51:47,1.0.14,,,2,google_play,2025-11-30T16:15:08.107712
a18d6971-00fe-4bc1-b303-7c47e6ab410b,Dashen,Dashen Bank Mobile,com.dashen.dashensuperapp,4,"Simple, Fast and Easy ⭐⭐⭐🎉","Simple, Fast and Easy ⭐⭐⭐🎉",2025-02-10T19:50:05,1.0.7,,,6,google_play,2025-11-30T16:15:08.107712
971db897-312b-4560-998a-aaf867c9aba0,Dashen,Dashen Bank Mobile,com.dashen.dashensuperapp,1,it's very disappointing fix it as soon as possible not expected from dashin bank fix it,it's very disappointing fix it as soon as possible not expected from dashin bank fix it,2025-04-04T19:40:29,1.0.14,,,4,google_play,2025-11-30T16:15:08.107712
50117391-aa47-4c25-b9fa-bda3a861d922,Dashen,Dashen Bank Mobile,com.dashen.dashensuperapp,5,I love it. one of the best mobile banking app in the banking industry,I love it. one of the best mobile banking app in the banking industry,2025-04-21T10:16:54,1.0.15,,,3,google_play,2025-11-30T16:15:08.107712
195107de-6ae9-4adf-bb09-e25c029d6706,Dashen,Dashen Bank Mobile,com.dashen.dashensuperapp,5,easiness to use with fast response time,easiness to use with fast response time,2025-04-21T11:01:20,1.0.15,,,2,google_play,2025-11-30T16:15:08.107712
0e4cf42b-eb22-4a9d-b2f9-e99cfc55dd8b,Dashen,Dashen Bank Mobile,com.dashen.dashensuperapp,5,Dashen supper app is the most special. ይምቾቱ ይለያያል!!!!,Dashen supper app is the most special. ይምቾቱ ይለያያል!!!!,2025-04-21T10:21:54,1.0.14,,,2,google_play,2025-11-30T16:15:08.107712
34f021e1-7017-44b8-b630-9d1dc75bf1db,Dashen,Dashen Bank Mobile,com.dashen.dashensuperapp,5,Dashen supper App is the most useful app for our customers,Dashen supper App is the most useful app for our customers,2025-04-21T10:41:28,1.0.15,,,2,google_play,2025-11-30T16:15:08.107712
afa8745f-7dad-4bdd-9e5b-0d7c19057f9e,Dashen,Dashen Bank Mobile,com.dashen.dashensuperapp,5,"Waw, It's amazing app. thank you Dashen Bank.","Waw, It's amazing app. thank you Dashen Bank.",2025-03-31T15:21:51,1.0.14,,,2,google_play,2025-11-30T16:15:08.107712
963f1643-28ff-462c-88a7-bc9146390102,Dashen,Dashen Bank Mobile,com.dashen.dashensuperapp,5,"Dashen Super App isn’t just an app — it’s an experience. Effortless, powerful, and built for the future","Dashen Super App isn’t just an app — it’s an experience. Effortless, powerful, and built for the future",2025-04-21T13:40:20,1.0.14,,,3,google_play,2025-11-30T16:15:08.107712
43630291-4571-4e34-96d8-1d7ba7d174a9,Dashen,Dashen Bank Mobile,com.dashen.dashensuperapp,5,it so fanrastic and user friendly app. Bravo Dashen bank thanks.,it so fanrastic and user friendly app. Bravo Dashen bank thanks.,2025-04-21T21:53:58,1.0.15,,,2,google_play,2025-11-30T16:15:08.107712
fdcc34cc-699d-46ba-bcde-69f82e340aa4,Dashen,Dashen Bank Mobile,com.dashen.dashensuperapp,5,"easy &,simple to use","easy &,simple to use",2025-04-21T13:06:30,1.0.15,,,2,google_play,2025-11-30T16:15:08.107712
f586fd46-d883-4970-8ae3-dfded1df6aa1,Dashen,Dashen Bank Mobile,com.dashen.dashensuperapp,3,this apps have a good feature but but some features like developer mode turn off irritate user,this apps have a good feature but but some features like developer mode turn off irritate user,2025-03-31T23:13:13,1.0.14,,,3,google_play,2025-11-30T16:15:08.107712
94163742-6825-440b-9f7f-71d8d9d036ed,Dashen,Dashen Bank Mobile,com.dashen.dashensuperapp,5,An app with High performance and advanced features!,An app with High performance and advanced features!,2025-04-21T12:07:14,1.0.15,,,3,google_play,2025-11-30T16:15:08.107712
d797e094-d6fb-4ead-b33a-980b9c5fb93d,Dashen,Dashen Bank Mobile,com.dashen.dashensuperapp,5,It good and easy to use,It good and easy to use,2025-03-11T08:08:03,1.0.13,,,2,google_play,2025-11-30T16:15:08.107712
867ceac0-2b05-4261-86c0-093b58ea0553,Dashen,Dashen Bank Mobile,com.dashen.dashensuperapp,5,It keep my time to pay my bills and I generate my satment easily,It keep my time to pay my bills and I generate my satment easily,2025-04-21T13:50:46,,,,2,google_play,2025-11-30T16:15:08.107712
cad7278a-410d-4eed-805d-d1a942009cc3,Dashen,Dashen Bank Mobile,com.dashen.dashensuperapp,5,"Waw Great and innovated,user friendly, always one step ahead","Waw Great and innovated,user friendly, always one step ahead",2025-01-13T19:01:12,1.0.1,,,28,google_play,2025-11-30T16:15:08.107712
49c926f1-3b4f-48af-8fab-ce09046e20cc,Dashen,Dashen Bank Mobile,com.dashen.dashensuperapp,5,This is the best banking app ever. I recommend everyone to use it.,This is the best banking app ever. I recommend everyone to use it.,2025-04-23T08:06:58,1.0.15,,,2,google_play,2025-11-30T16:15:08.107712
0a6d9811-4c0c-4ac6-9533-0f71215e1a9e,Dashen,Dashen Bank Mobile,com.dashen.dashensuperapp,5,Exellent app with exellent banking system and exellent bank ever,Exellent app with exellent banking system and exellent bank ever,2025-01-21T03:57:30,1.0.4,,,5,google_play,2025-11-30T16:15:08.107712
2b6f2fa5-b5ce-4c1c-adc5-b21429979ae7,Dashen,Dashen Bank Mobile,com.dashen.dashensuperapp,5,Keep up the good work and pleas add water and electric utility payment,Keep up the good work and pleas add water and electric utility payment,2025-02-12T09:32:07,,,,2,google_play,2025-11-30T16:15:08.107712
30ebc149-910a-41be-ac92-fd4e9e002fd1,Dashen,Dashen Bank Mobile,com.dashen.dashensuperapp,5,It looks good and simple to use,It looks good and simple to use,2025-01-14T16:56:03,1.0.1,,,6,google_play,2025-11-30T16:15:08.107712
5bd1a772-544e-4524-a5bc-aa7b5d86f3fd,Dashen,Dashen Bank Mobile,com.dashen.dashensuperapp,1,"It does not work functional ,","It does not work functional ,",2025-02-02T21:04:28,1.0.7,,,5,google_play,2025-11-30T16:15:08.107712
71b44fde-a457-4a5d-bd21-cee994689ee2,Dashen,Dashen Bank Mobile,com.dashen.dashensuperapp,5,nice and best,nice and best,2025-10-10T18:00:07,1.7.4,,,0,google_play,2025-11-30T16:15:08.107712
6a9d5447-10d8-4f6e-abc9-7a3f0ba909f6,Dashen,Dashen Bank Mobile,com.dashen.dashensuperapp,5,A Good and fast supper app thanks for dashen bank,A Good and fast supper app thanks for dashen bank,2025-04-21T10:36:28,1.0.14,,,2,google_play,2025-11-30T16:15:08.107712
caf4a80c-85db-4b49-ab9c-a0b55e152317,Dashen,Dashen Bank Mobile,com.dashen.dashensuperapp,5,Massive upgrade from the Amole app.,Massive upgrade from the Amole app.,2025-05-31T22:04:04,1.0.16,,,0,google_play,2025-11-30T16:15:08.107712
0883eae9-8a3c-4c12-9c99-ce6945b4538b,Dashen,Dashen Bank Mobile,com.dashen.dashensuperapp,5,Better Move to catch the competition up👍,Better Move to catch the competition up👍,2025-01-16T11:44:01,1.0.4,,,4,google_play,2025-11-30T16:15:08.107712
4497c57a-d9e7-4447-87d8-37a117332356,Dashen,Dashen Bank Mobile,com.dashen.dashensuperapp,5,Fastest and easy to use,Fastest and easy to use,2025-01-22T09:03:09,1.0.4,,,6,google_play,2025-11-30T16:15:08.107712
a508c79d-95b9-4133-a32b-095e1bf3c75c,Dashen,Dashen Bank Mobile,com.dashen.dashensuperapp,1,i dont like it,i dont like it,2025-09-27T10:49:14,1.5.8,,,0,google_play,2025-11-30T16:15:08.107712
79e31cae-3560-497e-af19-327dd7ee607f,Dashen,Dashen Bank Mobile,com.dashen.dashensuperapp,5,Dashen is the Future,Dashen is the Future,2025-09-27T09:42:59,1.7.4,,,1,google_play,2025-11-30T16:15:08.107712
3dff5082-039f-40a3-8d75-11dbf6ed6f44,Dashen,Dashen Bank Mobile,com.dashen.dashensuperapp,5,very nise good,very nise good,2025-10-30T14:17:37,1.7.4,,,0,google_play,2025-11-30T16:15:08.107712
f6ad312f-15c3-43bb-b291-f8a8e35e331e,Dashen,Dashen Bank Mobile,com.dashen.dashensuperapp,5,It is an amazing application that meets the needs of customers.,It is an amazing application that meets the needs of customers.,2025-04-22T07:51:42,1.0.14,,,2,google_play,2025-11-30T16:15:08.107712
d1c22383-7e9c-4130-923f-b69817109b3b,Dashen,Dashen Bank Mobile,com.dashen.dashensuperapp,5,I am so thankful for having this best app Dashen one step ahead,I am so thankful for having this best app Dashen one step ahead,2025-02-04T13:04:14,1.0.7,,,7,google_play,2025-11-30T16:15:08.107712
703187ba-cd29-46c8-9bdf-bdfd54668e67,Dashen,Dashen Bank Mobile,com.dashen.dashensuperapp,5,i am using,i am using,2025-11-05T11:21:24,1.7.4,,,0,google_play,2025-11-30T16:15:08.107712
b9c85a77-6315-4df3-844d-63d6e0fba45b,Dashen,Dashen Bank Mobile,com.dashen.dashensuperapp,5,wow dashen bank,wow dashen bank,2025-11-03T08:52:11,1.7.4,,,0,google_play,2025-11-30T16:15:08.107712
2e58305b-5b99-4fc5-b4f0-1be5623a0558,Dashen,Dashen Bank Mobile,com.dashen.dashensuperapp,1,worst app ever,worst app ever,2025-11-05T13:34:32,1.7.4,,,0,google_play,2025-11-30T16:15:08.107712
6865f69e-cc69-42db-941a-85cc16ce6bf8,Dashen,Dashen Bank Mobile,com.dashen.dashensuperapp,1,betam kerfafa naw,betam kerfafa naw,2025-11-05T14:47:58,1.7.4,,,0,google_play,2025-11-30T16:15:08.107712
3371e672-aa09-45c0-9ae6-ec3d4e3e827a,Dashen,Dashen Bank Mobile,com.dashen.dashensuperapp,1,"The app is not working properly, I have been using it.","The app is not working properly, I have been using it.",2025-04-10T11:42:10,1.0.14,,,2,google_play,2025-11-30T16:15:08.107712
ff71d5f8-bdbf-4b53-a703-ad24bc5eda84,Dashen,Dashen Bank Mobile,com.dashen.dashensuperapp,1,un functional app,un functional app,2025-08-29T08:35:13,1.5.8,,,1,google_play,2025-11-30T16:15:08.107712
49a94407-511c-4ae6-9446-d027a00f5e8a,Dashen,Dashen Bank Mobile,com.dashen.dashensuperapp,1,"worst app ever and by any chance your account is deactivated, you are doomed","worst app ever and by any chance your account is deactivated, you are doomed",2025-06-27T09:12:57,1.0.16,,,1,google_play,2025-11-30T16:15:08.107712
2097ddd0-1596-48a5-8c9c-5981d82c9ac2,Dashen,Dashen Bank Mobile,com.dashen.dashensuperapp,1,sometimes is not working to be honest,sometimes is not working to be honest,2025-08-01T12:29:39,1.0.16,,,1,google_play,2025-11-30T16:15:08.107712
f20f3b43-9df9-4149-b656-dae1b4bbde38,Dashen,Dashen Bank Mobile,com.dashen.dashensuperapp,5,Dashen Bank super app is the best app,Dashen Bank super app is the best app,2025-08-05T06:33:33,1.0.16,,,0,google_play,2025-11-30T16:15:08.107712
78a694a1-8f38-4796-a4fc-0310a8c0a031,Dashen,Dashen Bank Mobile,com.dashen.dashensuperapp,5,it is the best,it is the best,2025-10-11T08:45:43,1.7.4,,,0,google_play,2025-11-30T16:15:08.107712
1e865933-282f-4ea1-98f5-98c08d95a40f,Dashen,Dashen Bank Mobile,com.dashen.dashensuperapp,5,wawwwww what nice super app !!keep it up dashen bank !!,wawwwww what nice super app !!keep it up dashen bank !!,2025-04-21T18:14:21,1.0.15,,,2,google_play,2025-11-30T16:15:08.107712
02b493af-68e8-4109-95e9-38dfce50d742,Dashen,Dashen Bank Mobile,com.dashen.dashensuperapp,5,smooth and easy!!!,smooth and easy!!!,2025-11-14T11:42:09,,,,0,google_play,2025-11-30T16:15:08.107712
67218c11-6089-4be4-a26b-801ef1c9df87,Dashen,Dashen Bank Mobile,com.dashen.dashensuperapp,5,"Good actually , but it have to WORK when developer option is on 🙏","Good actually , but it have to WORK when developer option is on 🙏",2025-04-21T11:49:32,,,,2,google_play,2025-11-30T16:15:08.107712
6e114d46-b6cd-4ac4-9b39-611be7092468,Dashen,Dashen Bank Mobile,com.dashen.dashensuperapp,5,Best Mobile Banking App in Ethiopia .,Best Mobile Banking App in Ethiopia .,2025-11-11T15:42:25,,,,0,google_play,2025-11-30T16:15:08.107712
d5e77822-77c3-4c94-b062-4c36c8b6e210,Dashen,Dashen Bank Mobile,com.dashen.dashensuperapp,5,it's good but is not fast,it's good but is not fast,2025-11-09T14:40:07,,,,0,google_play,2025-11-30T16:15:08.107712
2ccfdda8-3a7e-4c83-a336-837799716a01,Dashen,Dashen Bank Mobile,com.dashen.dashensuperapp,1,it's too slow,it's too slow,2025-11-01T10:50:25,,,,0,google_play,2025-11-30T16:15:08.107712
77f5b29c-a280-491e-a189-9294bb1dcc4b,Dashen,Dashen Bank Mobile,com.dashen.dashensuperapp,5,"one step forward, Ethiopian bank and e commerce industry","one step forward, Ethiopian bank and e commerce industry",2025-08-15T10:45:06,1.5.5,,,0,google_play,2025-11-30T16:15:08.107712
125057ca-c7fb-4c34-a7d1-a2cbe0d1b369,Dashen,Dashen Bank Mobile,com.dashen.dashensuperapp,5,Very easy and Fast.,Very easy and Fast.,2025-04-24T10:37:47,1.0.4,,,1,google_play,2025-11-30T16:15:08.107712
3a7cd664-6247-442c-b273-a913dc7cc30b,Dashen,Dashen Bank Mobile,com.dashen.dashensuperapp,2,The app is good but it ask update every week so tiring,The app is good but it ask update every week so tiring,2025-03-11T12:41:47,1.0.14,,,1,google_play,2025-11-30T16:15:08.107712
811f3549-2ca4-43f3-b03a-f0aff42e4b37,Dashen,Dashen Bank Mobile,com.dashen.dashensuperapp,5,"its amazing app, visually stunning","its amazing app, visually stunning",2025-09-26T19:44:46,,,,0,google_play,2025-11-30T16:15:08.107712
b88fa79d-d681-4e41-8994-88bd84e50d24,Dashen,Dashen Bank Mobile,com.dashen.dashensuperapp,5,this is what we expect to get service Dashen Bank always like his slogan,this is what we expect to get service Dashen Bank always like his slogan,2025-04-21T10:28:14,1.0.15,,,2,google_play,2025-11-30T16:15:08.107712
9a583630-4540-44cb-8488-cf58211da392,Dashen,Dashen Bank Mobile,com.dashen.dashensuperapp,1,it is not as good as to the other mobile bank app.,it is not as good as to the other mobile bank app.,2025-05-22T18:35:38,,,,1,google_play,2025-11-30T16:15:08.107712
2d86848c-b71b-4419-871c-42ad60f1abfe,Dashen,Dashen Bank Mobile,com.dashen.dashensuperapp,5,it is incredible product.,it is incredible product.,2025-04-23T15:09:24,1.0.15,,,1,google_play,2025-11-30T16:15:08.107712
6da6a076-6a01-4e58-b8aa-de2969a2a505,Dashen,Dashen Bank Mobile,com.dashen.dashensuperapp,1,bad specialy at weekends,bad specialy at weekends,2025-09-07T07:58:16,1.5.4,,,0,google_play,2025-11-30T16:15:08.107712
4ca0ede2-4259-4cec-a958-71d3a7555715,Dashen,Dashen Bank Mobile,com.dashen.dashensuperapp,1,no working for me hulum information asgebiche continue or accept yemilew button ayeseram my phone is Samsung A51,no working for me hulum information asgebiche continue or accept yemilew button ayeseram my phone is Samsung A51,2025-04-21T04:48:55,1.0.15,,,2,google_play,2025-11-30T16:15:08.107712
871a74e7-f701-4c92-83e1-d6bc659a397d,Dashen,Dashen Bank Mobile,com.dashen.dashensuperapp,5,Faster and userfriendly,Faster and userfriendly,2025-01-14T09:38:11,1.0.1,,,15,google_play,2025-11-30T16:15:08.107712
fe52deb6-a04e-457e-a84a-4946e5c13f89,Dashen,Dashen Bank Mobile,com.dashen.dashensuperapp,5,this app is outstanding,this app is outstanding,2025-10-01T18:02:30,1.5.8,,,0,google_play,2025-11-30T16:15:08.107712
86f17281-1a7a-4ae7-be9f-c2130ab31b88,Dashen,Dashen Bank Mobile,com.dashen.dashensuperapp,1,it doesn't let me open my account,it doesn't let me open my account,2025-10-12T10:28:43,1.0.15,,,0,google_play,2025-11-30T16:15:08.107712
f0c3ab74-087f-43bd-ab00-fe80b34e864a,Dashen,Dashen Bank Mobile,com.dashen.dashensuperapp,5,it is the most amazing mobile app,it is the most amazing mobile app,2025-04-21T10:40:59,1.0.15,,,2,google_play,2025-11-30T16:15:08.107712
d61a5b09-39d5-4502-b270-15c6ad04f19c,Dashen,Dashen Bank Mobile,com.dashen.dashensuperapp,5,"To be honest, best banking and lifestyle app in Ethiopia.","To be honest, best banking and lifestyle app in Ethiopia.",2025-05-12T15:03:18,,,,1,google_play,2025-11-30T16:15:08.107712
2f7f02c0-8c37-48a2-880d-da85a2945e1c,Dashen,Dashen Bank Mobile,com.dashen.dashensuperapp,4,still it's essay for user,still it's essay for user,2025-08-15T10:04:31,1.5.5,,,0,google_play,2025-11-30T16:15:08.107712
203bd4d9-feda-4edd-b09b-40bc36bb84d8,Dashen,Dashen Bank Mobile,com.dashen.dashensuperapp,5,very good compared to Amole!,very good compared to Amole!,2025-07-13T22:08:44,1.0.16,,,0,google_play,2025-11-30T16:15:08.107712
ac9acf91-3777-4db6-8c23-3bd90cb9c83c,Dashen,Dashen Bank Mobile,com.dashen.dashensuperapp,5,Why isn't this app working?,Why isn't this app working?,2025-07-29T16:41:54,1.0.16,,,0,google_play,2025-11-30T16:15:08.107712
e63aa85d-85a4-46d0-9b4e-b3048c3c0c02,Dashen,Dashen Bank Mobile,com.dashen.dashensuperapp,5,good job my dashen super app,good job my dashen super app,2025-08-12T20:33:21,1.0.16,,,0,google_play,2025-11-30T16:15:08.107712
8151dac5-6706-4c18-b538-5c3882c8b679,Dashen,Dashen Bank Mobile,com.dashen.dashensuperapp,5,best but USSD is necessary,best but USSD is necessary,2025-08-15T12:38:28,1.5.5,,,0,google_play,2025-11-30T16:15:08.107712
c25b35d2-35dd-4347-a520-99471d7b1066,Dashen,Dashen Bank Mobile,com.dashen.dashensuperapp,5,very good for this app,very good for this app,2025-05-31T20:03:18,1.0.16,,,0,google_play,2025-11-30T16:15:08.107712
6cd59c87-dcb4-4bd7-9d02-76ca304d2172,Dashen,Dashen Bank Mobile,com.dashen.dashensuperapp,3,safe and secure,safe and secure,2025-09-18T08:52:51,,,,0,google_play,2025-11-30T16:15:08.107712
bc906d9b-9f75-4dae-a5bf-c5e2a17e8a6e,Dashen,Dashen Bank Mobile,com.dashen.dashensuperapp,1,alway slow loading,alway slow loading,2025-06-30T14:02:41,1.0.16,,,0,google_play,2025-11-30T16:15:08.107712
e57361d3-fa19-484c-869e-02d738a5280b,Dashen,Dashen Bank Mobile,com.dashen.dashensuperapp,5,best app with best bank,best app with best bank,2025-07-02T13:20:06,1.0.16,,,0,google_play,2025-11-30T16:15:08.107712
3323ffef-d180-4eb7-b358-7f00cb41d9fc,Dashen,Dashen Bank Mobile,com.dashen.dashensuperapp,5,"Appreciated, Always one step ahead!","Appreciated, Always one step ahead!",2025-09-26T15:20:45,,,,0,google_play,2025-11-30T16:15:08.107712
1fe734ce-edc7-43ea-af25-4f0dd9ef09ea,Dashen,Dashen Bank Mobile,com.dashen.dashensuperapp,3,slowest banking app ever used,slowest banking app ever used,2025-08-07T08:37:19,1.0.16,,,1,google_play,2025-11-30T16:15:08.107712
7c796f6e-2c5e-4fc3-9877-9d6d6055e354,Dashen,Dashen Bank Mobile,com.dashen.dashensuperapp,5,all in one super app,all in one super app,2025-07-21T10:16:00,1.0.16,,,0,google_play,2025-11-30T16:15:08.107712
030ff419-ef33-4724-afcc-3ca530dab0f5,Dashen,Dashen Bank Mobile,com.dashen.dashensuperapp,5,all of dashen bank customers use the application it is good to use,all of dashen bank customers use the application it is good to use,2025-02-01T19:57:58,1.0.7,,,4,google_play,2025-11-30T16:15:08.107712
173957b9-fba2-4a7e-b9bc-ec34bbe0b52a,Dashen,Dashen Bank Mobile,com.dashen.dashensuperapp,5,it was amazing app.....thank you dashen bank....,it was amazing app.....thank you dashen bank....,2025-01-30T21:28:41,1.0.6,,,4,google_play,2025-11-30T16:15:08.107712
e18544eb-d622-47eb-8d7d-ef3bf4df0a10,Dashen,Dashen Bank Mobile,com.dashen.dashensuperapp,5,Better and inclusive app!,Better and inclusive app!,2025-04-21T14:05:09,1.0.14,,,2,google_play,2025-11-30T16:15:08.107712
f539096f-c091-4424-9f29-8b1de5bcd809,Dashen,Dashen Bank Mobile,com.dashen.dashensuperapp,5,Wow! like his name Super App...,Wow! like his name Super App...,2025-04-21T10:22:53,1.0.15,,,2,google_play,2025-11-30T16:15:08.107712
a36489c7-0091-4e07-897f-78168bcb64b4,Dashen,Dashen Bank Mobile,com.dashen.dashensuperapp,5,The best app ever in finance sector,The best app ever in finance sector,2025-05-18T21:01:50,1.0.16,,,0,google_play,2025-11-30T16:15:08.107712
bb72bc30-a3bb-468f-ad15-1ca88c7897ae,Dashen,Dashen Bank Mobile,com.dashen.dashensuperapp,5,"The best of best is now arrived **Empowering Your Financial Freedom** ""Experience seamless banking at your fingertips with Dashen Bank. Empowering your financial freedom, anytime, anywhere!"" **Innovation Meets Convenience** ""Dashen Bank Mobile Banking: Where innovation meets convenience. **Secure and Reliable** ""Bank with confidence","The best of best is now arrived **Empowering Your Financial Freedom** ""Experience seamless banking at your fingertips with Dashen Bank. Empowering your financial freedom, anytime, anywhere!"" **Innovation Meets Convenience** ""Dashen Bank Mobile Banking: Where innovation meets convenience. **Secure and Reliable** ""Bank with confidence",2025-05-22T08:42:22,1.0.16,,,3,google_play,2025-11-30T16:15:08.107712
386c3a7b-275d-436c-a83b-af805c1cc4ac,Dashen,Dashen Bank Mobile,com.dashen.dashensuperapp,5,Best- in-class app.,Best- in-class app.,2025-04-21T10:21:02,1.0.15,,,3,google_play,2025-11-30T16:15:08.107712
0af7f66d-ac1b-46c8-866a-afbed0f5ed57,Dashen,Dashen Bank Mobile,com.dashen.dashensuperapp,2,why does it ask me for both pin and opt even the opt is touch let alone both,why does it ask me for both pin and opt even the opt is touch let alone both,2025-04-02T14:02:36,1.0.14,,,1,google_play,2025-11-30T16:15:08.107712
e29fbbc4-6bf3-4ee8-82c7-bec09e75ae63,Dashen,Dashen Bank Mobile,com.dashen.dashensuperapp,5,oh nice!!! i wish it's very nice app,oh nice!!! i wish it's very nice app,2025-01-14T18:50:29,1.0.1,,,5,google_play,2025-11-30T16:15:08.107712
21885f99-6abd-43d1-8bda-9b9c135a01ed,Dashen,Dashen Bank Mobile,com.dashen.dashensuperapp,5,The most good app and easy,The most good app and easy,2025-01-16T21:14:01,1.0.4,,,3,google_play,2025-11-30T16:15:08.107712
7bb4cd6c-66c5-4ac6-bae7-4231c6e67f3d,Dashen,Dashen Bank Mobile,com.dashen.dashensuperapp,5,The best Banking app I have ever seen,The best Banking app I have ever seen,2025-01-14T16:57:03,1.0.1,,,5,google_play,2025-11-30T16:15:08.107712
f86b4755-e62d-4f13-86f5-adf5bdf4105a,Dashen,Dashen Bank Mobile,com.dashen.dashensuperapp,5,Always one step a head!,Always one step a head!,2025-01-15T08:26:27,1.0.1,,,4,google_play,2025-11-30T16:15:08.107712
7b265fe3-1e03-425b-9b06-41bafe966fc3,Dashen,Dashen Bank Mobile,com.dashen.dashensuperapp,5,"It's an amazing app, experience it!!","It's an amazing app, experience it!!",2025-04-23T09:41:16,1.0.15,,,2,google_play,2025-11-30T16:15:08.107712
9dd7083b-d295-42f5-b18f-f11dc02839a7,Dashen,Dashen Bank Mobile,com.dashen.dashensuperapp,5,its features are so dynamic,its features are so dynamic,2025-04-22T13:30:51,1.0.15,,,2,google_play,2025-11-30T16:15:08.107712
cbfa6f44-6387-46f5-8c57-005106a7f33f,Dashen,Dashen Bank Mobile,com.dashen.dashensuperapp,1,why do i have to change a pin number i use my finger print so dummy,why do i have to change a pin number i use my finger print so dummy,2025-04-27T03:44:20,1.0.15,,,2,google_play,2025-11-30T16:15:08.107712
b2730fe5-571b-4fcd-8a66-24f872b7b8bb,Dashen,Dashen Bank Mobile,com.dashen.dashensuperapp,4,The app is good but it has no USSD option,The app is good but it has no USSD option,2025-03-13T08:28:45,1.0.14,,,1,google_play,2025-11-30T16:15:08.107712
b6417689-7817-4d01-9dac-77337118d8a5,Dashen,Dashen Bank Mobile,com.dashen.dashensuperapp,5,Great App Well done Dashen Bank,Great App Well done Dashen Bank,2025-01-15T20:06:06,1.0.4,,,3,google_play,2025-11-30T16:15:08.107712
80908e03-2856-4e22-84ed-a70b53d96a41,Dashen,Dashen Bank Mobile,com.dashen.dashensuperapp,5,"It's an amazing app that is up-to-date with the times, wow wow","It's an amazing app that is up-to-date with the times, wow wow",2025-04-21T13:43:50,1.0.14,,,2,google_play,2025-11-30T16:15:08.107712
c6e938b5-244e-472c-ade8-811e02984c65,Dashen,Dashen Bank Mobile,com.dashen.dashensuperapp,5,Always one step forward,Always one step forward,2025-01-15T17:51:06,1.0.4,,,3,google_play,2025-11-30T16:15:08.107712
5e6ff839-abc2-4b30-a8b4-e0f331da29d1,Dashen,Dashen Bank Mobile,com.dashen.dashensuperapp,4,this app better than Amole . but the biometric on new update doesn't work,this app better than Amole . but the biometric on new update doesn't work,2025-05-31T11:24:07,1.0.16,,,1,google_play,2025-11-30T16:15:08.107712
adb74398-cf2d-4c18-aff4-72412cfe8c51,Dashen,Dashen Bank Mobile,com.dashen.dashensuperapp,5,very comfortable app keep it,very comfortable app keep it,2025-04-21T11:28:51,1.0.15,,,2,google_play,2025-11-30T16:15:08.107712
495ede3b-26fc-497e-8409-7717affaf3f6,Dashen,Dashen Bank Mobile,com.dashen.dashensuperapp,5,Needs some improvement,Needs some improvement,2025-01-20T14:49:52,1.0.4,,,2,google_play,2025-11-30T16:15:08.107712
cf3081c5-a6d9-4481-80de-c990cf6b9784,Dashen,Dashen Bank Mobile,com.dashen.dashensuperapp,5,best platform... Please avoid otp,best platform... Please avoid otp,2025-02-21T06:28:04,,,,2,google_play,2025-11-30T16:15:08.107712
f2852962-b983-44af-b296-241a3373477f,Dashen,Dashen Bank Mobile,com.dashen.dashensuperapp,5,excellent game changer App,excellent game changer App,2025-05-08T10:07:07,1.0.16,,,1,google_play,2025-11-30T16:15:08.107712
115f7455-45c0-483c-b690-0e83dada584b,Dashen,Dashen Bank Mobile,com.dashen.dashensuperapp,1,useless app ever loading take long,useless app ever loading take long,2025-05-27T08:19:32,,,,3,google_play,2025-11-30T16:15:08.107712
07855205-ebce-419e-ab28-34d0a7b7373e,Dashen,Dashen Bank Mobile,com.dashen.dashensuperapp,1,it's Be Come Busy &not working good,it's Be Come Busy &not working good,2025-03-20T00:36:52,1.0.14,,,1,google_play,2025-11-30T16:15:08.107712
8a3f027a-9427-4cd2-901b-6fff9659d994,Dashen,Dashen Bank Mobile,com.dashen.dashensuperapp,5,convenient and fast,convenient and fast,2025-04-21T10:21:49,1.0.15,,,3,google_play,2025-11-30T16:15:08.107712
122c3323-11c7-4f8e-a842-57272e0b80e3,Dashen,Dashen Bank Mobile,com.dashen.dashensuperapp,1,too slow to use.,too slow to use.,2025-03-26T06:36:38,1.0.14,,,4,google_play,2025-11-30T16:15:08.107712
99157497-80f6-4302-9987-a61fb2d35d8b,Dashen,Dashen Bank Mobile,com.dashen.dashensuperapp,5,excellent mobile banking app,excellent mobile banking app,2025-04-21T10:23:00,1.0.15,,,2,google_play,2025-11-30T16:15:08.107712
e0e5b98d-5942-4c79-8610-4206edfdf353,Dashen,Dashen Bank Mobile,com.dashen.dashensuperapp,5,fast &Friendly user Application.,fast &Friendly user Application.,2025-04-22T12:53:47,1.0.14,,,2,google_play,2025-11-30T16:15:08.107712
