review_id,review,sentiment_label,sentiment_score,themes,bank
28f229b5-0026-41b9-a1eb-b76e74736f63,Make it user friendly.,positive,0.4939,['UI/UX & Features'],CBE
68d8daea-db47-4e23-a692-755173dea983,maaliif daddafee install gaafata,neutral,0.0,['Other'],CBE
ee0dbb0e-4eb0-47b5-9874-c37877493f99,good app,positive,0.4404,"['UI/UX & Features', 'Overall Feedback']",CBE
5112423d-e618-44ba-ba49-62677cb76cd6,This application is very important and advantage for transfer of money and finance in the coutry and foriegn country.,positive,0.5198,"['Transactions & Performance', 'UI/UX & Features']",CBE
bcb34681-1dd4-4781-b400-4393bb10b1d9,why didn't work this app?,neutral,0.0,['UI/UX & Features'],CBE
c69f051a-00f8-4144-8423-b7ebcd328d2d,The app makes our life easier. Thank you CBE!,positive,0.68,"['UI/UX & Features', 'Customer Support']",CBE
d2995fb9-63c6-4bfc-8d3c-93a0ee9dba8f,this app very bad 👎,negative,-0.5849,"['UI/UX & Features', 'Overall Feedback']",CBE
f8002d06-b5c5-4ed1-9d51-a9a379304cf8,the most advanced app. but how to stay safe?,positive,0.6701,['UI/UX & Features'],CBE
81000db5-aa51-467e-826c-fc96160e96a8,Good application,positive,0.4404,"['UI/UX & Features', 'Overall Feedback']",CBE
3d88a334-958c-4717-9f97-c5d46359e054,It is nice app,positive,0.4215,['UI/UX & Features'],CBE
99d376ea-4824-4af9-a093-27360acc3a5c,best,positive,0.6369,['Other'],CBE
f1861daf-a1ed-407a-9e7c-295edbb3877d,good app,positive,0.4404,"['UI/UX & Features', 'Overall Feedback']",CBE
fd178fb7-7026-4d02-98a0-5c86c3bd56f5,"it suddenly asked me to enter the verification key I received. and it (*get your verification key from the nearest CBE Branch*) Now I'm in Australia, what do you expect me to do???! There is no nearest or furthermost cbe Branch!! SO FRUSTRATING! How can I manage my bank account now????",negative,-0.8979,['Account & Access Issues'],CBE
571c66c6-fd18-437b-b8e5-8c443e9db2df,nice app...,positive,0.4215,['UI/UX & Features'],CBE
7b5b3f8c-a0f4-4a15-973a-ff5971ad15fb,very good banking service and fast service,positive,0.4927,"['Customer Support', 'Overall Feedback']",CBE
3a75b79a-002f-4fc2-b6f0-dd8d187e8663,thanks blc this app help me to use all time,positive,0.6808,"['Transactions & Performance', 'UI/UX & Features', 'Customer Support']",CBE
6518498e-441c-407d-b546-35a12a98645a,good,positive,0.4404,['Overall Feedback'],CBE
f2f0cff2-6181-4a3a-926f-5b3491ca4cf8,why we can't send money to other people telebirr wallets??,neutral,0.0,['Other'],CBE
00b0b11a-7698-4ce2-8d6e-e6166ee2a39b,አታፍሩም ግን ለ15 birr 11.50 ብር ስትቆርጡ ይስተካከልልን,neutral,0.0,['Other'],CBE
ad22eeae-dc82-4954-983c-472a262ddc6a,በጣም ቀላልና ምቹ ነው።,neutral,0.0,['Other'],CBE
ad9f4094-ff79-4353-a8b0-d00cfba75ed5,wow,positive,0.5859,['Overall Feedback'],CBE
07a6da77-35b8-4ea4-8138-90770842ff0e,good,positive,0.4404,['Overall Feedback'],CBE
cd144ce6-efeb-41c2-8247-e57a64bb0181,nice,positive,0.4215,['UI/UX & Features'],CBE
8d4577a0-0e73-4113-9479-5764db25dcb7,you are the reason why i got ye chogara himem,neutral,0.0,['Other'],CBE
f077c10c-a958-4812-a779-1077c52fbf45,it is so smart app i recommend it for everyone,positive,0.7177,['UI/UX & Features'],CBE
efddfaa5-0542-45ef-80ae-8183cf70bdb0,excellent,positive,0.5719,['Overall Feedback'],CBE
3a277a8e-a6b2-4dac-adb4-8fb592d1c859,good,positive,0.4404,['Overall Feedback'],CBE
2c2a42d8-dad4-4935-bc1b-e5960c9a6e33,ዳጊ,neutral,0.0,['Other'],CBE
83111490-271d-4491-9b82-8d8ddf3afb26,absolutely right,neutral,0.0,['Other'],CBE
f2bad133-c6ea-4fd5-bc97-1e3fbba1c2c9,good app,positive,0.4404,"['UI/UX & Features', 'Overall Feedback']",CBE
6e1b6127-57b8-44a9-ab08-cdf7e0782c7d,mid application it's so annoying,negative,-0.541,['UI/UX & Features'],CBE
d4184dff-ee60-4895-846f-13872d75735a,I used morethan one year,neutral,0.0,['UI/UX & Features'],CBE
807ff291-9236-45ca-8c37-3028ef08f388,no word can explane about this app it is nice 👍👍👍👍👍,positive,0.1531,['UI/UX & Features'],CBE
afc51143-03ed-4129-b47b-fd1eaad21b07,"It's great app,I love this app",positive,0.8519,"['UI/UX & Features', 'Overall Feedback']",CBE
ad11fbc9-52cc-48f3-adc4-d348a5194089,Nice,positive,0.4215,['UI/UX & Features'],CBE
942e6ee2-44c6-45f8-b978-01e9b62d001f,suckkkks,neutral,0.0,['Other'],CBE
9b9850c0-7914-49c8-a51c-7265775accfe,not allowing to transfer and showing current statement updates.,neutral,0.0,['Transactions & Performance'],CBE
9094dfc5-ed8d-4ab9-8605-0f5681a5ee8e,I love you this app,positive,0.6369,"['UI/UX & Features', 'Overall Feedback']",CBE
3c30aa12-7f92-49c8-8986-69ed8b81f79f,"fast and convenient app, thanks for your dedication as a bank to provide good options to your cuatomers.",positive,0.7003,"['Account & Access Issues', 'UI/UX & Features', 'Customer Support', 'Overall Feedback']",CBE
48d2b2a8-40ea-47bc-b524-322d0d7bf7e4,make life easy,positive,0.4404,['UI/UX & Features'],CBE
b9b4ccbb-9d0b-4d61-b7b5-90f5d83b3838,securr,neutral,0.0,['Other'],CBE
b81fb6db-71c3-4009-9324-fe187120823c,My most optional bank,neutral,0.0,['Account & Access Issues'],CBE
370d336c-0c66-4ea8-a043-d044d4560101,5 star,neutral,0.0,['Other'],CBE
9b4043ef-a80d-4e57-bbad-1b2784dc4c45,it is fantastic app.,positive,0.5574,['UI/UX & Features'],CBE
c384e116-009b-4ff7-85fc-5d0f10f68cda,excellent,positive,0.5719,['Overall Feedback'],CBE
3f06e0e7-cb06-42f1-b61c-2bd59d7713af,sifen,neutral,0.0,['Other'],CBE
4f5a3389-5bda-4229-a5d3-4b749fc05764,i like this√,positive,0.3612,['Other'],CBE
58bd2807-7583-4142-bd14-75e98e1dcda3,Ok,positive,0.296,['Other'],CBE
7a9182e8-718b-4529-a7f3-aadaf46f1493,ጥሩ App ነዉ ። የኔ የግል አስተያየት- Update ወይንም cache cleaning app ሲደረግ ለምንድነዉ ደግመን login ስናደርግ Restricted ሚያደርገዉ ቢስተካከል እንደ ሀሳብ ጥሩ ነዉ። በዛላይ ድጋሚ አክቲቬት ለማስደረግ ከፍለን ..,negative,-0.3818,['UI/UX & Features'],CBE
a9d5aab4-636f-4392-8bc6-ccad890de66e,"Seriously, what’s going on with this app? The ""Pay to Beneficiary"" option is completely disabled for Android users, yet iOS users get full access without restrictions. Why are Android users being treated like second class customers? It’s the same app, the same service, but clearly not the same experience. This kind of platform bias is unacceptable, either give everyone the same features or be transparent about why you’re limiting functionality. Right now, it just feels unfair and frustrating.",negative,-0.8466,"['Account & Access Issues', 'UI/UX & Features', 'Customer Support']",CBE
a18b512c-7431-4903-9cc3-1002cf449cff,Like,positive,0.3612,['Other'],CBE
7bdc58ea-d854-4b9c-9748-642bada48ecd,Nice and very useful app i like it!,positive,0.831,['UI/UX & Features'],CBE
dde272da-1847-40d2-98c4-dcb5e19e7eac,good,positive,0.4404,['Overall Feedback'],CBE
96f98a42-ec49-4dbf-b37d-216f6770a700,Good,positive,0.4404,['Overall Feedback'],CBE
490c7067-5296-4df0-902e-67a6707a1506,Good,positive,0.4404,['Overall Feedback'],CBE
1315ef77-540f-4b87-9b6a-7868f1a343e0,smart app,positive,0.4019,['UI/UX & Features'],CBE
82c43412-9579-4b3c-b17e-702aef388e16,good App,positive,0.4404,"['UI/UX & Features', 'Overall Feedback']",CBE
34d6492b-f6e7-42ed-851a-348ab215c36a,sync problem may 22 2025 but the date stack on may 8 2025 help pls,positive,0.4854,['Transactions & Performance'],CBE
cd12a5ee-2573-44e9-81ea-de8118bb8fa2,ok,positive,0.296,['Other'],CBE
b4a45bdc-60cc-4355-92f7-9291f8c59ee5,cbe is my choice,neutral,0.0,['Other'],CBE
f7a289b4-7031-4d28-abb6-8b292f52241e,Awesome,positive,0.6249,['Other'],CBE
60963970-3671-488b-8810-3b3edaddf571,I am not able to transfer. The app is not responding,neutral,0.0,"['Transactions & Performance', 'UI/UX & Features']",CBE
e9c4773a-03ec-4623-9c97-32370e43cc66,Very convenient App,neutral,0.0,['UI/UX & Features'],CBE
8b783bea-df08-43e8-915f-c459fb841a11,excellent but sometimes can not connect,positive,0.3291,"['Transactions & Performance', 'Overall Feedback']",CBE
5623e102-0f25-4444-96f2-9e4f96e6994b,good app,positive,0.4404,"['UI/UX & Features', 'Overall Feedback']",CBE
8c0c3699-3b4d-4b4c-bf9b-cf6f34d7e617,wow apk,positive,0.5859,['Overall Feedback'],CBE
95c51b5c-93b3-40dc-b10d-7ea07b503570,best 100 %,positive,0.6369,['Other'],CBE
57e7e490-7e00-49b4-85ce-02df5c180255,bad app,negative,-0.5423,"['UI/UX & Features', 'Overall Feedback']",CBE
511966b6-2575-4189-b96d-62b0af2bb5ba,best app,positive,0.6369,['UI/UX & Features'],CBE
4a33e0ac-be2f-4da7-a573-5b66581b15d9,wow,positive,0.5859,['Overall Feedback'],CBE
6cc81f72-bf2d-4406-bd58-d2b16058b713,nice app,positive,0.4215,['UI/UX & Features'],CBE
19466a41-ca52-4cb0-a343-a6db9296cef7,bad app,negative,-0.5423,"['UI/UX & Features', 'Overall Feedback']",CBE
6e59b9f4-f3f4-4481-8cea-cf0e7d58e220,the app constantly glitches and won't stop loading despite having a decent connection and a cleared cache. telebirr is way better,positive,0.6355,['UI/UX & Features'],CBE
ef00529e-94ab-4df9-a7e0-2bee0d213f49,I can't access it properly I think it needs update,neutral,0.0,['Other'],CBE
906a1d95-30d1-47ca-bbe9-8fb33460c535,👌👌,positive,0.9055,['Other'],CBE
e9425647-f1d3-4f35-87e5-e8984ba5cce4,best 👌,positive,0.8842,['Other'],CBE
8a6f01b8-04dd-4c38-9148-1e46f828cc3d,good,positive,0.4404,['Overall Feedback'],CBE
f23eb6ac-a9fb-4df1-95c3-9441fb34d0dd,not Refresh,neutral,0.0,['Other'],CBE
22a15e60-01d4-4c7d-8405-fc4daf00de55,your statement is not used as wanted,neutral,0.0,['UI/UX & Features'],CBE
3f27b2bb-4631-41e2-acb5-beaab2285532,good very good,positive,0.7264,['Overall Feedback'],CBE
e83b2d32-a305-4408-9c87-40f05b650185,this is absolute trash why because it's not Woking most time the servers are down even though I'm using 4g data Internet they steal not working they use to work with out even data package now it's trash can't even send money,negative,-0.4939,"['Transactions & Performance', 'UI/UX & Features']",CBE
a39b1093-9058-4d1e-a200-7347cb946677,good app,positive,0.4404,"['UI/UX & Features', 'Overall Feedback']",CBE
fb2f9d25-5520-48c5-9c21-88e7523bfb61,Bayeee galatooma kana caalati nu gammachisa 🌏🤌🏻💴💸🥰👌🏻🙏🏻,positive,0.9251,['Other'],CBE
be813f1d-5060-452f-be52-f2b39fceff63,Good !,positive,0.4926,['Overall Feedback'],CBE
65e917f9-f327-427f-bc75-a7ec2ec45687,i like it,positive,0.3612,['Other'],CBE
3f4797ed-7cfa-494f-b83d-3ac99d0d8416,Very nice app,positive,0.4754,['UI/UX & Features'],CBE
e12a96bf-137e-4fcb-9b10-5933a6b8dedd,the app is not functional this week.,neutral,0.0,['UI/UX & Features'],CBE
a2e6c530-2dc1-4b30-b1f7-3530676a59a3,good,positive,0.4404,['Overall Feedback'],CBE
631f58bb-d098-4fe1-8fe5-a3abc2dd6407,very updated bank,neutral,0.0,['Other'],CBE
d1284a04-7811-4902-a678-d9d14aece75f,tankyu,neutral,0.0,['Other'],CBE
3ee7c37d-fd2c-4ddc-892b-98efdc690700,nice,positive,0.4215,['UI/UX & Features'],CBE
1851fb0d-c940-4c97-a338-7b1a9a8ef553,Numbers 2 and 3 don't write during pin verification.,neutral,0.0,['Other'],CBE
b6fa2156-34bf-44c3-a426-99521f790a04,"once it is uninstalled, you need to visit a nearby bank. you go there and they ask you to have a new sim card which hasn't been used before. so you should buy a new sim card and you go back to them with a new sim card, when you reach there service provider says authentication pin is not arrive, the system is not working come back tomorrow.",neutral,0.0258,"['UI/UX & Features', 'Customer Support']",CBE
b5a68eed-026c-4f6f-aba9-9a7490d9466f,loved it,positive,0.5994,['Overall Feedback'],CBE
468dd43c-8489-4032-8356-b0f924ed9177,Ok,positive,0.296,['Other'],CBE
2446e1d4-37e7-4e7f-b182-bb862c9ac26c,this app is not working on my phone,neutral,0.0,['UI/UX & Features'],CBE
398ac276-dd9c-4eb7-8edb-0ce30a96ab22,CBE needs to show transaction fees before the transaction is confirmed and not after. This is a big issue as fees are no longer insignificant.,neutral,-0.0423,"['Transactions & Performance', 'Overall Feedback']",CBE
ee4d489f-04f2-428c-80bf-e795c79582fe,"After the recent updates, I am unable to download a receipt. I can't see the names of account holders I've previously transacted with. Very important. Please fix it asap.",positive,0.5678,"['Account & Access Issues', 'Customer Support']",CBE
ad025898-2642-44d9-81ea-916fde8f4a44,nice,positive,0.4215,['UI/UX & Features'],CBE
b2ebcf25-b1be-471a-8160-4d07c97a9d87,wow 😘😘😘,positive,0.9042,['Overall Feedback'],CBE
dabc6ff9-8f83-422b-add0-463dcdfa4dba,mobile banking broblem,neutral,0.0,['UI/UX & Features'],CBE
182fcbaf-4ada-4f02-9f46-5c9b795e9c92,good job,positive,0.4404,['Overall Feedback'],CBE
b5eb945c-5712-48fa-9de9-b1817c6fa1b8,good,positive,0.4404,['Overall Feedback'],CBE
f4d2d316-2fb6-4e53-b3e0-90ccc05938f5,it is a good and clear apps to use,positive,0.6705,"['UI/UX & Features', 'Overall Feedback']",CBE
7b443606-b668-42f2-8916-498cededfbce,ለምንድን ነው ከንግድ ባንክ ወደ ቴሌብር 5 ብር ሲተላለፍ 11 ብር እንዲቆርጥ ያደረጋችሁት,neutral,0.0,['Other'],CBE
a6910eb7-f2dc-4cdb-badc-65becc5513f1,I love this app b/c every option in the app very clear and supportive.,positive,0.861,"['Account & Access Issues', 'UI/UX & Features', 'Overall Feedback']",CBE
0ed12f63-db54-423b-b9f8-093754cf0d05,niiceh,neutral,0.0,['Other'],CBE
1702ee84-35c4-40fe-9971-9870d47d21f8,the app is good but their is no dark mode you have to add it,negative,-0.2144,"['UI/UX & Features', 'Overall Feedback']",CBE
e247be88-2156-4a00-acbf-804197e60345,🤮,neutral,0.0,['Other'],CBE
e90e8464-1394-4ff6-a978-4868c10d4d2a,abdulakim abrahim elemoo,neutral,0.0,['Other'],CBE
3910dba1-f9d9-4ed9-831f-ed8c179dbfe1,good app,positive,0.4404,"['UI/UX & Features', 'Overall Feedback']",CBE
e7f8cad9-e352-4406-8ff1-799a8cdee3ef,strong,positive,0.5106,['Other'],CBE
7390e5aa-2f26-4ef8-aaec-ad6c80e8fc8e,good,positive,0.4404,['Overall Feedback'],CBE
ee043207-5d2f-45ce-9f03-06d35d585e8b,best,positive,0.6369,['Other'],CBE
c3145a5d-590e-4a19-912a-5dd5a269933b,Abebaw Zenebe,neutral,0.0,['Other'],CBE
8733a99d-1c50-4428-a170-6d4c3b2e18d3,good I love it keep it up but if we had a new update that will be fire Soo good,positive,0.6486,['Overall Feedback'],CBE
a47dd458-e3b5-4df5-b205-e9b3499a11cb,good,positive,0.4404,['Overall Feedback'],CBE
b228fe65-8247-46e0-9f6f-dfc4d8ca189b,Cbe,neutral,0.0,['Other'],CBE
ef880514-7bf7-4b43-8dd1-0ca8f32d2012,Active and granted system,positive,0.5719,['Other'],CBE
575075bc-9c06-41d4-901f-cda4028e0dc7,fast app,neutral,0.0,['UI/UX & Features'],CBE
3a4607e5-2215-468f-afd4-75723ef0e40a,cool 😎,positive,0.6486,['Other'],CBE
49288360-34e9-43f0-be9c-c2480f4dc9ac,Galaxy A10s,neutral,0.0,['Other'],CBE
4553e023-8faa-4e78-a30f-8dcdca419ec5,the best apps,positive,0.6369,['UI/UX & Features'],CBE
4422aa17-0e87-4a90-8388-5065e2b37503,arif app new,neutral,0.0,['UI/UX & Features'],CBE
a0070771-ae98-4f0c-8846-090f2357281f,laga Bari biranch,neutral,0.0,['Other'],CBE
aa72dc89-a2ff-43be-959d-7b5ea22fdc3b,ነነሠነሠሠነሠሠሠሠነየነ,neutral,0.0,['Other'],CBE
5c031dab-9c2f-4e80-ba06-5e49ae4a9821,I would like to suggest you improve the time out as it takes the money and doesn't return it back until the next day.,positive,0.6597,['Transactions & Performance'],CBE
01989925-f978-4d2c-91c6-ebd374cd2a1a,Attractive,positive,0.4404,['Other'],CBE
ef786a30-7bc0-4a73-a7df-a3a545c7f665,mite,neutral,0.0,['Other'],CBE
b3efa927-2c89-48de-8292-19e0e6a68ec3,useful,positive,0.4404,['UI/UX & Features'],CBE
d95fd5b5-8b53-445a-9e31-d79f60aa65d5,nice,positive,0.4215,['UI/UX & Features'],CBE
8de78143-c7c6-4f2a-95dc-a7cfde43d506,"not good, not bad!",negative,-0.6208,['Overall Feedback'],CBE
5f41b0ec-1dd2-4ca7-b339-02827ac8666e,very good,positive,0.4927,['Overall Feedback'],CBE
3324d177-625e-4dad-9dc7-967ca38dcbd6,እጅግ በጣም አስቀያሚ ጠቁአም ዘረፋ በሚባል ደርጃ የ አገልግሎት የሚቀበል ያልሰራበትን የገዛ ገንዝበባችንን ተዘረፍን ከ 100ብር 10ብር የአገልግሎት ማስከፈል ምን ማለት ነው እባካችሁ እዩት እስትይ ከ ሞባይል ባንክ ወደ ampsa አስተላልፉና እዩት በጣም ይገርማል ሌባ ብያቸዋልሁ,neutral,0.0,['Other'],CBE
56c5835a-b561-4f8c-ab37-6330ca97faea,good job,positive,0.4404,['Overall Feedback'],CBE
b72300fc-ef3d-4145-9bb6-47ce6183506c,imp,neutral,0.0,['Other'],CBE
3dc9000e-9725-4423-9a14-6cbb88462843,super fast app,positive,0.5994,['UI/UX & Features'],CBE
c5821075-ea3f-4428-ae01-f95e8367dc70,good app,positive,0.4404,"['UI/UX & Features', 'Overall Feedback']",CBE
b1bb3882-599d-4cf4-96bc-8835454ff207,useful,positive,0.4404,['UI/UX & Features'],CBE
67398692-d12e-4229-9f88-67f25f1a7336,"The app has a nice design and useful features like balance check and transfers, but it’s unstable and often fails to connect. It also forces users to turn off Developer Options, which is unnecessary — other banking apps work fine without that. Many people use Developer Mode for normal reasons. Please fix performance issues, remove this restriction, and add biometric login for better security and convenience",positive,0.6896,"['Account & Access Issues', 'Transactions & Performance', 'UI/UX & Features', 'Customer Support', 'Overall Feedback']",CBE
3ec71abd-b47c-4863-8964-50e6b4906b18,cbe,neutral,0.0,['Other'],CBE
2cc116ae-e341-4066-bfb9-f430f1535601,"it says ""ti is work any more in your device"" what can i do??",neutral,0.0,['Other'],CBE
ac209bf8-4257-405d-877e-aa90875c00a7,blah blah blah,negative,-0.296,['Other'],CBE
703f1558-8575-4a75-be24-11d43573ba4c,good,positive,0.4404,['Overall Feedback'],CBE
b435b168-3114-40a6-bd59-70ffd3163eb5,bad ግዴታ መሆንሁ,negative,-0.5423,['Overall Feedback'],CBE
4fe8694d-eb8f-4959-b2e8-f4501b5b961f,best,positive,0.6369,['Other'],CBE
c50f1ce4-5aad-46a1-8e43-eb2ac3ea39fd,CBE no.1,neutral,0.0,['Other'],CBE
4d5e0051-01e0-40d6-b338-8de3c99bb424,good,positive,0.4404,['Overall Feedback'],CBE
3941e3dd-e3b1-4d8b-93cd-816ce3e3b0b4,good,positive,0.4404,['Overall Feedback'],CBE
d38d8b3c-ea51-4a79-8300-450d0270fb3d,"it's not work correctly when it's needed sometimes, but it works sometimes though",neutral,0.0,['Transactions & Performance'],CBE
0d6f2b91-6c64-4226-9260-0a13a22ab3bd,its easy to use and more secured than the previous one. i love it and appreciate commercial bank of ethiopia for every time update.,positive,0.9152,"['Transactions & Performance', 'UI/UX & Features', 'Overall Feedback']",CBE
a83bb204-ff79-401f-afee-6490508d3d3a,gooof,neutral,0.0,['Other'],CBE
b6b20563-1305-4c44-90f4-a5b726bc9c61,"Suddenly the cbe application I was using stopped working and called callcenter, I was told it's because it expired and I should vist any branch to fix it. So I went to CBE Silassie branch.After filling a form they gave me, I sat down and waited until they finish fixing 2 customer's case who arrived before me. But then when it was my turn ppl who came after me with same mobile banking and even Atm card cases were finishing up and leaving I had to get back to my work so I left.with no service.why?",negative,-0.564,"['UI/UX & Features', 'Customer Support']",CBE
a25928af-597f-4962-98d3-a9bbff522dcb,Best app,positive,0.6369,['UI/UX & Features'],CBE
9a08e3e2-01d2-483b-8beb-691d875a45e9,best,positive,0.6369,['Other'],CBE
a9c3fc33-c501-4013-8572-33b72111f679,still not perfect like before,negative,-0.6259,['Other'],CBE
93fb8392-2f3c-437e-aa58-3b0b34a99b01,This app dash board is disturbing me. it is not showing me traxation and my balance while displaying others option on dashboard. I think it is a risk full app😭😭😭🤤🤤,negative,-0.9287,"['Account & Access Issues', 'UI/UX & Features']",CBE
598f9bab-e0ec-49fe-b694-aeba6a24b04a,APPLIED,neutral,0.0,['UI/UX & Features'],CBE
349736cb-a766-4978-8add-8c915a05be3a,10 years ago,neutral,0.0,['Other'],CBE
426a91e8-fb8b-446e-a47a-32d4c74003fb,Asefa Obsa,neutral,0.0,['Other'],CBE
ef72e904-1f23-4477-82da-f84bda533d9a,best app,positive,0.6369,['UI/UX & Features'],CBE
21d5cd5a-a147-4925-905d-5e90558b103e,it's good app,positive,0.4404,"['UI/UX & Features', 'Overall Feedback']",CBE
2915c398-4205-4f4e-ae06-3e25d24b089b,very slow,neutral,0.0,['Transactions & Performance'],CBE
cecede31-b593-4107-a76b-54a40476f863,berhan deriba wami,neutral,0.0,['Other'],CBE
0a77398d-ebbd-43f8-a928-1de26be137d5,good,positive,0.4404,['Overall Feedback'],CBE
95c8c18c-f4aa-456a-87d7-4a71e40ebf3c,mahamad Usman,neutral,0.0,['Other'],CBE
1b751e18-ceb3-44fd-8659-acb07aab10b9,Erako,neutral,0.0,['Other'],CBE
b971a966-2cd3-4930-8c49-5ab274055da0,🔥🔥🔥🔥🔥,negative,-0.875,['Other'],CBE
f4dcd64a-ea98-4983-94de-cca8b9edc4d1,opne,neutral,0.0,['Other'],CBE
19d9e046-0f7a-457c-9cff-1ef73b1f7d13,mehommd nuri,neutral,0.0,['Other'],CBE
4bd8a096-f82b-40f3-a828-b096eb830a97,Best,positive,0.6369,['Other'],CBE
62ca961e-d859-4ede-ac8d-8baab9f8af87,good,positive,0.4404,['Overall Feedback'],CBE
9a3f4238-e04d-480b-861b-6fe0135ac487,providing very secure service.,positive,0.4005,['Customer Support'],CBE
e1c41e8d-925e-450d-ab6b-ce7e90b6469d,good,positive,0.4404,['Overall Feedback'],CBE
d7494a76-5d42-4cca-89e1-5df4f3989e47,apk አሪፍ ነው ግን በጣም apkwun የሚከፍቱ የ ባንክ ሰራተኞች በጣም ደካማ ናቸው ሲያስተናግዱ ለ ደንበኛ ክብር የላቸውም እኔ መመላለስ ከጀመርኩ ቆየው ግን መፍትህ ላገኝ አልችልኩም ::,neutral,0.0,['Other'],CBE
4417d4f9-9549-4866-a7e9-73568a196f66,ዳር ኑሮ ላለው ኣፍሪቻን ው,neutral,0.0,['Other'],CBE
23c7bd6b-c237-4581-92c8-15fcf14cbf16,RIYAD Mohammed Abaoli 92 527 2567,neutral,0.0,['Other'],CBE
cf44dcab-2f7d-45a0-a1d5-9d9dd85121aa,it doesn't show bank statement and no options to see transactions for the past months.,negative,-0.296,"['Account & Access Issues', 'Transactions & Performance']",CBE
9af535dc-d362-49d3-8ece-90d66fd2f879,Mamma Husen,neutral,0.0,['UI/UX & Features'],CBE
54924bcd-4e5d-4b89-b3ba-31e6d7b19084,ok,positive,0.296,['Other'],CBE
4eedb003-2dca-4470-a9d0-c2b6c3ec41ea,3 stars because I can't see all my transaction history apart from the recents and a refresh button has been removed from the Recents activity. The app should allow clients to view all of the transactions not just recents.,positive,0.2263,"['Transactions & Performance', 'UI/UX & Features']",CBE
eccbcf2d-2f20-4200-913a-979fe6bc8a86,good,positive,0.4404,['Overall Feedback'],CBE
5a8105d2-37c0-4b90-b775-70929dbcd793,exceptional application from others bank,neutral,0.0,['UI/UX & Features'],CBE
9c02c8ba-3634-4363-b888-e60ce895ba7a,"it is very nice. but i have a serious suggestion when you send to other cbe birr customer, it does not show the name of the recipient befor it actually send the money. please improve this",positive,0.8124,['UI/UX & Features'],CBE
0e751657-b2ec-43f8-92cb-c39991b58b72,good👍👍👍😊😊😊,positive,0.9633,['Overall Feedback'],CBE
defda1bc-55e3-47de-9962-0e3ca63aa416,really good app,positive,0.4927,"['UI/UX & Features', 'Overall Feedback']",CBE
8aa39394-5499-421c-b9a8-5f31d2890271,smart bank CBE,positive,0.4019,['Other'],CBE
5bdca892-8530-4730-aaae-f11feaa20925,Ali urgesa11,neutral,0.0,['Other'],CBE
8382e883-613c-4404-85ca-4d5179345d19,it's good,positive,0.4404,['Overall Feedback'],CBE
bffd6050-4f53-4ce4-90d4-614ddb4f2d59,Good apps,positive,0.4404,"['UI/UX & Features', 'Overall Feedback']",CBE
9a23c1f5-b873-4b23-99af-9e04bc6d82a0,good,positive,0.4404,['Overall Feedback'],CBE
a4f5a5bb-070d-46cd-a095-44307d215fb4,password በጣት አሻራ ቢኖረው መልካም ነበር,neutral,0.0,['Other'],CBE
d5e8cf6e-d5bc-4a04-960f-db0ba7e47c78,good,positive,0.4404,['Overall Feedback'],CBE
b9ce0e59-87ab-48e8-ba48-6774beac5430,best app i ever seen,positive,0.6369,['UI/UX & Features'],CBE
4048acf3-a39c-4fa6-9adc-dc9d550bac84,it's game changing in financial system,neutral,0.0,['Other'],CBE
5073e673-94ef-4146-ac02-8c91903f41ab,"z,MKT 20_._!8+⅓⅕😘r",neutral,0.0,['Other'],CBE
a5ce6f6b-2390-45f6-9551-205818e01125,will good updating,positive,0.4404,['Overall Feedback'],CBE
4c079db5-2c17-468e-979c-fc1d9173b7ea,"service charge , vat, fee everything here is not yours they wanna take what you have, everything is not fair",negative,-0.2411,['Customer Support'],CBE
ad5ea4f1-47f8-4ae1-928c-6fece7daaed1,why removing screenshot feature why?,neutral,0.0,['UI/UX & Features'],CBE
e0d24942-f1ad-4b2d-9c1d-a3d0f26e7b1f,very good application! thank you all who participate!,positive,0.7608,"['UI/UX & Features', 'Customer Support', 'Overall Feedback']",CBE
c9e0e2f6-6903-4148-929a-97ae808a475d,application bank commercial Ethiopia I am very happy to be able to appear in a great job on a pleasant job,positive,0.908,"['UI/UX & Features', 'Overall Feedback']",CBE
cd04e8f2-6382-4154-9383-a9a68ccec318,user compatible app!,neutral,0.0,['UI/UX & Features'],CBE
8b466649-63ed-4f72-b0c0-132add6b6c95,"I am trying to access this app on my Android phone, but sometimes doesn't work. so kindly try to improve it.",positive,0.8891,"['Transactions & Performance', 'UI/UX & Features']",CBE
0dce324c-a868-401d-bf8a-6155518ae7e3,what an amazing app. you know how much it simplify life. Thanks cbe. I proud of you.,positive,0.8689,"['UI/UX & Features', 'Customer Support', 'Overall Feedback']",CBE
423879fa-3edc-4c9d-970c-8e6a19219b58,Our Commercial Bank of Ethiopia is Good !,positive,0.4926,['Overall Feedback'],CBE
58b90262-ad27-4cc2-9946-e40d18df5554,Asledin Ibsa,neutral,0.0,['Other'],CBE
8f877e47-8028-4984-b9d0-494fba9121dc,terrible when showing history of transaction it shows in disorganised way,negative,-0.4767,['Transactions & Performance'],CBE
5d1097c8-8574-4891-91b9-4dc246c5d8b8,my bank,neutral,0.0,['Other'],CBE
b39843d1-bef0-409a-81c6-e4635e0dec16,Data,neutral,0.0,['Other'],CBE
aea499ca-d250-4cec-89d0-2b04c8caf16c,"lately I am facing a problem with the app ,and the problem is when log in and inter my pin it doesn't work at all and says 'can't sync' why does it say that I was working fine a few day ago and also it says when I enter my pin 'change your pin to 6 digit pin and it doesn't allow me to change it please solve what is the problem with the app ?",negative,-0.5948,"['Transactions & Performance', 'UI/UX & Features']",CBE
92f289e4-34e6-432d-af95-5094ca79799a,excellent app with lots of features,positive,0.5719,"['UI/UX & Features', 'Overall Feedback']",CBE
d21d1d72-70bd-4f8b-be5d-ed2802815f2a,very good 👍 mobile banking,positive,0.4927,"['UI/UX & Features', 'Overall Feedback']",CBE
db3411b1-5150-4609-9b90-d0ebdecc0754,so special,positive,0.4576,['Other'],CBE
4acc368f-b10c-454c-973f-dec76d6237d8,wiiy ewdihiliw esimirt niho yitnehew metgeyot ❤💞🤔😴🤩😍,positive,0.91,['Other'],CBE
5c8506d5-0941-4743-b14b-216ab75fadb7,woow cbe,neutral,0.0,['Other'],CBE
58cb1472-7503-4b54-8a9a-bb272a6d9998,cbe the best bank app,positive,0.6369,['UI/UX & Features'],CBE
6a9f2e06-2391-4846-a1bb-0605b2cd4242,This App CBE bank it's Simple and Smart I Like it.,positive,0.6369,['UI/UX & Features'],CBE
5ba4cabb-ec35-4aec-b02e-a54007f2d789,Rijalufaris,neutral,0.0,['Other'],CBE
72fac2da-7732-40ae-948b-708abf47cc0d,its Best app But i hate the Repeatedly update request,negative,-0.5346,['UI/UX & Features'],CBE
6eec0d43-60e8-47c1-8532-003d6c53c81b,good app,positive,0.4404,"['UI/UX & Features', 'Overall Feedback']",CBE
c6e45006-f1be-4791-a6bc-5cb5f3a5480e,imoo,neutral,0.0,['Other'],CBE
05480cec-2025-459d-b778-dffc965c770d,"it was good since it become a robber the vat ,tax,service charge,unbelievable charge to send to other bank, monthly charge,etc i hope one international bank comes and we all leave this bank. enough is enough",positive,0.25,"['Customer Support', 'Overall Feedback']",CBE
65f32267-1792-445a-9d83-988683a246bb,screen shoot always not allowed why?,negative,-0.34,['Other'],CBE
679d53bb-4eb0-4cb1-836f-46db6b0fd30f,enkorabetalen,neutral,0.0,['Other'],CBE
d77c9668-4802-4947-a68a-6b76e2424a5e,good,positive,0.4404,['Overall Feedback'],CBE
91563646-8ab1-4920-8710-b7fbf54647a2,Gamada mahamadi,neutral,0.0,['Other'],CBE
f9fc527c-a906-4f3a-bc73-5788be785d7b,it is very good banking web but its network is sometimes busy i hope they willfix the problem,positive,0.3392,"['Transactions & Performance', 'Customer Support', 'Overall Feedback']",CBE
5aa4d37f-f987-497b-8890-3acd8d98fc42,verfcasencod,neutral,0.0,['Other'],CBE
8239c27e-53e8-46bb-a66d-3f96f842dd91,you can't get your own transaction history,neutral,0.0,['Transactions & Performance'],CBE
ea1f5c47-8fd1-466e-a734-339f38552c7c,sintu,neutral,0.0,['Other'],CBE
0731dc17-2dc7-49fb-ac89-a2dd6c33f8c3,BEST,positive,0.6369,['Other'],CBE
27ea5e57-7906-4701-b116-c1a8ff13febc,Bank of Ethiopia,neutral,0.0,['Other'],CBE
9d643178-b404-4c08-8d2c-f91e2e87f432,"All most Good, but need improvement",positive,0.7267,['Overall Feedback'],CBE
af0a4d1d-b254-4967-b163-aa40f6b51b6d,"Great application for me,So I would like to rate with Solid 5 star.That It works well overall. So hello everyone enjoy the apps",positive,0.9147,"['UI/UX & Features', 'Overall Feedback']",CBE
e353e42a-0ba2-423f-9f9a-4ba34cded129,poor app all of you guys delete CBE and download BOA,negative,-0.4767,['UI/UX & Features'],CBE
cf3fb51e-53d0-46d9-baf2-20e03d419812,niceapp,neutral,0.0,['UI/UX & Features'],CBE
850e5fff-c620-45ca-bdb0-23f931714542,good,positive,0.4404,['Overall Feedback'],CBE
e808d9ae-aa8f-4657-ab6e-1771c331c10c,good,positive,0.4404,['Overall Feedback'],CBE
dc02a903-4af0-41a4-8644-bb6fbe3d7e63,good,positive,0.4404,['Overall Feedback'],CBE
34782f5c-6307-4491-a204-72dbcf944478,the best app of all,positive,0.6369,['UI/UX & Features'],CBE
519a154f-9f37-4913-b729-d8c9a9c0b92d,❤️,neutral,0.0,['Other'],CBE
6c72590a-6064-4aac-a5b5-a23df953162d,"Most of the time when I try to open the app, it does not load. The circle keeps spinning as if it is trying to open, and get a message saying "" 2 attempts left for offline login"". This seems to mean that the app cannot connect to the internet, even though I have a stable internet connection, and all other stuff work properly.",positive,0.1779,"['Account & Access Issues', 'Transactions & Performance', 'UI/UX & Features']",CBE
b568b193-afdf-49a2-8263-928754b4772c,Juhaar,neutral,0.0,['Other'],CBE
e5929d0e-5db5-4d8f-9fef-0c5486213308,I am using CBE app very fantastic.,positive,0.5984,['UI/UX & Features'],CBE
64181769-8dc3-4814-9f08-cf2ba3ae5305,bist app tankyou,neutral,0.0,['UI/UX & Features'],CBE
ae6518d4-a242-41d5-81ca-90dfc9824d84,this is very useful and consistent app,positive,0.4927,['UI/UX & Features'],CBE
175e9e6c-3ed2-4cbb-900b-3d49a2f72216,"this application provides timely service in a good, fast and reliable manner.",positive,0.4404,"['Transactions & Performance', 'UI/UX & Features', 'Customer Support', 'Overall Feedback']",CBE
5a8b2a20-8119-4309-85a6-389188e4b37e,So good,positive,0.4927,['Overall Feedback'],CBE
4997b3bc-486e-4392-abb9-bea943f100d5,it will be more better if the app have the feature receipt verifying from QR CODE SCREENSHOT IMAGES FROM gallery ... currently IT WORKS ONLY FROM DIRECT CAMERA CAPTURING,positive,0.4927,['UI/UX & Features'],CBE
ceca6531-d52e-4f24-b61a-1f804b5897b2,"From the UX perspective it can be better, it's old and it's not obvious where you can find some things",positive,0.4404,['Other'],CBE
50b3ec22-c555-40a9-bc10-7f72fb5a81c2,It is amazing app but it is more better if it is possible to transfer from account to other telebirr,positive,0.771,"['Account & Access Issues', 'Transactions & Performance', 'UI/UX & Features', 'Overall Feedback']",CBE
4cc29da3-9526-44f0-a60f-e4e8cbca0889,"The app was great while it was active. However, after the app did an update, I lost connection with a message ""Network Error"". Please try to fix it as there are many clients of CBE using this app globally from abroad countries.",positive,0.6249,"['UI/UX & Features', 'Customer Support', 'Overall Feedback']",CBE
2b8e0e28-3c61-48e8-bba0-961d4e029d8c,very important app,positive,0.2716,['UI/UX & Features'],CBE
5a399dc2-6362-4a7f-8a07-c6450e33859e,the best of all mobile banking in Ethiopia works perfectly fine,positive,0.8807,['UI/UX & Features'],CBE
cba9cfa7-6ee9-423f-b871-f209fb14e2fc,ok,positive,0.296,['Other'],CBE
698b316c-e942-4097-b0c5-f776f7a6fd64,DANTRO BAND!!!,neutral,0.0,['Other'],CBE
047ab6ed-fbb2-4f88-ab6b-7fa4c1e7d2fd,some time when make transfer from Mobile account to other cbebirr wallet no show customer name so please check it......thanks my cbe.. cbebirr application very nice application wallet,positive,0.5973,"['Account & Access Issues', 'Transactions & Performance', 'UI/UX & Features', 'Customer Support']",CBE
9fe63693-8e5e-4c86-9d29-ff31afd057bf,this app is very useful but sometimes when you want to see specific transactions it didn't work so that way i gave 3,positive,0.3708,"['Transactions & Performance', 'UI/UX & Features']",CBE
be342fa9-1e01-4b45-a8e6-666c2fd79fcf,why i must visit the branch i opened my account to activate the mobile banking services? if it a connected network it maybe done from any branch.,neutral,0.0,"['Account & Access Issues', 'UI/UX & Features', 'Customer Support']",CBE
e3d53c9d-ea72-4b26-9e91-ed297fe113b0,አሪፍ ነው አሁን ደግሞ እስክሪን ሹት ማረግ በመቻሌ ደግብሎኛል,neutral,0.0,['Other'],CBE
84c792e9-34da-4a2f-b0a5-6bc9501495d9,asfaw damse,neutral,0.0,['Other'],CBE
81ed803b-e140-457d-bd17-b2f90c3f1641,ok,positive,0.296,['Other'],CBE
5895bf2f-9f41-4871-99a6-44ec53480054,nice,positive,0.4215,['UI/UX & Features'],CBE
70a41c2e-0ebd-47ab-8dba-794b369f529e,jabadhaa namatii tolataan,neutral,0.0,['Overall Feedback'],CBE
0edb4624-c49a-4b38-9676-15795535cad4,"The App is very good in its interface and user friendly. But it could be a pro app had it had additional feature that let us run multiple accounts on a single phone with an option of ""additional"" account!",positive,0.5406,"['Account & Access Issues', 'UI/UX & Features', 'Overall Feedback']",CBE
fc5dec73-4055-497c-abe9-b3e72a9eb973,The app is user friendly. But i want some amendment or include option of sending money to other tele birr like other cbe birr.,positive,0.7003,"['Account & Access Issues', 'UI/UX & Features']",CBE
00fa7434-9ab8-403f-8022-245489949f11,Truly amazing!,positive,0.7901,['Overall Feedback'],CBE
d20939ad-edfa-4940-87a0-42390551a420,Doesn't have option to generate statement for transactions,neutral,0.0,"['Account & Access Issues', 'Transactions & Performance']",CBE
b5678fc9-e018-4c6f-a6d0-d4480254e292,😎,positive,0.4588,['Other'],CBE
9463dbb2-43e2-4eab-b681-5290cde6505d,JanaleBl,neutral,0.0,['Other'],CBE
681fa2da-bf4a-4706-906e-f4c6e57a03b4,very good,positive,0.4927,['Overall Feedback'],CBE
9db2e90d-f217-4440-99cf-6e6f6f5a46fc,very good,positive,0.4927,['Overall Feedback'],CBE
eb7dd7e2-4cb9-4587-beae-158122e8161c,nice application,positive,0.4215,['UI/UX & Features'],CBE
cbea0f3a-64c8-4df1-8894-99c636a3b7f1,WaaaaaaaW,neutral,0.0,['Other'],CBE
df338414-9c67-4832-9823-7e46fd91075d,very nice,positive,0.4754,['UI/UX & Features'],CBE
95c685cb-8f77-4382-9a2c-0ec1f22370b5,Of,neutral,0.0,['Other'],CBE
aef081be-7fc2-42f9-9ae7-fb9a292c835b,it's best app to use recently and upgraded day to day for internationalization,positive,0.6369,['UI/UX & Features'],CBE
d8b089cb-de9a-4517-8b8d-8a2789fd177a,Easy to use and not Complicated 👍,positive,0.4404,['UI/UX & Features'],CBE
db059b75-96c6-46b6-893f-a12e74ae25b1,apdat the app,neutral,0.0,['UI/UX & Features'],CBE
ffabf956-7151-4904-8b48-6277bfb8a5bb,good in bankin at any time & any where.,positive,0.4404,"['Transactions & Performance', 'Overall Feedback']",CBE
81901482-565e-4dc3-859f-ec25ee3c917e,great,positive,0.6249,['Overall Feedback'],CBE
1ebb9f31-ce77-4149-826a-697d986e9ff1,"WHAT A USELESS APP! Transfers, wallet payments, other banks — nothing works. Updated, restarted, cleared cache, reinstalled — still useless. Crashed and forced me to visit a branch just to log in 3 times. One of the biggest banks in the country can’t fix issues a junior developer could solve. Completely unreliable. Big bank , Zero functionality!",negative,-0.8279,"['Transactions & Performance', 'UI/UX & Features', 'Customer Support', 'Overall Feedback']",CBE
26b2c95e-a6f0-436c-9f03-7f9804f40696,it is best to me,positive,0.6369,['Other'],CBE
18d048fb-bdd0-409e-b928-2add6e098fd2,hayizgi mebrahtom feshay,neutral,0.0,['Other'],CBE
4a5e8528-412c-4a9f-856c-f2ddc63942d6,best,positive,0.6369,['Other'],CBE
d0aa6a9a-b5cf-4757-a158-bbf2513373fd,good,positive,0.4404,['Overall Feedback'],CBE
7e654827-cacc-45ee-9ad7-10859e1f37de,great,positive,0.6249,['Overall Feedback'],CBE
89aa8ddd-e35b-472f-a8da-d65c16a07626,Excellent app,positive,0.5719,"['UI/UX & Features', 'Overall Feedback']",CBE
c9813dc7-83ff-4288-852f-14a36ab24f48,good,positive,0.4404,['Overall Feedback'],CBE
93aec6fd-b95e-497a-bf23-525362628cb8,after apdate the app doesn't work any thing else it said enable to connects,neutral,0.0,['UI/UX & Features'],CBE
4f5797f9-6c35-4fd6-8ed8-b2ecf912c04a,love,positive,0.6369,['Overall Feedback'],CBE
b8c15aba-a2bd-4b7d-97e7-35e6b1dc7d11,good,positive,0.4404,['Overall Feedback'],CBE
5f1427ed-db7c-4427-a256-2678dc2d6dae,Hasasa bank,neutral,0.0,['Other'],CBE
0223c3f1-12d3-4d3d-b2ea-cd980d15ab92,All ways Trusted.,positive,0.4767,['Other'],CBE
ecc6b893-7ad0-4aac-a571-338dc04914bf,best MB application in Ethiopia financial sector.,positive,0.6369,['UI/UX & Features'],CBE
86ce8a7e-e618-46cd-9f8e-1da785c2fec1,I like this app,positive,0.3612,['UI/UX & Features'],CBE
c6e99e08-ceae-4c1c-9293-ca30ff43e70f,am tired why I have to update every 5 day,negative,-0.4404,['Other'],CBE
9317c368-d68b-4fa0-8ee6-d66fdf611484,excellent,positive,0.5719,['Overall Feedback'],CBE
028ae5d6-e79b-4abb-a620-e164623430e2,best,positive,0.6369,['Other'],CBE
b2aef3b3-8737-42f8-8e7f-bdec1aa31885,usb debugig mode bicha off endidereg axrigu like awash bank,positive,0.3612,['Other'],CBE
346f5446-e8ba-405b-b52e-b28f5c24c351,good morning 🙏,positive,0.4404,['Overall Feedback'],CBE
3bd19bd8-b148-4476-ab68-16eff8d9f543,nice,positive,0.4215,['UI/UX & Features'],CBE
a5fe1d74-b071-4dfe-9e46-145d7223be32,am happy 😃,positive,0.7351,['UI/UX & Features'],CBE
1fade184-0a71-4398-a719-bb0438af50f6,good,positive,0.4404,['Overall Feedback'],CBE
d2967159-0513-4bd3-a122-e855b3209489,wowww,neutral,0.0,['Overall Feedback'],CBE
91b8975e-d52a-4a6a-9193-793f667e2252,KEHRU nasir AbFIXA,neutral,0.0,['Customer Support'],CBE
cd72e0bb-cfe7-4308-ac51-89496b89cf89,It is well organized.,positive,0.2732,['Other'],CBE
38c1f9f8-9c4a-4f71-8400-9f98003c50a5,Can't see the nearest Branch or ATM available,neutral,0.0,['Other'],CBE
fc1e8d0a-c3b5-4bf6-8a1e-53c4d632e1f4,excellent,positive,0.5719,['Overall Feedback'],CBE
7031ccb7-7b08-4a10-a241-44fbd621c542,very good,positive,0.4927,['Overall Feedback'],CBE
308b1e0f-ac76-4a4d-b236-c08eb9bea906,the app does not open,neutral,0.0,"['Account & Access Issues', 'UI/UX & Features']",CBE
2282390a-1484-4d5e-bf31-bbb27d183515,from Monk,neutral,0.0,['Other'],CBE
cf460082-aaf9-4a02-a229-4028cdf95a91,"Amazing, Delightful and Seamless Mobile Banking Application, I have ever Experienced!! Indeed, I feel Great Proud to be part of your Stakeholder! My First Choice Bank, Commercial Bank of Ethiopia, The Pioneer and Leading in Digital Banking Services in Ethiopia! Five stars ⭐⭐⭐⭐⭐ are little to you! Thank you so much🙏",positive,0.9596,"['UI/UX & Features', 'Customer Support', 'Overall Feedback']",CBE
c706e1f8-b031-4088-b2e6-8c5ee13edebd,incredible,neutral,0.0,['Other'],CBE
056de2e4-cac0-4b50-a7e0-1f0afaa82f4a,good,positive,0.4404,['Overall Feedback'],CBE
29308ee6-61ba-41f2-9fd4-966b85093add,የዚህ አፕ ተጠቃሚ ነበርኩ ያለሁት ከሀገር ውጭ ነው እና እየተጠቀምኩበት ሳለ አብደት አድርጊ አለኝ ሳረገው ፓስወርድ እንዴ አድስ ጠየቀኝ እንዴው እኔ አለሁበት ሀገር ሆኘ መስተካከል ከቻለ ተባበሩኝ በጣም አስፈላጊዬ ነው ::,neutral,0.0,['Other'],CBE
fcce509a-2581-42cc-8c98-6c33b5e0229c,it's the best money transfer app ever,positive,0.6369,"['Transactions & Performance', 'UI/UX & Features']",CBE
c50ff290-9e6f-4a51-97cf-5096441cf16f,it is nice,positive,0.4215,['UI/UX & Features'],CBE
1f79354a-a658-4e96-9810-8f800ad6b489,user friendly. best.,positive,0.8126,['UI/UX & Features'],CBE
043b2d28-db7a-4800-8fcc-ec5430f8d5e8,🙏,neutral,0.0,['Other'],CBE
3557721c-1843-41ec-9b88-8020eb1dde98,አሪፍ,neutral,0.0,['Other'],CBE
5a9dd78f-fbee-4fa7-aba5-1605433b8904,best app!!!,positive,0.7249,['UI/UX & Features'],CBE
6028469c-5c00-4864-a85e-7e158387f160,"It is good app and really user friendly , but it not possible to start service after the app is uninstalled or device phone is changed. So please make it easy for us, after once you set us the requirements in your office we should have to use it only by install and launch it. We do not have to visit the near by branch office every time for such silly businesses but important things. in addition to that why is that for hidding senders name or account number How can I know who tranfers to me???",positive,0.9368,"['Account & Access Issues', 'Transactions & Performance', 'UI/UX & Features', 'Customer Support', 'Overall Feedback']",CBE
e0e8f532-7af2-4b9d-84ab-fe051ef049c5,very good app,positive,0.4927,"['UI/UX & Features', 'Overall Feedback']",CBE
f59aab64-5087-4cf6-8dd7-19dd5da5282e,best,positive,0.6369,['Other'],CBE
fd6993e9-bca4-400b-8122-af3ca0e28a9c,jabirabdala,neutral,0.0,['Other'],CBE
da0c46a2-61c8-4093-902c-de9f2471cc59,unfair cost of transportations... what a shame!!!,negative,-0.795,['Other'],CBE
66ff0693-963b-4cf8-b470-23a46d10398e,"I think it is a good app to use easily. However, I have one more comment: the app does not automatically sync or update the balance in real time. Please review this issue. For example, when someone transfers money, the receiver's app does not sync automatically. It requires the user to manually initiate an update to see the current balance.",positive,0.765,"['Transactions & Performance', 'UI/UX & Features', 'Overall Feedback']",CBE
e95daa9b-9b7c-4c04-a48c-b950c0effe2c,WAW!!! I AM PROUD!!! MY STRONG BANK WORKS AT BEST EVEN IN A REMOTE LOCATION HERE IN MALABO (ECUATORIAL GUINEA). MEWOLID MUBARAK CBE!!!,positive,0.9147,['Other'],CBE
8242c794-25bc-4f59-aa06-9343382fbc2f,zinaa Ahmed,neutral,0.0,['Other'],CBE
a092d89d-acea-4e45-afb2-59c9c6955aef,absolutely excellent,positive,0.6115,['Overall Feedback'],CBE
2f76ead5-11bc-46f6-af3e-d69a66ebc06b,nice,positive,0.4215,['UI/UX & Features'],CBE
6e878d4b-8f6f-4b4a-ab43-7dcc1b4adde9,Good,positive,0.4404,['Overall Feedback'],CBE
a6ce9c88-d33d-4192-a61b-4ac946c0a3e3,amazing app,positive,0.5859,"['UI/UX & Features', 'Overall Feedback']",CBE
e38cc409-e9d2-4f1e-bd14-8a43ce35230d,perfect and easy,positive,0.765,['UI/UX & Features'],CBE
acdeb00e-fc22-4b4b-9731-16f961cf5ffd,fastest,neutral,0.0,['Other'],CBE
c2a1cba4-dc6b-430c-acc4-d599b74ca9d5,good,positive,0.4404,['Overall Feedback'],CBE
c4c7ecf8-c82d-41af-8bc5-c79334b0111f,My account is not working,neutral,0.0,['Account & Access Issues'],CBE
3e5aecbb-e47d-47a4-b4c2-bd7321637900,The recent update is not optimized fir latest version of android,negative,-0.357,['Other'],CBE
6669ce5f-1810-4d1f-b7db-7e6a42d38e27,topp,neutral,0.0,['Other'],CBE
819ed2fd-5597-4c35-b592-257f7f80eb5a,very good,positive,0.4927,['Overall Feedback'],CBE
8badeef9-8844-467e-8cec-7f19fe37340d,I appreciate it,positive,0.4019,['UI/UX & Features'],CBE
ff9c22ea-a7a9-4a61-9223-331ef7ef8467,v.good app,neutral,0.0,"['UI/UX & Features', 'Overall Feedback']",CBE
3cbb3486-a07b-4537-b937-f893b2810d28,Nice,positive,0.4215,['UI/UX & Features'],CBE
d5dc7297-7006-4bd6-ab05-eedd3f615203,sahib amin jamal,neutral,0.0,['Other'],CBE
92267491-afb1-4413-8fb2-d82e56275ed7,installi,neutral,0.0,['Other'],CBE
c692ab03-bed1-472e-b0e5-c77393917ca5,good,positive,0.4404,['Overall Feedback'],CBE
2154c21e-ec52-413e-8e2e-91a5bba58316,very good apps,positive,0.4927,"['UI/UX & Features', 'Overall Feedback']",CBE
605dce5b-b7ec-49e8-988d-c8ef7d336b34,👍👍👍👍,neutral,0.0,['Other'],CBE
7bfdbc13-8426-412b-83f9-000bd411056b,the app say it is not compatible with ur phone can u fix it it is not updating.,neutral,0.0,"['UI/UX & Features', 'Customer Support']",CBE
a02f8c55-349e-4153-952e-b9fd9857015e,"I would like to give you some feedback on Current update, its very nice and easy to use👍 but in some button there is still not improved For example while iwant to check my recent Txn it not well sequenced and arranged or some txn may not appear ... becouse of this i see many of users of this app discomferted maily merchants and those make High txn daily. improve and miximize the txn shown to 300 up to 500. make Searchable Recent txn button! All in all the bank i Relly on! CBE my bank !",positive,0.619,['UI/UX & Features'],CBE
bee6fcc5-f5bb-4687-8888-35778f574078,tinishu titiba,neutral,0.0,['Other'],CBE
f164f912-599f-4985-8087-caad615499fa,"essy to use ,has great interface and user-friendly g",positive,0.6249,"['UI/UX & Features', 'Overall Feedback']",CBE
e9c88d11-c7f4-4cbd-a8fa-942c5cc7217d,Yuuuuu,neutral,0.0,['Other'],CBE
6aab0785-a57f-4093-b55d-03e3e68a72e8,I found it very much friendly,positive,0.539,['Other'],CBE
e4eb4b19-3f69-4022-9192-74953d642f39,"Very useful app, while we use CBE.",positive,0.4927,['UI/UX & Features'],CBE
dfde3f5d-4d73-49a5-b927-8fbcf4ea9c24,woooow,neutral,0.0,['Other'],CBE
6893be0c-8037-459e-871e-0ee6dcfaac35,Redmi,neutral,0.0,['Other'],CBE
dd9487aa-0d71-4993-be65-208531ed1a7d,አርፍ ነው ነገር ግን ሴብ ያረገውን አካውንት እያጠፋብን ነው,neutral,0.0,['Other'],CBE
c669a0d6-960b-45e4-9ada-fd1008e0855f,kamil aweil,neutral,0.0,['Other'],CBE
2a958f43-5826-432d-912f-b3d92dec153c,nice,positive,0.4215,['UI/UX & Features'],CBE
eaef87d7-6f8c-46ad-acd9-89f122fb98aa,In your next update can you come with night mode future,neutral,0.0,['Other'],CBE
d43ab2b9-3b6c-473b-a8db-59f171fab8b7,"Truly, super competitive when compared to a well known app nowadays functioning broadly by simplest features and means namely known as Telebirr super app, Thus, CBE is my top ultimate choice that I prefer over the other bank due to its beautiful power of lead as a result I could recommend CBE to others because of its service provision via ethical principles and practice for customers satisfaction with existence of constraints and challenges face from burglary and froudalent hacker. Thank you !",positive,0.9834,"['UI/UX & Features', 'Customer Support']",CBE
8f98e375-b9f3-43c5-93aa-c130e7a9b109,mayreba app you its better if you use other banks,positive,0.4404,['UI/UX & Features'],CBE
604915f5-e66b-4570-b36b-03818f884d57,Not Prefect Transfer To Other Bank The Mony Not Deliverd Imidetliy Take Three Or Five Days,neutral,0.0,['Transactions & Performance'],CBE
2f509fd7-9ee2-4d2d-b74c-49de73f30032,good app,positive,0.4404,"['UI/UX & Features', 'Overall Feedback']",CBE
ec618da8-bf3e-4f4f-9bbb-de3a73c7d631,let us know before you shut down the app,neutral,0.0,['UI/UX & Features'],CBE
ad101354-02f8-47a8-8e53-dfaf3a506ab5,excited,positive,0.34,['Other'],CBE
0d273ca9-cf52-49f9-b5ae-ddebce86ad8f,amizing,neutral,0.0,['Other'],CBE
a6e4d127-2d07-4111-bc46-d14e4cfa81b5,love it,positive,0.6369,['Overall Feedback'],CBE
0141e976-39c0-4a31-9889-11d3d1a5e697,yes it is v good,positive,0.6808,['Overall Feedback'],CBE
c46a07c1-f9a3-4af2-b6a5-85628e0146cd,A great update in the Mobile Banking Application. Thanks for the System and customization department,positive,0.7906,"['UI/UX & Features', 'Customer Support', 'Overall Feedback']",CBE
517f1216-a882-4a83-a843-91698acffa48,this app is smart.,positive,0.4019,['UI/UX & Features'],CBE
c4bedc54-94d2-4e0e-99af-ed3b64046b50,I am happy,positive,0.5719,['UI/UX & Features'],CBE
a8ea0b5f-0dab-4a8e-b009-8840dab30894,good,positive,0.4404,['Overall Feedback'],CBE
0b7c0ba6-d0fc-4b61-9c40-d50ba113907f,Still I have not face critical problems sometimes delay to open,positive,0.2311,"['Account & Access Issues', 'Transactions & Performance']",CBE
5c7993e8-6748-4331-8691-893fcde0d2d3,excellent,positive,0.5719,['Overall Feedback'],CBE
6ab0348b-03c4-4245-bbbb-6aed49f88a03,ጤና ከድረ,neutral,0.0,['Other'],CBE
51a7e5ea-5711-424e-87ab-0d4fd5481ee5,The connection between bank and the app is lag relationship this must be corrected.,negative,-0.34,['UI/UX & Features'],CBE
e2a39fc2-f1fc-4d9b-be49-c4659f34e6da,I have forgotten mobail banking password,negative,-0.2263,['Other'],CBE
fcce0c59-52e3-41a9-9e60-96f390a64a05,nice app,positive,0.4215,['UI/UX & Features'],CBE
ced10404-2e90-49cf-92ee-ec1681e551d1,Thank you,positive,0.3612,['Customer Support'],CBE
f83ab0c0-15e8-49f6-89d8-509a97a95cb4,muktaar Abraahim,neutral,0.0,['Other'],CBE
dcfb2ed9-5403-4db4-9ee4-f90b9062c98c,🤞Good One,neutral,0.0,['Overall Feedback'],CBE
48f385f9-d5e2-4b12-9ff9-64fe2a1314c2,why does it say change pin to 6 digits is that right?,neutral,0.0,['Other'],CBE
ec02c716-33d0-414d-889f-a8441084133c,One of the worst mobile banking apps in Ethiopia. You can't access your txn record for more than 2 weeks.,negative,-0.6249,['UI/UX & Features'],CBE
9a805c99-c354-4f71-95f5-5369e00ff08d,i like it and aprshat.,positive,0.3612,['Other'],CBE
9affdd8b-c3c9-4159-b205-8caed4ae8222,good,positive,0.4404,['Overall Feedback'],CBE
e5e7f832-6759-4005-9df6-5f8d6b354551,"The app has some issues I updated recently and now I am not able to send funds to my telebirr wallet, also we need to have a place we save our contacts where we usually send money to, after update I keep loosing all the important accounts.",positive,0.6124,"['Account & Access Issues', 'UI/UX & Features', 'Overall Feedback']",CBE
18a4264d-fa84-446e-b31c-6282945e1e9b,best app and easy to use,positive,0.7964,['UI/UX & Features'],CBE
708d6d27-0ccc-4118-8346-116cf3e7a8ac,doesn't work unless with data doesn't refresh fast other wise functions ok but after the update transferring to telebirr is not working,positive,0.3919,['Transactions & Performance'],CBE
07631370-ea19-456d-b7cc-d248d21e118c,List of transactions can't load over months and years..,neutral,0.0,['Transactions & Performance'],CBE
76455446-df2d-40fe-bccc-f4439d0f2902,transferring money to telebirr is not working,neutral,0.0,['Transactions & Performance'],CBE
5c75cede-87d5-4659-852f-2780b4549909,I don't Like this app and there service fee is highl,negative,-0.2755,"['UI/UX & Features', 'Customer Support']",CBE
6d5e2609-e5f5-40d5-9f31-73751a4be15f,አዲሱ Update ጥሩ አይደለም. Update ካደረግኩት በኋላ ከዚህ በፊት ስላላክባቸው የነበሩትን Save አድርጎ ይዞት የነበረውን ሁሉንም የሰዎች አካውንቶች አጥፍቶብኛል.,positive,0.4939,['Other'],CBE
9c1fdad9-3c31-4a27-af4f-44020899032b,good,positive,0.4404,['Overall Feedback'],CBE
c2331cd2-6810-4343-80bf-09025a955bf3,this application do not show over all transaction history,neutral,0.0,"['Transactions & Performance', 'UI/UX & Features']",CBE
a9add8b7-238f-4b1e-8879-2fa4000b4800,this app is very nice but statment history is very shiort atlist add 15 days,positive,0.2609,['UI/UX & Features'],CBE
ee52ec44-d6c1-4ea9-ab62-527d87ecb202,"This app stooped working after i updated it. It says change password and i did, but it doesn't open with the new password. I don't like it.",negative,-0.395,"['Account & Access Issues', 'UI/UX & Features']",CBE
fb43046a-7c62-4497-bfcc-2e97f9014aa4,best and secured application,positive,0.7845,['UI/UX & Features'],CBE
3463230e-f9f7-4be3-a632-fdd8d017ce84,🙏👍,neutral,0.0,['Other'],BOA
a6cbfa34-f2b1-4a16-96b6-c94f58cea76f,Very Good,positive,0.4927,['Overall Feedback'],BOA
fc67d12c-92e2-45aa-a9e0-011f58a583bc,goof,neutral,0.0,['Other'],BOA
11306fb9-5571-4950-8d32-604c5402242f,good!,positive,0.4926,['Overall Feedback'],BOA
809c46d2-730e-446a-9061-2a45e978ad9d,good jop,positive,0.4404,['Overall Feedback'],BOA
f28a3a3c-eb94-4aab-88d2-89bcecebcc7b,bad exprience...it is so crushed,negative,-0.7973,['Overall Feedback'],BOA
4ed89e8c-16dc-4763-94ca-04d05cf799a5,not user friendly at all it requires a huge connectivity and also lags many times 😑😑😑,negative,-0.4268,"['Transactions & Performance', 'UI/UX & Features']",BOA
f5bfd792-bc81-4d06-99c9-06c7743d3e09,ምንም የማይ ሰራ,neutral,0.0,['Other'],BOA
7ef21cf6-d226-4370-ab96-01c909dbc58d,very good,positive,0.4927,['Overall Feedback'],BOA
896ee9aa-a483-4b1f-b73c-0a26c4b54790,most of the time is not working properly,neutral,0.0,['Transactions & Performance'],BOA
15c3586b-e672-48db-b3c0-09508375763f,good service,positive,0.4404,"['Customer Support', 'Overall Feedback']",BOA
6f7113d8-180e-4f3d-83d9-fbe55f9edd69,not use for me,neutral,0.0,['UI/UX & Features'],BOA
d36fbdcb-b57e-4384-8e5b-ae549e25b33e,It keeps notifying me to disable developer options and quiet while I'm not enabled. always bring another type of problem with new updates.,negative,-0.4019,"['Account & Access Issues', 'Transactions & Performance']",BOA
2d630116-152e-4dbb-bb7a-d7f93bbafbc5,waw,neutral,0.0,['Other'],BOA
b9fa948b-07bc-41f5-9e49-5e612b9a9db6,the lag is unbelievable when you need it the most this suks,negative,-0.1531,['Other'],BOA
c198f602-e9fb-4b61-ad3a-8efe42269b8d,I cant belive I could find the worst bank app ever .yet very simple to fix the problem and the company just ignored it. no body can do business with this kind of app.,negative,-0.8834,"['Transactions & Performance', 'UI/UX & Features', 'Customer Support']",BOA
afad642f-39c4-4db0-adbf-5fbe7143f960,it is a good app,positive,0.4404,"['UI/UX & Features', 'Overall Feedback']",BOA
9fb5fdaa-6172-43c1-ba46-2fcdfcd84c13,it is not working at all,neutral,0.0,['Other'],BOA
58ccb5e9-0cf7-413c-8bb4-6515d4863bc1,🥰🥰🥰🥰🥰 app is good but i was live in abroad and when i enter my otp code it didnt make me to write my code it the app want it self write thats not fair so please other wise i like it why,positive,0.9848,"['UI/UX & Features', 'Overall Feedback']",BOA
0ed79d57-a54c-4541-9df0-67e1e8c72be3,when trying to activate the app it keeps on loading on the security questions page. It has been two days,positive,0.34,['UI/UX & Features'],BOA
f38caf5b-4580-4a9f-819f-f4cd3d789176,fast and simple,neutral,0.0,['Other'],BOA
6a7a5c64-4056-404d-b37e-60bf1d6ee90a,best of best,positive,0.8555,['Other'],BOA
9f9ace0f-c63b-4482-a159-12c2bcd357ae,Worest Banking App Ever I seen. Fake App Bad Better to Leave,negative,-0.5994,"['UI/UX & Features', 'Overall Feedback']",BOA
52b82149-19da-40cd-b8ce-a86e0b2c789c,good,positive,0.4404,['Overall Feedback'],BOA
c6661ae9-95ab-4a2d-be7b-ad93bb48f278,"I would like to share feedback regarding the application. It frequently experiences disruptions and does not function properly, often freezing or failing to load. This issue is affecting workflow and efficiency. Kindly review and address this problem to ensure smoother performance.",positive,0.4166,"['Transactions & Performance', 'UI/UX & Features', 'Overall Feedback']",BOA
493dc1a0-1d88-4d43-93ab-9b3c9d7426d9,Meet you genuine.App I tried is not functional.Helping.welldoingwith BOA Ethiopia .fastandrelevant.morconnecting Digitalyworld.Digitalyworld. thanks.,positive,0.4404,"['UI/UX & Features', 'Customer Support']",BOA
61a85d6e-8111-4add-9c9a-ebf8a25b2bca,best app,positive,0.6369,['UI/UX & Features'],BOA
33b76ccc-05cf-445d-84a6-a5e516bac406,Best app,positive,0.6369,['UI/UX & Features'],BOA
aa74e8f9-67d1-486a-a601-761ce0c79a4e,"Barely works, it always fails to connect",negative,-0.4215,['Other'],BOA
6308cb59-e418-4559-80e1-b53d44ce7c9a,my fav app,positive,0.4588,['UI/UX & Features'],BOA
8fa4d905-fcd5-4124-8745-0014e9e746cf,this app launch time is so long also has dozen bugs in addition it's has been long time get update,neutral,0.0,"['Transactions & Performance', 'UI/UX & Features']",BOA
6b603751-56ea-4108-95f6-a26ee49a7bdf,very nice,positive,0.4754,['UI/UX & Features'],BOA
e7e0dd5b-59ee-4ed8-abe8-821ed28c1a6f,"Your application is very irritating to use, some functionality doesn't even work like on the card management. You need to do better than this and it good idea to reference other banking applications.",positive,0.102,"['UI/UX & Features', 'Overall Feedback']",BOA
df1f28f7-9a40-4a51-83bb-7e2fb7bc932c,I like,positive,0.3612,['Other'],BOA
a64c9c77-83d3-4e1b-b264-4bd5e2d3d349,ወይ አሻሽሉትና እንጠቀምበት ያለያ ብታጠፉት ይሻላል። በቃ ምንም ነገር አይሰራም መተግበሪያ አለን ብላችሁ እንዳታወሩ ለማንም የማይመከር ቀርፋፋና ተግባር የለሽ መተግበሪያ,neutral,0.0,['Other'],BOA
a2d5bdf0-ff92-408b-be55-a4bfa7b61fbc,i m sorry but it doesn't work for my android it is too slow but other bank are very fast please update,positive,0.4969,['Transactions & Performance'],BOA
8312e6d0-3b41-4061-b83f-54f6fcb4317a,"the worst app ever,",negative,-0.6249,['UI/UX & Features'],BOA
ee7fb8e2-bcde-4ae5-8ac5-49450e57dd5c,better,positive,0.4404,['Other'],BOA
924bdf3b-0b78-4402-9aaf-d1cbc39cc6af,"I kindly request that Bank of abyssinia address issues with its mobile app. It is very slow, has numerous problems, and frequently experiences downtime. The user experience is also poor. Thank you.",neutral,-0.0258,"['Transactions & Performance', 'UI/UX & Features', 'Customer Support', 'Overall Feedback']",BOA
426191d1-9b6d-4582-aeae-55633c041d3e,this app can't open? what is problem? please solve my problem?,negative,-0.4291,"['Account & Access Issues', 'Transactions & Performance', 'UI/UX & Features']",BOA
f787c8fe-c207-4c5a-8156-e8cfa0f6652d,kiyaa makonn,neutral,0.0,['Other'],BOA
1f73f73b-a5e4-4114-a45d-992a360ebb87,very very lazy app,negative,-0.4716,['UI/UX & Features'],BOA
b9b28cc3-4563-4f09-938c-b1adcc27bbf3,telebirr remittance,neutral,0.0,['Other'],BOA
6606f3a3-dbc9-4032-a905-37c737501776,The best bank in 🇪🇹,positive,0.6369,['Other'],BOA
df5cd433-7f0e-4e13-ae07-4200db1965c0,its good,positive,0.4404,['Overall Feedback'],BOA
9917233c-933c-444f-b986-e97d3fe0f682,the worst app in my financial experience.,negative,-0.6249,['UI/UX & Features'],BOA
29295b2c-ebe8-4dfe-9cd3-c3a5806b810b,good for mb appliciation,positive,0.4404,"['UI/UX & Features', 'Overall Feedback']",BOA
c9162816-c2cd-478c-ab34-9569f63d3711,the worst bank ever. slow don't accept dual sim. they are very stupid and greedy,negative,-0.9107,['Transactions & Performance'],BOA
1776b9e9-95d8-4811-bb94-61d28a7c19d1,try to easy network,positive,0.4404,['UI/UX & Features'],BOA
d81ca31a-2ecd-4f0a-aab7-0a6f02da0696,hussen hassen umer,neutral,0.0,['Other'],BOA
6725eae9-b141-4a7c-abcd-90125d0fa3bd,"The app is not suitable and lacks a good UI design. As a large bank, you must update your app with a professional UI that is fast and appropriate.",positive,0.4404,"['UI/UX & Features', 'Overall Feedback']",BOA
cdc789cd-c2e6-415e-906f-0bde3fa850b1,an exceptional banking app.,neutral,0.0,['UI/UX & Features'],BOA
da8f72ca-3f4b-41f6-937e-c626b8240c8b,alhamdulilah,neutral,0.0,['Other'],BOA
8b37e090-01ff-4f7c-bfdc-3e781996d2a9,poor,negative,-0.4767,['Other'],BOA
32133348-ecd7-47e0-9e98-7f1702419599,Best of best,positive,0.8555,['Other'],BOA
68b7a597-8133-4584-9c3f-1e26fa21184e,from the last week updates the app is not working Please check the problems,negative,-0.5664,"['Transactions & Performance', 'UI/UX & Features']",BOA
546df11c-e603-4f04-963e-ae1cd2be9561,It's always crushing,negative,-0.3612,['Other'],BOA
147dc910-f84e-4950-9cd0-a6ce1ca0b070,office branches have to improve their services please,positive,0.6369,['Customer Support'],BOA
ccbeff90-e9fd-4a74-807f-d16d8bbe02e5,♥️♥️,positive,0.8555,['Other'],BOA
7345b274-906c-4bfc-b37d-8131020ad13e,Why does it keep crashing? I can't even use this. BOA should do better. You have many customers and how to deal with this. I can't send money now.,positive,0.4404,['UI/UX & Features'],BOA
4587385c-78c9-4310-b8aa-da0bce565a91,it needs a timely update,neutral,0.0,['Transactions & Performance'],BOA
1310296e-3850-494f-83bc-936ea27684ab,"It does not show the name of the person who sent the money to request a receipt. This has become very difficult for us. When different people transfer the same amount to me from different banks, it is very difficult to identify the account or the name of the sender.",negative,-0.6794,"['Account & Access Issues', 'Transactions & Performance']",BOA
00dddad5-915e-4fc1-9166-b5d7ce59ad88,Like,positive,0.3612,['Other'],BOA
baad5c11-63e6-4b64-9006-c4cb1481036d,I can't type my otp on it.,neutral,0.0,['Other'],BOA
7481b511-72a1-4592-8087-c029fc656e67,"most of bank apps in Ethiopia are linked with ethiopian phone number, I live in US permanently so when I open BoA account, I told them where I live and to link it with email address instead of phone # as ethio phone number is not working where I live, unfortunetly my fear appeared and now when I change my phone device, it send the code to the ethio number which is not with me now. so please when u develop bank apps consider the diaspora community to use ur apps",positive,0.1757,"['Account & Access Issues', 'UI/UX & Features']",BOA
e3e7b9d3-10a9-443b-89b9-34160443c78a,jaajja,neutral,0.0,['Other'],BOA
b768c25c-bc3a-4d57-8c45-97e489546662,I love this bank the best experience ever.,positive,0.8555,"['UI/UX & Features', 'Overall Feedback']",BOA
c90fb60a-ea63-47f0-aa65-fcb41b6534e1,"Nothing has been improved, it doesn't work like the previous version.",negative,-0.5667,['Other'],BOA
82e245b0-2790-45ce-a1a3-1aa9a0afaa95,easy and fast,positive,0.4404,['UI/UX & Features'],BOA
d849294b-9d5d-4026-96ec-6dd20968fa57,Great,positive,0.6249,['Overall Feedback'],BOA
eecf4f77-29ed-40cd-a228-b325ee459350,mobile banking,neutral,0.0,['UI/UX & Features'],BOA
4c7e9031-a452-48ce-b5fd-4b5a0940b553,very good,positive,0.4927,['Overall Feedback'],BOA
e0b237d8-0ec7-453f-9e1d-fe22e2910620,😎,positive,0.4588,['Other'],BOA
a05681a9-b69a-48b6-92c5-79a7d916bd61,"need alot of connection, chooses device, very lug even when there is connection",neutral,0.0,['Other'],BOA
7cedd008-b817-442b-9da0-76ea15713450,On my ios it's perfect but on android it barley works and don't transfer and after a while it crushed and totally stopped working. Please fix the issue my beloved bank of abyssinia.,positive,0.5656,"['Transactions & Performance', 'Customer Support', 'Overall Feedback']",BOA
14d8c41d-2533-40c1-97f2-7df99a3d3a44,since the last update i can open the app crashes a lot and omg its being very slow opening and loading,neutral,0.0,"['Account & Access Issues', 'Transactions & Performance', 'UI/UX & Features']",BOA
3c11bafa-cf87-41c0-ba29-714ab4cd69a5,none,neutral,0.0,['Other'],BOA
9832f735-8230-4dd6-8aad-2f743e2792b1,good,positive,0.4404,['Overall Feedback'],BOA
814a08ab-8eb9-4aa6-ae64-341f62b5ae47,good,positive,0.4404,['Overall Feedback'],BOA
4bf673d6-7d6f-431c-8844-a6c7eb4c65d3,very good app i ever used,positive,0.4927,"['UI/UX & Features', 'Overall Feedback']",BOA
dfad5025-20f7-4556-bdaf-294785947fa3,its nice app especially the transaction limit is extended but We face that BoA m.banking app doesn't respond at the activation stage strictly at SMSNG mobile phone. please try this to make safe.,positive,0.8271,"['Transactions & Performance', 'UI/UX & Features']",BOA
4b92ba94-d858-4fcb-a2ae-45fc41c1fa26,zedo,neutral,0.0,['Other'],BOA
a56b1202-a6db-405b-aba1-586a16bc417d,please open my mobile app,positive,0.3182,"['Account & Access Issues', 'UI/UX & Features']",BOA
d876a31d-e463-4340-a67e-9a950e182865,it doesn't open,neutral,0.0,['Account & Access Issues'],BOA
a31076d0-b574-405f-8495-675485f16a71,Very Good,positive,0.4927,['Overall Feedback'],BOA
88632aa1-f7db-4599-aa99-9b51523534e8,masha alla,neutral,0.0,['Other'],BOA
dc3c97a2-0fe6-4a49-a2d3-9cc949380a0d,Best banking transaction application in Ethiopia !,positive,0.6696,"['Transactions & Performance', 'UI/UX & Features']",BOA
516af455-a65f-4ddf-94e0-03cceae923c6,السلام عليكم ورحمة الله وبركاته ماشاء الله تبارك الرحمن هذا التطبيق ممتاز جدا,neutral,0.0,['Other'],BOA
613dff98-be45-4f37-8feb-01e382393e26,tamaam kamal,neutral,0.0,['Other'],BOA
8dd6713b-09cf-427c-a0f0-ee063f61a9d8,በጣም ሐሪፍ,neutral,0.0,['Other'],BOA
8ac466a3-5bbb-452d-88bc-ceaae6c5bec0,great 👍,positive,0.6249,['Overall Feedback'],BOA
45e502bd-bd62-4895-b534-d75b2dae7c75,goof,neutral,0.0,['Other'],BOA
0e665f33-628c-4799-a991-53cf66b89ed0,absiniya banki,neutral,0.0,['Other'],BOA
3e8a43b7-e4a5-4ba0-850e-332a7dad3a24,has issue after installation and i think it doesn't work with tecno common 30,neutral,0.0,['Overall Feedback'],BOA
abb3b6f4-ed3d-4013-b997-0efb664037a5,One of the best in this business,positive,0.6369,['Other'],BOA
8a5e1510-bc3f-4f70-8915-f79a839f041e,Excellent,positive,0.5719,['Overall Feedback'],BOA
c9cc8b5a-f0aa-437a-8e5c-99035cad23da,besat🥰,positive,0.8074,['Other'],BOA
bc8bfdb0-596e-4ed3-a07d-c3ac71061fee,unlimited experience,neutral,0.0,['UI/UX & Features'],BOA
ec30627f-c9a0-48f6-8fd2-38fcae3ab112,"as bank, u should at least hire someone good at their job bc this a joke nowadays I can't even log in or even transfer without it crashing if u fix the app I will update this review I am counting on u boa update: so they atleast fixed it but as suggestion can u put password when in final step of sending money it will feel more secure that way",positive,0.7261,"['Transactions & Performance', 'UI/UX & Features', 'Customer Support', 'Overall Feedback']",BOA
656865bb-7ee3-4fef-9f23-b6728b2b6ab9,very nice mobile banking app my favourite,positive,0.4754,['UI/UX & Features'],BOA
ac500ef1-8d40-4c19-b862-c5f47b165e97,"it almost never boots up!!! and even if it did, it crashes immediately",neutral,0.0,['Other'],BOA
e080468a-5b05-476e-9275-923d859a7b98,best apps,positive,0.6369,['UI/UX & Features'],BOA
cd3d7bda-43cf-46f8-bd12-065f026e2ba2,the worst app ever to exist in a bank history,negative,-0.6249,['UI/UX & Features'],BOA
17d27fe8-201d-465e-900c-4510058bd581,thank you,positive,0.3612,['Customer Support'],BOA
161dbde7-f447-412e-abf3-8ae5e7ba5012,Best mobile app in the country,positive,0.6369,['UI/UX & Features'],BOA
17fac6e4-55d0-48dc-8fd1-e3908c6e6689,not fast,neutral,0.0,['Other'],BOA
bffe6663-e88f-4a08-97bc-e6ea6b2d8227,keeps freezing at the front page.,negative,-0.1027,['Other'],BOA
6dd324c1-79ef-4935-9c87-ad0fd8fd1635,it is not working on redminote 11 pro+ pls fix it,positive,0.0772,['Customer Support'],BOA
aefe5a77-71f4-4efa-92e6-b4a1b4a48e9e,abseniya bank app,neutral,0.0,['UI/UX & Features'],BOA
6e923bac-5ac7-4d3e-bd1c-137246d24a68,good,positive,0.4404,['Overall Feedback'],BOA
e6ec7d3b-beb3-40ac-a615-9a0bae85e39d,yes goode app,positive,0.4019,"['UI/UX & Features', 'Overall Feedback']",BOA
b54ed906-d409-4107-9dba-3d91d4c04274,Great App,positive,0.6249,"['UI/UX & Features', 'Overall Feedback']",BOA
a7eb5cbd-790a-4537-8278-ccaef158654b,1) Crashes repeatedly 2) Takes Century to Boot 3) Repeatedly requires Update which is very annoying. 4) It doesn't ask for Password for one step confirmation when transferring money. 5) Automatically stops music when the app is launched (it doesn't really matter just fyi) Overall this have to be the worst mobile banking app I have tried so far and should not be released with all these bugs & issues.,negative,-0.7521,"['Transactions & Performance', 'UI/UX & Features', 'Overall Feedback']",BOA
febb6ed8-2b62-4906-9390-d0a33773a09a,ረጀብነሱ,neutral,0.0,['Other'],BOA
6df74cd0-b58b-472e-99f8-e437e64d98f3,The Worst Mobile Banking App.,negative,-0.6249,['UI/UX & Features'],BOA
709cbab6-f362-486c-b2cf-212062b30dfa,giod,neutral,0.0,['Other'],BOA
207adaf3-2705-486b-846e-1f95c4d7f049,best bank in ethiopia,positive,0.6369,['Other'],BOA
8edd9f83-57c8-4aaf-9c54-845d97e601aa,waqayyoo,neutral,0.0,['Other'],BOA
5e5817ce-8960-4e99-9bae-3e9059357303,please is not working,positive,0.3182,['Other'],BOA
b27ee212-10ec-499b-b36d-ff667d7b7085,nothing when I need to install the Apk it say that re-up date,neutral,0.0,['Other'],BOA
94e809fb-94f8-4e0a-b3e8-1c4113c19f77,I can log in from any where,neutral,0.0,['Other'],BOA
d17482ec-65b7-4cf1-bcad-aee54aafdf11,😇,positive,0.4588,['Other'],BOA
a6c71862-00d9-491c-928d-f557a845da4a,no proplem,negative,-0.296,['Other'],BOA
c07e4e23-ae8a-4452-865e-a40606fa580c,👍👍👍,neutral,0.0,['Other'],BOA
2b131440-f01a-468e-9314-095ae0b77601,excellent app,positive,0.5719,"['UI/UX & Features', 'Overall Feedback']",BOA
0f1bbc73-93dc-487e-a47c-bb737edb0322,good work,positive,0.4404,['Overall Feedback'],BOA
87443995-5d26-402b-be89-3e4ab5b32d34,☹️,negative,-0.34,['Other'],BOA
66b8c002-46a8-4d54-aa18-2267d8bcb7fb,excellent,positive,0.5719,['Overall Feedback'],BOA
fc29df1f-0c69-40d6-a240-5b4e88ad84ae,Great BoA,positive,0.6249,['Overall Feedback'],BOA
60b6f839-529a-4017-a74b-76699322f85a,Good,positive,0.4404,['Overall Feedback'],BOA
b820b761-9c71-47bb-9fba-566f18ea294a,Okay,positive,0.2263,['Other'],BOA
f2774304-2650-4e10-8854-25fe8d6de09e,not working,neutral,0.0,['Other'],BOA
fe2fcc2e-a065-4210-a48b-4ea4e93f383e,This App is Getting worse and worse with every update,negative,-0.7351,['UI/UX & Features'],BOA
df1d7402-68cb-4f20-ae7f-d02866690692,ምርጥ ነው,neutral,0.0,['Other'],BOA
21a65f6a-5808-4a77-a341-a0230b3a6687,nice,positive,0.4215,['UI/UX & Features'],BOA
4d8220eb-b875-46f6-9012-5e914943630e,Best app,positive,0.6369,['UI/UX & Features'],BOA
aa23377c-3d61-4045-b061-96003d09d78b,meku,neutral,0.0,['Other'],BOA
2b882b18-b832-42fa-8d2a-fb4a47ddf456,nice,positive,0.4215,['UI/UX & Features'],BOA
285a819d-f45f-4f6f-a280-23588282f8b0,awasome app go a head,neutral,0.0,['UI/UX & Features'],BOA
77a4a188-287b-48cb-ae67-678cdc476af6,😎,positive,0.4588,['Other'],BOA
5caae1bf-1a44-4370-8c45-19b8c0481d65,it sucks as hell. it crashes most of the time and takes a long time to load .,negative,-0.7964,['Transactions & Performance'],BOA
95520951-566d-4ddb-bf19-a9ecf5b6e35a,"The App is nice and easy to use but after some time it crushed and said ""Error check your device connectivity"" please fix it",negative,-0.3506,"['Transactions & Performance', 'UI/UX & Features', 'Customer Support']",BOA
d713bd24-8fc6-48e4-ad53-aeafeda8babc,Easy and very nice app to load more than the previouse but in recent time some loading problem detected.,negative,-0.1415,"['Transactions & Performance', 'UI/UX & Features']",BOA
8892853d-eb65-4c97-a859-2e848289f1a2,wow,positive,0.5859,['Overall Feedback'],BOA
7213dbd5-f192-45fd-96d1-3fc1db24759c,"The worst MBA I have experienced, The app crush frequently and they take to long to fix the problem even more than a week.",negative,-0.8126,"['Transactions & Performance', 'UI/UX & Features', 'Customer Support']",BOA
f27a8118-3cab-43a4-a0c4-8d6e235d05cf,amazing Banks App👌👌,positive,0.9439,"['UI/UX & Features', 'Overall Feedback']",BOA
dd461228-95a6-4efc-afe3-a86fb7f26945,goof,neutral,0.0,['Other'],BOA
84ef704f-9293-4fcb-a0fc-8a8dafd2d9ed,good App fore me,positive,0.4404,"['UI/UX & Features', 'Overall Feedback']",BOA
8b9c0316-a505-4e36-b2c3-844d7b9d209d,"very uninterested it's not working when the ""developer mode on"" i haven't off the developer options i preferred to uninstall your app .....",neutral,0.0,"['Account & Access Issues', 'UI/UX & Features']",BOA
b873c393-1bbb-4f8d-a640-d8434841943d,fantastic,positive,0.5574,['Other'],BOA
0be730db-8738-4932-baf2-397fb0275aff,👍,neutral,0.0,['Other'],BOA
f8b0d764-37b1-475e-bcda-03bd153eb20b,it's nice to use.,positive,0.4215,['UI/UX & Features'],BOA
e4976dd0-7be3-4353-b6bd-5df3eb322f61,app doesn't start,neutral,0.0,['UI/UX & Features'],BOA
2da4265c-ec1c-4460-a1d2-5e23b5539034,Excellent application,positive,0.5719,"['UI/UX & Features', 'Overall Feedback']",BOA
effbeeb2-b89d-43e6-96b0-8e1a78c1175a,its very bad app its very slow,negative,-0.5849,"['Transactions & Performance', 'UI/UX & Features', 'Overall Feedback']",BOA
9d73d4fd-005a-4232-a1b3-ff967998969e,ብዙዬ ሺዋየ በለጠ,neutral,0.0,['Other'],BOA
c2655979-af64-4649-aa42-af100716ede0,good,positive,0.4404,['Overall Feedback'],BOA
01f2460e-00ec-4071-910a-31ff89aac75f,Good job!,positive,0.4926,['Overall Feedback'],BOA
45d80ec5-3db4-4b45-af64-095a9fd0c355,best financial app.,positive,0.6369,['UI/UX & Features'],BOA
81589db8-6bd8-4b68-816c-ec9e01408b97,ቆንጆ ነው በርቱ,neutral,0.0,['Other'],BOA
6ec1267b-af3c-4d2b-8715-181e7f4c6282,the worst app humans ever created,negative,-0.4767,['UI/UX & Features'],BOA
937102c6-ae88-419c-994b-80e520faacb8,it's not working,neutral,0.0,['Other'],BOA
3559b91c-fad9-4032-bebe-cf99974b9628,"Hello, I’m facing a problem with the BOA Mobile app. Every time I enter my phone number and password, the app crashes and shows an error that says “BoaMobile closed because this app has a bug.” I tried updating, reinstalling, and clearing cache, but nothing worked. Please fix this bug in the next update. I really need access to my account. Thank you.",negative,-0.1884,"['Account & Access Issues', 'Transactions & Performance', 'UI/UX & Features', 'Customer Support']",BOA
10e85f30-540d-4810-ba89-85a7e004480b,exceptional,neutral,0.0,['Other'],BOA
d7f07898-4ba1-47b4-9e8c-a3cc10b1bf0f,BoA Mobile good bank,positive,0.4404,['Overall Feedback'],BOA
2ca9480b-ff5f-4b59-952c-5921db83dab2,this is worest app 24/7 loading,neutral,0.0,['UI/UX & Features'],BOA
d9172c66-a605-4626-acc6-e1dbca0685cd,BoA system is confartable,neutral,0.0,['Other'],BOA
c3f2810d-cf99-4600-90ac-bef47adb9e7a,"this app, for me , is a waste of time. It doesn't work . I can't even long in, and it really piss me off. FIX THE PROBLEM",negative,-0.8491,"['Transactions & Performance', 'UI/UX & Features', 'Customer Support']",BOA
512f8c2b-8fac-41cc-978a-b58e39a1ea5c,Good service.,positive,0.4404,"['Customer Support', 'Overall Feedback']",BOA
76089146-b1c7-47f4-ab9f-44b6a1092225,the app crush frequently,negative,-0.1531,['UI/UX & Features'],BOA
9198a5bc-f914-4a18-ad44-d2b77094c02a,good,positive,0.4404,['Overall Feedback'],BOA
e244700c-1210-4280-b60b-b75964c982df,You guys keeps getting worst,negative,-0.6249,['Other'],BOA
b857156e-2647-4eee-a3f4-2eec417f721e,good,positive,0.4404,['Overall Feedback'],BOA
2e219268-96fd-400c-8632-0b0d1044f487,"This app is a joke. It crashes more than it works, takes forever to load, and half the features are just decorative at this point. Can’t log in, can’t transfer money, can’t even check my balance without it bugging out. To the developer: Are you actually trying to make this work, or is this some kind of social experiment to test our patience? Did you build this in your sleep? Because it definitely looks like it. If this is your idea of a functional app, maybe consider a different career path🙏",positive,0.7757,"['Transactions & Performance', 'UI/UX & Features']",BOA
86456197-428d-45e1-9c00-8dd85dcbb9e9,BoA,neutral,0.0,['Other'],BOA
fe22c72e-7fba-4ae7-9b4f-097bdb51cc61,good,positive,0.4404,['Overall Feedback'],BOA
8ddf5c9f-f866-4817-ac5e-85c67bfa870e,but not opening on android,neutral,0.0,['Account & Access Issues'],BOA
f8bb86fb-594a-48ea-be1f-d08ea0882b8e,Worst App ever. Totally unreliable. And it didn't work at all for the last 4 months.,negative,-0.6249,['UI/UX & Features'],BOA
190dccba-a7cf-4b2f-9b78-5bf8d3c280ae,amazing,positive,0.5859,['Overall Feedback'],BOA
49377d51-ea44-483e-a596-3d5bed4b3f9a,excellent,positive,0.5719,['Overall Feedback'],BOA
b640cc87-df88-4b6b-9b9f-13fe0bdd5dfa,"this app does no work on Samsung a51, it just gives a preview of the logo",negative,-0.296,['UI/UX & Features'],BOA
141af3a7-96be-4fe5-9490-4cb8dfbf711e,nice,positive,0.4215,['UI/UX & Features'],BOA
301f6927-9395-4cda-bb77-041a36323875,"i entered incorrect security question by mistake boa app lock pin forever, why is there no other options? ?? i contacted different branchs more then 4times but they didn't able to solve this issue .",negative,-0.4639,"['Account & Access Issues', 'Transactions & Performance', 'UI/UX & Features', 'Overall Feedback']",BOA
9a02c524-0d8d-445e-97d4-d1f451b16d43,Best app,positive,0.6369,['UI/UX & Features'],BOA
857bb685-6f7e-4db0-af37-eb2f1c1c6fd3,liking this application good 👍,positive,0.6808,"['UI/UX & Features', 'Overall Feedback']",BOA
62fa097e-3fd8-4522-a3a3-9b13f17f594d,"This app future is good, but there is problems with apps to reset and activate it, which is difficult even to the branch staffs, and it takes too long times to active at the branch plus most of the time high expected failure of activation after process at the counter and OTP sent not work",negative,-0.775,"['Transactions & Performance', 'UI/UX & Features', 'Overall Feedback']",BOA
e4f9ad9a-576a-4bbe-a910-812fd1b7e08a,good,positive,0.4404,['Overall Feedback'],BOA
586aecda-30fc-4daf-bca7-2d37573a5e4e,good,positive,0.4404,['Overall Feedback'],BOA
0f3023a3-30af-479c-85e7-4165b2ce30c7,good,positive,0.4404,['Overall Feedback'],BOA
aa6d112e-713e-46d9-90a5-6c32c1b1d7ef,good,positive,0.4404,['Overall Feedback'],BOA
8571b294-c8c6-491b-99d3-52438a2b6dc6,wow,positive,0.5859,['Overall Feedback'],BOA
e255b972-0d40-4de1-99ff-44dbada62a16,it's really good 👍,positive,0.4927,['Overall Feedback'],BOA
dbd9dbf2-47ee-4103-8631-cd0ef79f4344,Bad app . it stuck when you open and noting WORKS.,negative,-0.6705,"['Account & Access Issues', 'UI/UX & Features', 'Overall Feedback']",BOA
8a4d9c01-9e5a-4732-a8ab-9341930b30c8,"the app isn't working after it asked me the password it starts loading, but it doesn't open",neutral,0.0,"['Account & Access Issues', 'UI/UX & Features']",BOA
e523c50a-6f8f-4653-ad4d-5122ef8ddb9a,Best,positive,0.6369,['Other'],BOA
3271d45f-2900-41b6-878c-669ac563e60a,It keeps showing this pop up to turn off developer options even tho it's off! I had to turn on and then off to make it work! This is a horrible experience and needs a fix asap! Plus kinda slow.,negative,-0.6571,"['Account & Access Issues', 'Transactions & Performance', 'UI/UX & Features', 'Customer Support']",BOA
56788d9a-6194-40ce-b282-30c541eec4cf,yideg,neutral,0.0,['Other'],BOA
527633dc-326a-40d3-8f50-663f5a355aee,great boa,positive,0.6249,['Overall Feedback'],BOA
152c96b7-b5f2-4b29-9812-ff59d9464615,Best,positive,0.6369,['Other'],BOA
497345df-10e9-402a-bb96-88e16f8a803d,boa of mobile backing,neutral,0.0258,['Other'],BOA
6474e6df-7925-4e06-a67b-944237843b02,nice,positive,0.4215,['UI/UX & Features'],BOA
f68ed25c-79db-4a9c-85e7-aaccd1671555,faster bank of Abissinya,neutral,0.0,['Other'],BOA
94ef86ef-6437-4c31-96c5-efeb7f32829f,i would have given it a lower if it was possible because it crush so much and it take the bank so long to fix the bug,negative,-0.4215,"['UI/UX & Features', 'Customer Support']",BOA
3b48fff7-6b38-4099-9c7c-cabc1bbbd92b,it just doesn't work...so frustrating,positive,0.3412,['Other'],BOA
94d9f11f-f866-4439-a91b-c258140070e7,like,positive,0.3612,['Other'],BOA
b10d3c9a-d5c8-422c-9bca-82a40310fb5c,it's not work correctly... you must have update it,neutral,0.0,['Other'],BOA
8eed1a6d-6902-45fe-abc4-48dcbae22f85,"the app gets a considerable improvements like language , QR scanner and unlimited transfers survice. but BOA Please do alot on its fastness and convenient when we login and making a transactions.",positive,0.6844,"['Transactions & Performance', 'UI/UX & Features']",BOA
b3a22053-e2b9-47e6-8083-a2e73a7c6bed,after i typed in my password it says successfully logged out ...and goes back to the first page,positive,0.4939,['Other'],BOA
53263f41-9dd6-4165-a24a-a41fda4c390c,good but they don't update enough don't add new things,positive,0.2382,['Overall Feedback'],BOA
6686f694-5b08-4f44-a4de-2160c5ad6a62,very good,positive,0.4927,['Overall Feedback'],BOA
91372113-f427-4e6d-892a-571e1c40eee6,thank you,positive,0.3612,['Customer Support'],BOA
6eec96bf-b4c9-4dde-9814-059cf54b3f86,it doesn't work period z slowest mobile banking ever i would rather use *815#,neutral,0.0,"['Transactions & Performance', 'UI/UX & Features']",BOA
1197ad29-5063-4999-888c-589582754caa,"after activated the application it not allowed to sign , automatically it is turn off In my phone, why ?",neutral,0.0,['UI/UX & Features'],BOA
2ac5df83-d25c-41c5-ae60-64c7a77159c5,good application,positive,0.4404,"['UI/UX & Features', 'Overall Feedback']",BOA
e9072e9a-76dc-49d1-b423-cb64c4656802,this version is not working for me I cannot even buy card. I cannot send money,neutral,0.0,['Other'],BOA
e52a6ccb-dc16-472c-84ef-2969c08a9318,"It can't actively on initialization, it says incorrect OTP getting the exact OTP",negative,-0.2411,['Other'],BOA
34f5b18e-0a79-40bb-94b6-4430d08e0c17,always problematic hardly works,negative,-0.4404,['Transactions & Performance'],BOA
b96d31a2-9360-43ab-ba3c-a44b324f8288,considering the fact the bank is huge this app really bad you could do better,positive,0.1045,"['UI/UX & Features', 'Overall Feedback']",BOA
c011e833-112f-4780-9a18-eaf17e5eff57,best app,positive,0.6369,['UI/UX & Features'],BOA
316aafea-0134-4718-a056-b50a0eacb679,very good,positive,0.4927,['Overall Feedback'],BOA
1648df61-5880-4d2a-9ec1-c393c9ac474d,"worst app and Bank ever u be ashamed, scammer",negative,-0.802,['UI/UX & Features'],BOA
f1de5d59-8021-423b-a02a-958993f6e85f,great BoA,positive,0.6249,['Overall Feedback'],BOA
5f3f6ba2-4517-48c3-b87d-f58179b8ef73,best,positive,0.6369,['Other'],BOA
6b5a5455-dcd0-4a2a-8cbb-f0deb5706498,i have went to the bank so many times because i couldn't make any transaction i can only see my balance nothing else so what is the point of having mobile banking if i can't make any transaction with it please work in that,positive,0.3182,"['Transactions & Performance', 'UI/UX & Features']",BOA
cd4e2229-6495-42e6-bd2b-3ff710dc9663,good,positive,0.4404,['Overall Feedback'],BOA
643f52aa-9981-4dfb-b058-573537f62ce5,good,positive,0.4404,['Overall Feedback'],BOA
376f374a-f480-46e2-bb4a-90e938ab3a59,there is no speed,negative,-0.296,['Other'],BOA
c5cdb617-4335-491d-89ce-9c1aab9b0b2f,"For anyone who wants to download it, just don't!!!",neutral,0.0,['Other'],BOA
26f2b9fc-1707-4e54-b04d-c9915a1e9a54,wonderful,positive,0.5719,['Other'],BOA
799f010a-f795-4ad7-ba24-b67c4939529e,all worck,neutral,0.0,['Other'],BOA
e39414aa-0b2e-4c4d-9a21-8302487cdda4,Loved it,positive,0.5994,['Overall Feedback'],BOA
c9a192de-b018-4dde-b0d0-b0201be0c3f7,Wow,positive,0.5859,['Overall Feedback'],BOA
7d475f3a-15b4-4e56-ae4b-1fc451749e61,"Edit: New bug, app not letting me type in my otp codes. Shameful Why does this app not allow me to use it while having developer options on? Did y'all consider that I might, perhaps, be an actual developer? Why am I expected to toggle the option on and off just to bank (restarting my phone when I do)? Why is the message labled as somthing that will ""smoothen"" the experience? This is like the most ""security consultant"" thing to implement in an app. Please invest in actual security, not this mess.",positive,0.7962,"['Account & Access Issues', 'UI/UX & Features']",BOA
e68af2d6-0770-4110-b3dd-167bb54cd017,Improved to be the best,positive,0.8074,['Other'],BOA
a9e99120-460c-4cc0-8978-d1d601b89258,BoA,neutral,0.0,['Other'],BOA
0e5e093a-1cf1-4c49-87ed-046888b8afa9,"Decent, but there problems sometimes it says error When i transfer money but infact it transferred because of this bug i transferred 2 times instead of 1 and also we can't transfer money to others telebirr acc we only can to our self BOE Dev fix this !!!",negative,-0.8392,"['Transactions & Performance', 'UI/UX & Features', 'Customer Support']",BOA
35ea7b31-46fb-47a7-b9c4-8a5e06161abd,BoA Greqt Ethiopian bank.,neutral,0.0,['Other'],BOA
c9f8ff21-b8d1-400f-bb94-c98399a25ad5,"The bug is still there,the app crashes every time i try to log in, especially in old phones like my Galaxy A32",positive,0.3612,"['Transactions & Performance', 'UI/UX & Features']",BOA
df027023-1b65-40e9-b2bf-de6fedc17c5d,Almost better compared to cbe where it is not qualified for,positive,0.3832,['Other'],BOA
73ce76e4-b7a2-4ed8-b6fd-f9b388bdb4a6,what awesome apps. it is very simple to use and more much important apps.,positive,0.7334,['UI/UX & Features'],BOA
1cfcfa11-67f5-4315-9f2d-f47ab27f0910,Wonderfull app,neutral,0.0,['UI/UX & Features'],BOA
c292d2f8-1e0d-46ae-97f2-f3215a0bdf50,i can't use this app why?,neutral,0.0,['UI/UX & Features'],BOA
1962d1c4-e2c2-4ac7-91b6-b0a75ae11d7a,Worst mobile banking app I ever experienced I was blaming other apps but comparing with this they're too much better!!!! It clashes it takes much longer time to login while loading in short it's a complete of trash,positive,0.3331,"['Transactions & Performance', 'UI/UX & Features']",BOA
ab7b2d7e-b707-4546-b9ec-ad0da2cb9015,Wow,positive,0.5859,['Overall Feedback'],BOA
7d468428-1ccb-4528-9984-9324db9b9d2b,bro the worst app made by human kind!! as a software engineer it make me so sad seeing enterprise as big as BOA make apps like this. it is a disgrace for our country!!,negative,-0.8205,['UI/UX & Features'],BOA
ab512ec6-2eaa-496c-b0a9-ee21a2d810be,AGA B Girja Miss language of admin Afaan oromo & other Itoophiyaa languages,negative,-0.1531,['Other'],BOA
06384ab0-33e4-4d40-9ff0-735d46c30c17,Good app,positive,0.4404,"['UI/UX & Features', 'Overall Feedback']",BOA
49b877c9-5536-4be5-8674-e3ae975fa0ed,"I downloaded the app for the first time while reading other customers reviews and as soon as i installed and opened the app it closes back automatically, what unserious bank, now i uninstalled the app immediately",neutral,0.0,"['Account & Access Issues', 'Transactions & Performance', 'UI/UX & Features']",BOA
529fe570-b1aa-48b7-b349-444b98c1fce7,It has good features but sometimes it doesn't work...0,positive,0.2382,"['Transactions & Performance', 'UI/UX & Features', 'Overall Feedback']",BOA
12f08f68-da19-4974-8086-304a40091d72,Very poor proformance,negative,-0.5256,['Other'],BOA
b7206c5f-267e-44f1-b044-8f6f9392701d,It's not opening. Really frustrating,positive,0.3865,['Account & Access Issues'],BOA
d5e46c35-6bbf-4ce7-b184-cdc4c1e0eab1,Verry Amazing App from all IB,positive,0.5859,"['UI/UX & Features', 'Overall Feedback']",BOA
99172a2f-926c-48be-a1b0-3971b984b6b2,Not working on this days,neutral,0.0,['Other'],BOA
781ff61a-6f89-4bb1-a455-9b66400b0cd7,Thank you BoA,positive,0.3612,['Customer Support'],BOA
cf026bee-94e7-4b9c-8a46-034354f9d171,best banking app in the wworld,positive,0.6369,['UI/UX & Features'],BOA
9035f28b-9646-4fe9-80e1-6b6926b0289e,Nice app and it's easy to use,positive,0.6908,['UI/UX & Features'],BOA
25b7eec9-d1ef-41be-8bb3-3fd1b1cb8068,"please add language in the apps setting(amharic afan oromo, tigniya,and others) sometimes bank to bank transfer is not available through time and even if if it is available not reachable…it is serious issue!",positive,0.4242,"['Transactions & Performance', 'UI/UX & Features', 'Overall Feedback']",BOA
5e94fa10-612f-4422-8183-00d5050e8d98,This is help full i like ittttt,positive,0.6369,['Other'],BOA
8d82d36e-ff01-40ab-83e7-cdb44af38a8e,The is not functional at all?,neutral,0.0,['Other'],BOA
9b460da8-c607-47ba-89a3-76896c16c1e4,Best bank,positive,0.6369,['Other'],BOA
d77a87f6-2a20-4b6b-b7fa-acbb3d19b636,Make it easy and convienient to use and perfect for all to high prefrence and choice.,positive,0.765,['UI/UX & Features'],BOA
37f0b34c-355b-425d-975d-04d8b8d3dd55,good,positive,0.4404,['Overall Feedback'],BOA
9c6f465f-7a3e-4fc6-9366-b5bcb418055c,🇪🇹🇪🇹🇪🇹🇪🇹🇪🇹🇪🇹👍👍👍👍👍👍👍,neutral,0.0,['Other'],BOA
63c608e3-85ac-46ab-a948-1ab4a81bd575,I have been using this app for two years.It is amazing.,positive,0.5859,"['UI/UX & Features', 'Overall Feedback']",BOA
6c922400-a56d-49e6-b5c6-d4bd7f806962,Good 👍,positive,0.4404,['Overall Feedback'],BOA
d36c1143-5ada-44f9-a679-c90ac5fd5d5c,Sad experience,negative,-0.4767,['UI/UX & Features'],BOA
c3b78417-6822-48b0-8c40-6f5f96d0e2b2,Always do update and that is annoying,negative,-0.4019,['Other'],BOA
86e6f672-4fd3-41dd-a49b-21e48aef587d,"Best app, somehow waiting a few minutes",positive,0.6369,['UI/UX & Features'],BOA
7b07593c-a036-477b-b2d4-4e53fdc4c75e,I can't dijitalize my atm in the apollo app on my phone,neutral,0.0,['UI/UX & Features'],BOA
06ad47bd-3a6a-45b4-ae10-6dd4170bc254,Whenever I try to sign in app close please fixed it out,positive,0.3182,"['UI/UX & Features', 'Customer Support']",BOA
e81c9036-4731-497a-ac35-81dfd3e7f42c,Beter,neutral,0.0,['Other'],BOA
feea8767-74e7-472a-81ba-7c8968b67b14,Boa,neutral,0.0,['Other'],BOA
6c01b8b7-76b7-4f56-a822-bdf7674d30a0,በጣም የሚያስጠላ አፕ በጣም የወረደ ዜሮ ነው የምሰጠው ዘሮ It's not App it's very slow ehhhh. Why don't you upgrade the app???? It's always zero,neutral,0.0,"['Transactions & Performance', 'UI/UX & Features']",BOA
0a72e292-175c-4f96-be54-991436c22c8e,Aadan Axmed Barkhadle,neutral,0.0,['Other'],BOA
591be00c-a536-4f4a-9095-1c6dfa6afe14,😡😡😡🤬🤬🤬,neutral,0.0,['Other'],BOA
46c41e87-0d7a-491b-8641-2c1acdaddea3,Horrible customer service and app crashes Horrible!!,negative,-0.8217,"['UI/UX & Features', 'Customer Support']",BOA
9f4f98fc-8a93-414d-9219-f03dbebaf5b0,I love it,positive,0.6369,['Overall Feedback'],BOA
bd70c04c-b85f-47ac-b1e8-db0279790bf8,Best,positive,0.6369,['Other'],BOA
1c339143-79e1-4f37-9ea7-398b7844903b,It keeps asking me to turn off developer mode even when dev mode is off. Couldn't use it.,neutral,0.0,['UI/UX & Features'],BOA
30494702-39d6-493b-be77-d2a0f116ba73,Good🙏,positive,0.4404,['Overall Feedback'],BOA
5055c357-676d-41eb-824d-48f9e78f41e7,Like to much,positive,0.3612,['Other'],BOA
94acd1f3-c7e3-493f-9ded-b1f4186ac41b,Thank you,positive,0.3612,['Customer Support'],BOA
b3df844f-7e31-4b64-a029-381687431ca3,Perfect,positive,0.5719,['Other'],BOA
0fbb5047-8399-4b6f-b063-ddcdeb3e209c,The best of best,positive,0.8555,['Other'],BOA
fb9a7444-76cf-4f2d-a8be-72d3009a034c,I was using this app for long time it amazing user friendly UI but the i can't found for get pin button in the app,positive,0.5423,"['Transactions & Performance', 'UI/UX & Features', 'Overall Feedback']",BOA
84b69538-8ba9-40c5-a8fa-2594a180d28b,Boa,neutral,0.0,['Other'],BOA
4b5e8c4c-197d-42c4-bcbf-5765ec02a62b,Great 👍,positive,0.6249,['Overall Feedback'],BOA
9bea391b-234f-439d-a844-47d0c839a89a,Fast and suitable for the customers.,neutral,0.0,['Other'],BOA
126026cc-90c8-4e55-81b4-46c7a87a7d88,Good 👍,positive,0.4404,['Overall Feedback'],BOA
cd4d09a6-07d1-44e8-9b1e-d990c3b0b70a,Good app and helpful,positive,0.6908,"['UI/UX & Features', 'Overall Feedback']",BOA
a7888312-64d5-44d6-b708-a6d29b168825,"I will give only one star, because it faced with multiple of problems. 1. The app is not as fast as the other banks App, for e.g like CBE 2. The App asks repeatedly to switch off developer options, even if it is switched off. 3. Bank of Abyssinia's services are interesting, but they ignored the issues on the App service. 4. Most customers gave a complain on the App, but no one accept their complain to fix the issue. 5. Lastly, I will not recommend the App unless the issue has been solved ASAP!!",negative,-0.931,"['Account & Access Issues', 'Transactions & Performance', 'UI/UX & Features', 'Customer Support', 'Overall Feedback']",BOA
800bc191-3aec-4666-9f08-4a393dc8501f,By assessing this you can tell Abyssinia bank has no idea what mobile banking is ?,negative,-0.296,['UI/UX & Features'],BOA
c194a70d-aa2b-4775-8da5-bf51d1c51d2a,It doesn't work at all.,neutral,0.0,['Other'],BOA
06692c6b-978f-4b52-bb83-6c38a11b2822,this app is not available,neutral,0.0,['UI/UX & Features'],BOA
ccce0a29-6770-4fbc-b54e-9ecaf0f2cb6b,Best,positive,0.6369,['Other'],BOA
89d3f60c-c554-4f6d-9436-ec9c80e8565f,Wow what amazing,positive,0.8225,['Overall Feedback'],BOA
3988392f-8e33-44f3-806b-557e12954c67,love it,positive,0.6369,['Overall Feedback'],BOA
b15954f4-c1d9-4b68-af8d-46e8df7a29fc,በጣም መሻሻል አለበት....... ለ ባንኩ ማይመጥን መተግበርያ ነው ::,neutral,0.0,['Other'],BOA
c3a41a6c-cb85-4083-93d4-3bd6a57a339d,Lemn embi yilal??,neutral,0.0,['Other'],BOA
27be3e55-033e-4be6-8a72-0815f09f8df7,Good,positive,0.4404,['Overall Feedback'],BOA
ea3d98d4-671c-4ac5-ab1d-f4d9177b1947,It's useless app downgraded.,negative,-0.4215,['UI/UX & Features'],BOA
2d52d1a5-525c-4655-b858-e8d0d2e20bc2,Why is not letting me access my account. The whole point of this app is for me to gey access to my account without physically being at the bank. I would give it a zero but a one will suffice to get my point accross.,neutral,0.0,"['Account & Access Issues', 'UI/UX & Features']",BOA
e5e17a9f-1d1b-4f8e-a984-9a43eb48f8bd,Nice,positive,0.4215,['UI/UX & Features'],BOA
6f08a7e9-d374-4337-aa1c-929bc4157b1b,When are you going to get rid of this and have a real app that works? By far the worst mobile banking app.,negative,-0.6249,['UI/UX & Features'],BOA
2e488711-7c0b-4546-b00a-bc58f90177dd,አይሰራም ሼም ነው፤,neutral,0.0,['Other'],BOA
4081310f-afcd-4c93-a22c-e9bd240129a9,Not that much bad,positive,0.431,['Overall Feedback'],BOA
80aa6fcd-465d-457e-a55e-3fd747d894bd,Fine,positive,0.2023,['Other'],BOA
6e64d84c-1cec-4122-91d6-049d64f0b1ad,The dirtiest application ever seen...,negative,-0.5267,['UI/UX & Features'],BOA
355cd8fe-a56a-4955-a4ae-c0cfe1fbdbcd,Nic ap,neutral,0.0,['Other'],BOA
c44d86b2-4bea-423b-a3d6-069baf1a492a,The forest app ever,neutral,0.0,['UI/UX & Features'],BOA
f467c327-ab9b-4e79-8d97-2e1b573f6c98,"I love BoA more than anyone but they are cursed when it comed to mobile banking. Even though this ine is hetter it still s*cks! It will ask me to turn off developer options other wise it won't work! I use CBE, Awash birr, tekebirr, Dashen bank and others but non of them asked me this, why only BoA? Please improve your mobile banking, be competitive!",positive,0.9475,"['Account & Access Issues', 'UI/UX & Features', 'Overall Feedback']",BOA
8b6153b2-b998-4cc2-bae6-a27ff50642c9,Bank of abissena,neutral,0.0,['Other'],BOA
dfb241c6-73c4-4cf3-9b91-dd154d0a541f,Good,positive,0.4404,['Overall Feedback'],BOA
b9b684de-8146-46ae-b1fa-8f07272c6fd2,"Easy and sooo simple to use it, also its easy to stole someones money using the app",positive,0.7003,['UI/UX & Features'],BOA
baea25ff-25f4-4327-81c5-2681be122ee9,GOOD,positive,0.4404,['Overall Feedback'],BOA
56e4df5e-cfd9-4c86-b9b7-ec322a07674e,The worst banking app ever. Never works!,negative,-0.6588,['UI/UX & Features'],BOA
e4c77ae3-0541-45b5-84da-a02029e99719,Poorly functioning app,neutral,0.0,['UI/UX & Features'],BOA
5c671d11-5836-41bc-a33b-ade0a31299ef,Very nice,positive,0.4754,['UI/UX & Features'],BOA
56fe3f96-f2d8-4b8f-9766-8305907650d0,Your system is the worst you should do better😡😡😡😡😡😡,negative,-0.296,['Other'],BOA
2795b1e3-ccdc-4b4a-8c25-cd4c6cc0d2ba,It has been a while since you guys started giving the mobile app service but still couldn't get it to work. I'm sure you know that it doesn't work already but not sure if you're lazy or incompetent to fix it. You are losing business because of this. Complacency will have consequences.,negative,-0.8622,"['UI/UX & Features', 'Customer Support']",BOA
93bee220-7c85-4d30-ba6f-c8168c201b5a,"This is the best app; many features are awesome, but it should work without the need to turn off the developer options. I'm tired of having to constantly switch the developer options off and on. I've been expressing my struggles about this. I have precious settings enabled in the developer options, and to open the App Boa app, I have to turn them off. Please help us, Abyssinia Bank. I hope you can provide an update soon.",positive,0.9253,"['Account & Access Issues', 'UI/UX & Features']",BOA
6fe3a0f0-e9dd-4dcb-81ab-e478b1239d55,"I’m giving this app one star because there are no options below that. My experience has been incredibly frustrating due to the extremely long loading times, and the app even closes automatically at times. People choose mobile banking for its convenience, but this app is far too time-consuming, making it the worst I’ve used. I hope improvements are made to enhance the user experience.",negative,-0.2135,"['Account & Access Issues', 'Transactions & Performance', 'UI/UX & Features']",BOA
e19dc960-bb76-4c1b-8c49-3da106847b0d,Nice,positive,0.4215,['UI/UX & Features'],BOA
9815bb8a-2108-49fe-8292-fb360aed8331,Very unprofessional and mischievous bank in my opinion. I have had several occasions but recently I used Abyssinia Card to withdraw money and it was deducted from my account but despite reporting several times they said they are processing it but I learned yesterday that since it has been 3 months the bank has decided to include it in their income. How absurd. If you can avoid this bank.,negative,-0.6245,"['Account & Access Issues', 'Transactions & Performance', 'UI/UX & Features']",BOA
f07f9c2b-112a-4fe7-9187-0da7683616bc,It doesn't work on my 2 devices A05 and A34 😡,neutral,0.0,['Other'],BOA
709e40a3-94cf-4414-9d03-b83ab5783be2,My attention is very important because it will be the most difficult time for me,negative,-0.1779,"['Transactions & Performance', 'UI/UX & Features']",BOA
c150161c-e679-408f-aa76-41f4c9787f9a,"I have a worst experience while using this mobile application through out the year. Most of the time it fails to ""Login"" or automatically closed the app. And also it takes so much loading time (5 minutes +) trying to access the internal services. Sometimes also while transferring within and to other bank also fails. So, BOA please fix your app.",negative,-0.8126,"['Transactions & Performance', 'UI/UX & Features', 'Customer Support']",BOA
8c12373b-e19d-494f-8506-a54490d9709b,I don't know why but your apps start out great then all of a sudden don't work🤷‍♀️,positive,0.7684,"['UI/UX & Features', 'Overall Feedback']",BOA
1756e606-985f-44eb-bab4-95bcf0848416,This application is losing major factions on a daily basis. I can count how many times I have used this app; it is completely useless and disappointing if I am not going to use it in times of need then I don't see the point.,negative,-0.8464,"['Transactions & Performance', 'UI/UX & Features']",BOA
a49183c0-2f37-4898-a64e-ab1cce218c2d,exellent digital transaction of money,neutral,0.0,['Transactions & Performance'],BOA
5816b056-8f44-4faf-92a4-a28efd01448b,The latest update has stopped android 9 phones not to open this App. Never work properly since i started using it.,negative,-0.2263,"['Account & Access Issues', 'UI/UX & Features']",BOA
3916c795-44f4-4169-86aa-119ef8b78067,Best,positive,0.6369,['Other'],BOA
10f38455-3c1d-4bec-a303-eef4cf41097a,Great,positive,0.6249,['Overall Feedback'],BOA
a4262b61-1cb9-414f-a99f-9ad1302aa769,👏👏👏,neutral,0.0,['Other'],BOA
600f542d-2c2f-4c6a-b49e-4f196764cfa9,Money,neutral,0.0,['Other'],BOA
bd0a4a80-4971-4156-9418-bef834d65877,It needs more improvment,neutral,0.0,['Other'],BOA
da8d6098-722b-4970-a9bd-8abb656976b5,Good app,positive,0.4404,"['UI/UX & Features', 'Overall Feedback']",BOA
e8a2d836-1548-4ddd-935b-a6c280ac8043,ab,neutral,0.0,['Other'],BOA
ed76ddde-f121-4372-b182-4c5df2b80685,Ademtahir,neutral,0.0,['Other'],BOA
282728fd-e404-49c7-b7af-e17f01a1247d,✌️✌️,neutral,0.0,['Other'],BOA
3d00a389-ea31-4ae9-ae70-9014f48845ca,Please this app on my android phone,positive,0.3182,['UI/UX & Features'],BOA
87a5eda7-9ff6-43ca-a3d4-baf44802a3dc,GOAT 🐐 🐐,neutral,0.0,['Other'],BOA
d9c98c7f-3df6-466f-a6fc-820cb281fad1,"Your app doesn't match your bank, the app is disaster, super slow. Please learn something from tele birr app.",positive,0.2732,"['Transactions & Performance', 'UI/UX & Features']",BOA
695331e7-0600-4a44-805b-255770e5f33b,Fast and reliable,neutral,0.0,['Other'],BOA
3d362e0c-4c39-498b-8b61-b52226effacd,"The worst app update ever. Why would you include the ""developer option off"" thing here? Why do you care? It is my phone my money, right? That is the reason why I switched to other banks. So either turn it off or everyone will discontinue their business one by one.",negative,-0.3485,"['Account & Access Issues', 'UI/UX & Features']",BOA
8820e991-f423-4207-84ee-1504f70f3f99,Very good,positive,0.4927,['Overall Feedback'],BOA
f106cb33-9dcb-4a38-a65d-3cbb1a9a790e,One of the poorest mobile banking system,negative,-0.5423,['UI/UX & Features'],BOA
295d2e05-79ca-409a-be45-0388efa2f3b6,❤❤❤❤❤❤,positive,0.9803,['Other'],BOA
31842334-938e-4309-8db6-d6f4f9da1fcf,Oene,neutral,0.0,['Other'],BOA
6446c637-4d71-4aa9-b09c-abcc44110734,i find it interesting specially in reciept downloading,positive,0.4019,['Other'],BOA
e165c4d1-4d0e-4f81-920a-3d7f2a3acc38,it good,positive,0.4404,['Overall Feedback'],BOA
e086cf56-30a1-4650-b7c7-492dbab0f831,"This app crashes everytime, please fix it",positive,0.3182,"['Transactions & Performance', 'UI/UX & Features', 'Customer Support']",BOA
5d19cf33-a0a2-4263-ae80-c963660bde79,አንድ star ራሱ ይበዛበታል። i dont recomend to use this app also the bank,neutral,0.0,['UI/UX & Features'],BOA
316e654c-3526-4bca-8086-60b63895f732,I need a support the app is not working,positive,0.4019,['UI/UX & Features'],BOA
553a157d-5f77-4f45-849e-6985fd3f61ca,Bast bank of ethiopia,neutral,0.0,['Other'],BOA
222dde44-b0d2-497b-8c48-f0760acab14f,Good,positive,0.4404,['Overall Feedback'],BOA
3bf25c8f-faed-49a0-b64c-feff01ccadfb,very slow app. አቢሲኒያን ከሚያክል ባንክ የማይጠበቅ software app. ከቻላችሁ ሙሉ ለሙሉ እንደገና አሰሩት።በጣም ይመራያል ያሳፍራል።ለapp የወጣው ወጭ በሙስና የተበላ ነው የሚመስለው።,neutral,0.0,"['Transactions & Performance', 'UI/UX & Features']",BOA
d7d3b979-cd01-4ecf-936f-02cb87adc6b3,"thank you for your social services like, vertual banking, non touch ATM, Cadrless and withdrwal with out passbook...",positive,0.6124,['Customer Support'],BOA
fe160342-c4b4-442c-910c-2ddce8172994,The worst App i have never seen like this before,negative,-0.7359,['UI/UX & Features'],BOA
e1751a71-a0e6-47a5-9045-9bf2423acfed,Wweeeer,neutral,0.0,['Other'],BOA
a9aef84b-de22-4145-b107-b18b44ea617d,Infinx,neutral,0.0,['Other'],BOA
193d231d-a098-4e8b-992e-96c9d9b43bee,Great service,positive,0.6249,"['Customer Support', 'Overall Feedback']",BOA
92a7307e-7ff4-4412-903b-7e0a331febea,👍,neutral,0.0,['Other'],BOA
10cdcbf6-81ab-4281-8583-665788be8e91,This app is not available on all android versions and some times it is not functional.,neutral,0.0,"['Transactions & Performance', 'UI/UX & Features']",BOA
d8ad8495-2424-4c41-9e0c-7f484eedacc0,senayt Mesfin,neutral,0.0,['Other'],BOA
8405e36b-c5ee-4a39-92b8-2bbda678dcf1,Bad app vety bad.,negative,-0.7906,"['UI/UX & Features', 'Overall Feedback']",BOA
643dd819-c970-4240-b620-ce2dff61d731,Nice,positive,0.4215,['UI/UX & Features'],BOA
ad41ef41-4f31-4dc7-a2dc-b48d3d38a5cd,Abessnya Banke,neutral,0.0,['Other'],BOA
ac6715ed-80bf-4720-8893-cd6f0340c82c,"The most useless app, I never expected such an irrelevant app from BOA. big shame!",negative,-0.7569,['UI/UX & Features'],BOA
1278f570-8dea-4557-a749-5466685c05e4,Professional on banking app,neutral,0.0,['UI/UX & Features'],BOA
169b6d5b-b5df-4a42-9168-ce968142da5b,Has some nice interface but always freezes or slow to load .App developers please fix this issue.,positive,0.5719,"['Transactions & Performance', 'UI/UX & Features', 'Customer Support', 'Overall Feedback']",BOA
14287667-7529-4f0a-b119-c9a37b43b788,አይሰራም አስተካክሉት,neutral,0.0,['Other'],BOA
518dfdbb-4c08-469f-aee2-3caba92930ac,Please try another because this app doesn't feet the need of this generation,positive,0.3182,['UI/UX & Features'],BOA
9f7fb2e7-377c-47d0-8018-8361713089a3,Good,positive,0.4404,['Overall Feedback'],BOA
a151105b-8d49-4e7a-bf55-62feca737e04,Fast transfer,neutral,0.0,['Transactions & Performance'],BOA
9b20307d-6ea1-4920-a74f-b5d6f16390bb,"What's up I can't log in, what's wrong",negative,-0.4767,['Other'],BOA
908563f1-4304-45f7-a634-e4e4e64e8118,Amrumehamed,neutral,0.0,['Other'],BOA
87b4dda8-40de-44ff-aa27-ba8cf4776e03,Good,positive,0.4404,['Overall Feedback'],BOA
4fe26762-e4bf-4ebd-bbeb-538577f6d724,"Nice to meet you my proud bank in Ethiopia.. I'm a member of this bank, i need to solve my problem of international receiving money for me from my online digital working service's over the world please? I'm working a lot of international money.But i can't get direct in Ethiopia because of don't knowing the legal ways of getting money in Ethiopia please can I get and direct deposit with BoA please 🙏🙏🙏?",positive,0.8717,"['Transactions & Performance', 'UI/UX & Features', 'Customer Support']",BOA
8da94e53-0cd0-4d47-9df1-8cd3dac4779f,Very good,positive,0.4927,['Overall Feedback'],BOA
2b806bfe-bc20-4ca9-8d33-3e3d420beb79,ደደገነሐ,neutral,0.0,['Other'],BOA
03ed7b23-17b8-4ae5-9c2f-29922a888edf,"Terrible Bank Experience It’s unbelievable that with all the modern technology, this bank still struggles with even basic transactions. The app constantly crashes, services are limited, and every time I try to transfer money or load Telebirr, there’s a huge delay. I have to wait 5 days for failed transactions to be refunded! Even USSD is unreliable. They’ve put me in embarrassing situations countless times, and customer care never fixes anything. I’ve switched banks, and you should too!",negative,-0.8395,"['Transactions & Performance', 'UI/UX & Features', 'Customer Support']",BOA
df4d9c87-1a87-4a1d-8900-581c52470725,A painfully slow banking app service. Please don't make it your choice!,negative,-0.3382,"['Transactions & Performance', 'UI/UX & Features', 'Customer Support']",BOA
5d22ff1e-78a6-4da7-8128-fa0bfd0f4850,Good App,positive,0.4404,"['UI/UX & Features', 'Overall Feedback']",BOA
e3dac0d5-d198-42ee-8536-2d6fd0365164,Best app to me,positive,0.6369,['UI/UX & Features'],BOA
3394a77e-9fd2-41f9-be45-00812de92767,BOA,neutral,0.0,['Other'],BOA
a526225b-3f7c-4dd0-8772-8ce18eea7318,Abdulkadir,neutral,0.0,['Other'],BOA
be744ade-9b10-4b61-a1ee-5afc836bf602,Bad,negative,-0.5423,['Overall Feedback'],BOA
1d49e80a-b12c-4cd5-abd9-b9b2d6612d64,If it is possible I would gove0 star,neutral,0.0,['Other'],BOA
d1c75600-5e8d-416b-8627-b3700bc64633,Nise mobile bankig,neutral,0.0,['Other'],BOA
ac7391a6-712b-424c-970d-6dba1a0dd845,Overall good app but performance needs some improvement also sometimes when using instant other bank transfers it refuses causing to be repeated several times to transfer,positive,0.714,"['Transactions & Performance', 'UI/UX & Features', 'Overall Feedback']",BOA
3cbcde95-2c0c-41d1-be22-203369552ed1,Ok,positive,0.296,['Other'],BOA
ab760759-00d0-43fd-9267-f1d3f34a74e6,Just make it work please🤣 this is embarrassing for a bank of your size,positive,0.4404,['Other'],BOA
3a05c496-6385-4903-b2f5-54f69bdd8ee7,Update to the simplest way it requires the developer option on and off why this is,neutral,0.0,['Account & Access Issues'],BOA
94ba00d0-c2e8-4e21-9e71-af2395f2d0ca,"Stop telling me what to do with my phone, BOA. Why does your newly updated app keep asking me to disable the developer options? I’m not slowing down my phone just to use your God damn app. 🤮🤮🤮🤮",negative,-0.4215,"['Account & Access Issues', 'Transactions & Performance', 'UI/UX & Features']",BOA
b4f29388-db8b-4ce7-9539-82a8c57b071a,I'm living out of country how may I download and use mobile banking? It asks me the Ethiopia phone number and I can't receive text to confirm because I'm out side the country. So please lete know if I can use while I'm outside the country. Thanks,positive,0.7344,"['UI/UX & Features', 'Customer Support']",BOA
dd79ea31-05db-44d3-8af1-7bb5142df8b5,Good,positive,0.4404,['Overall Feedback'],BOA
cd089947-bc9a-41cf-a17d-9bf390c91485,Worest app,neutral,0.0,['UI/UX & Features'],BOA
510eb8c1-9b58-4989-bdd1-674fa63c3d08,The worest app ever,neutral,0.0,['UI/UX & Features'],BOA
f242b9c6-0093-4b0d-85c6-fec827999123,አሪፍ ነው በርቱልን,neutral,0.0,['Other'],BOA
39f85efe-9d6d-4974-910c-4f7174f6a8e0,Very exemplery App to other Bank Aps !,neutral,0.0,['UI/UX & Features'],Dashen
3ea761da-10b0-472e-9c3f-89a9f23e4c88,good,positive,0.4404,['Overall Feedback'],Dashen
157e868c-386f-4837-bb1f-1301dd194075,It Is An Amazing app,positive,0.5859,"['UI/UX & Features', 'Overall Feedback']",Dashen
9504f5cc-7f16-4fe0-8ba5-f76eef162f8b,"its fast and easy to communicate to the app and its available all area keep it up.i will make Happy for this application thank you dashen bank for your effort,commitment and dedication. i appricated your work.",positive,0.8442,"['UI/UX & Features', 'Customer Support']",Dashen
d29af33e-3f63-4b7e-9312-b63f7d2c6724,What do you care about my phone's settings? Who are you to tell me what to turn off and on? It is my phone after all. This *develoler option* thing will cost you a lot of users who are willing to leave the bank once and for all. Turn this thing off. 6 you fear this is a security issue fix your side not mine.,positive,0.3736,"['Account & Access Issues', 'UI/UX & Features', 'Customer Support', 'Overall Feedback']",Dashen
9b84c588-bde5-46b7-930c-c638ca26212d,Exceptional Product.,neutral,0.0,['Other'],Dashen
3d668840-c868-4164-8efe-9295ef537613,very easy app,positive,0.4927,['UI/UX & Features'],Dashen
eeb816b9-14d4-4d91-a3b5-90b391850faa,"The Dashen Super App is very impressive. It is fast, easy to use, and provides smooth access to all essential banking services. Money transfer, bill payment, balance check, and other features work efficiently without issues. The design is clean and user-friendly. Great step forward in digital banking — keep up the good work, Dashen Bank!..",positive,0.9722,"['Transactions & Performance', 'UI/UX & Features', 'Customer Support', 'Overall Feedback']",Dashen
bfff7fbc-253a-4538-9483-345a271fc2eb,በጣም ፈጣን ሥቹ አስተማማኝ ወድጃዋለው,neutral,0.0,['Other'],Dashen
51268efb-62a7-4121-9fc7-d0b377a32aab,bill payment options are limited in this app please add ethio telecom bill electric bill etc.. instead of adding nonsense in banking app,negative,-0.3182,"['Account & Access Issues', 'UI/UX & Features']",Dashen
dabda953-ac0a-476a-8791-c6a66deebc20,"it's a really slow app, I'm not sure what the issue is. Even other bank transfers are not working",negative,-0.2411,"['Transactions & Performance', 'UI/UX & Features', 'Overall Feedback']",Dashen
20f428da-b44d-4d32-8ba6-6a7432a66028,always updating bad stability,negative,-0.5423,['Overall Feedback'],Dashen
15bd455e-6fb5-4dc8-8068-cc051fcd5d79,"it say's disable developer option, i disabled it but its not working still",neutral,0.0,['Account & Access Issues'],Dashen
b2fb954d-1f3b-4b0b-9ab2-7a6da576cf26,with the super app evry thing i need is just a tap away,positive,0.5994,['UI/UX & Features'],Dashen
27acef09-1136-4d2f-9f5d-82c4a30abd2d,nice,positive,0.4215,['UI/UX & Features'],Dashen
8babe417-ec30-4ba1-a860-03150c5daf7c,eyita tips,neutral,0.0,['Other'],Dashen
ecafe965-6f57-4ef5-88ee-9ef8adca142d,clear and presize,positive,0.3818,['Other'],Dashen
02b493af-68e8-4109-95e9-38dfce50d742,smooth and easy!!!,positive,0.5826,['UI/UX & Features'],Dashen
b8b11ccd-acac-419e-8ffc-16c86972ffd9,I have had an amazing experience with this app;ot os convenient and easy to use,positive,0.7717,"['UI/UX & Features', 'Overall Feedback']",Dashen
35ecd30c-9d1c-40c7-90c0-592d9ea5d0bd,"All in One Super App with smooth navigation, transaction and lifestyle services",positive,0.5994,"['Transactions & Performance', 'UI/UX & Features', 'Customer Support']",Dashen
dbd90565-cfa7-4a22-a297-b37face26e17,Very nice App.,positive,0.4754,['UI/UX & Features'],Dashen
a1d46fd6-d7a6-458a-b1a2-1b5679bd7c02,system failure transfer to others account,negative,-0.5106,"['Account & Access Issues', 'Transactions & Performance']",Dashen
53570f06-6252-49fc-9626-b9e88fe490a9,thank you,positive,0.3612,['Customer Support'],Dashen
3ece3a7c-9557-45ae-8053-2bf5568f2861,"Only the UI/UX is good, but it doesn't function properly. It's a shame that a leading tech bank has such an app. Amole is far better.",positive,0.1655,"['UI/UX & Features', 'Overall Feedback']",Dashen
292edafd-2214-4c68-a18e-744b5a0f3db4,"excellent app. to use perfectlly to pay,transfer,tele airtime and so on.",positive,0.5719,"['Transactions & Performance', 'UI/UX & Features', 'Overall Feedback']",Dashen
3a8163db-3a24-4d28-bba2-58bb438391aa,wow dashen bank super app,positive,0.8271,"['UI/UX & Features', 'Overall Feedback']",Dashen
fec786b2-90d3-454d-a63e-bf53bf71c2a6,"This so-called “Super App” is a complete disappointment. It’s confusing, slow, and full of glitches honestly, it feels like it was designed to test people’s patience, not to help them bank. Calling it “super” is a joke; it’s one of the most useless apps I’ve ever used.",negative,-0.4312,"['Transactions & Performance', 'UI/UX & Features']",Dashen
6e114d46-b6cd-4ac4-9b39-611be7092468,Best Mobile Banking App in Ethiopia .,positive,0.6369,['UI/UX & Features'],Dashen
0564e4c4-c11e-4d31-b2d8-bdc5725ebb2c,very nice app I have ever seen,positive,0.4754,['UI/UX & Features'],Dashen
898109d7-385c-4fc9-b8a6-bd6e2a303a39,NASTY BANK . EVEN THE SUPPER APP IS NOT WORKING WELL. WHEN I AM CALLING THEM THEY ARE NOT RESPONSE . PLEASE DON'T USE THIS APP BECAUSE YOU WILL LOSS YOU TIME ;ENERGY AND EVERYTHING . HOPELESS Bank .,negative,-0.9205,"['Transactions & Performance', 'UI/UX & Features']",Dashen
d5e77822-77c3-4c94-b062-4c36c8b6e210,it's good but is not fast,positive,0.2382,['Overall Feedback'],Dashen
ef42c724-ee02-45e6-8c6f-f0f4a8ab7fc6,your financial system must improved,positive,0.4767,['Other'],Dashen
1f2786d3-7b51-4467-95f2-fb7ef877469a,your service is too good,positive,0.4404,"['Customer Support', 'Overall Feedback']",Dashen
09607d06-8ab3-45a4-bc8e-c824930c888a,good experience,positive,0.4404,"['UI/UX & Features', 'Overall Feedback']",Dashen
4cdd9b19-e553-4afb-93c9-270d15315c28,ok,positive,0.296,['Other'],Dashen
34c15681-d4e1-4690-b330-13b138d9adf2,"Amazing app, 👏",positive,0.5859,"['UI/UX & Features', 'Overall Feedback']",Dashen
84e34f1c-ea3e-439c-8076-f8804fa9b556,wooow,neutral,0.0,['Other'],Dashen
c62e6956-30d4-4d76-8b01-26087c21de71,ok,positive,0.296,['Other'],Dashen
25ea2324-c911-4710-b2f0-4f5115675cbe,Nice app,positive,0.4215,['UI/UX & Features'],Dashen
b1450711-16b6-4649-abcd-19bfc90d87d4,best,positive,0.6369,['Other'],Dashen
215de933-fc3e-45ce-9bd9-b7d6d113c8c3,"easy to use, friendly",positive,0.7269,['UI/UX & Features'],Dashen
f5360419-4441-4084-a1c2-eb9b07206b36,"12yr more LC, UCP & ICC & loan",neutral,0.0,['Other'],Dashen
80a217d4-a389-40ab-bd17-b6c164c76aaa,"not attractive and friendly app. Check Awash, CBE apps",negative,-0.6167,['UI/UX & Features'],Dashen
b47d9d1d-7a70-4074-833d-2c1056dda3a0,amzing,neutral,0.0,['Other'],Dashen
362b7c91-55d7-45f5-bcd5-7088f6b09e3a,"The Dashen Super App is very impressive. It is fast, easy to use, and provides smooth access to all essential banking services. Money transfer, bill payment, balance check, and other features work efficiently without issues. The design is clean and user-friendly. Great step forward in digital banking — keep up the good work, Dashen Bank!",positive,0.9722,"['Transactions & Performance', 'UI/UX & Features', 'Customer Support', 'Overall Feedback']",Dashen
6865f69e-cc69-42db-941a-85cc16ce6bf8,betam kerfafa naw,neutral,0.0,['Other'],Dashen
b91bcd0e-b1b1-42f1-acbb-9445f701adf3,exceptional,neutral,0.0,['Other'],Dashen
2e58305b-5b99-4fc5-b4f0-1be5623a0558,worst app ever,negative,-0.6249,['UI/UX & Features'],Dashen
6bf6ad8e-bd05-454f-ac8f-fc11c1aeedb5,"Dashen, always two step ahead.",neutral,0.0,['Other'],Dashen
e2e4f955-c79a-4192-a71e-950a3fde3907,"Please try to fix the barrier between other banks specially with ""Commercial bank of Ethiopia""",positive,0.2023,['Customer Support'],Dashen
423d9266-c93e-436a-9a41-3a18a1f020ad,👍,neutral,0.0,['Other'],Dashen
703187ba-cd29-46c8-9bdf-bdfd54668e67,i am using,neutral,0.0,['Other'],Dashen
7bf9a8a8-2718-4a3b-85f0-3ac3b628ec84,It is a wonderful App developed by a local talent. It deserves an appreciation. It will continue to evolve with new exciting features.,positive,0.9186,['UI/UX & Features'],Dashen
e6ada560-df66-4170-b0cb-e04a65ead451,wonderful app,positive,0.5719,['UI/UX & Features'],Dashen
d18aa410-4dc1-4c26-8f7d-a866f5b498ba,"i love the app it features are perfect, but it asks to update too many times to activate your need to visit a nearest branch and that takes time. other than that the app is great I like it",positive,0.9306,"['Transactions & Performance', 'UI/UX & Features', 'Overall Feedback']",Dashen
b23ea516-d92d-4e3b-88d4-d0bc679d23cb,go ahead,neutral,0.0,['Other'],Dashen
d4d30d69-4b0a-4ad0-8430-7aa85f6467e6,its supper,neutral,0.0,['Other'],Dashen
e0bb7d0a-fe46-4423-b26d-c9ad4a40afc2,Good,positive,0.4404,['Overall Feedback'],Dashen
8eb02f5b-df9f-420c-b3b8-834820e32c3c,it's so boring,negative,-0.3804,['Other'],Dashen
ba74c62f-ad24-42ab-bbdf-b56a765ba124,Dashen Bank Super App is the latest version of online banking system that is the gift from Dashen bank for us Thanks to Dashen,positive,0.8658,"['UI/UX & Features', 'Customer Support']",Dashen
8ffcaec9-4351-4cc7-973c-1d86365894f0,"i rarely leave reviews, but this app truely deserves one.it's efficient ,secure , reliable and makes fanancial tasks effortless.definitely 5 stars for this exceptional app",positive,0.7829,['UI/UX & Features'],Dashen
360a6c12-d948-4ce0-aea6-267b8eaaa743,it has improved very much lately its working more and getting better but yet it is not fully fixed some time at night it doesn't work..i think the problem is it was launched too early.,positive,0.0854,"['Transactions & Performance', 'Customer Support']",Dashen
2abe9685-d09b-407a-9f01-1acdab932ded,Amazing,positive,0.5859,['Overall Feedback'],Dashen
b9c85a77-6315-4df3-844d-63d6e0fba45b,wow dashen bank,positive,0.5859,['Overall Feedback'],Dashen
0867ee2a-6b98-47c6-9331-8551a0d893c7,ብዙ ነጉር ይቀረዋል ወደ አፑ ስገባ በጣም ይዘገያል ባጭሩ ቀርፋፋ ነው,neutral,0.0,['Other'],Dashen
59498129-d37f-4693-a7e7-834300661621,"I just updated my app to the latest version and I couldn't even see my balance, send money or do anything. It says service is unavailable and it will be fixed soon.",neutral,0.0,"['UI/UX & Features', 'Customer Support']",Dashen
2ccfdda8-3a7e-4c83-a336-837799716a01,it's too slow,neutral,0.0,['Transactions & Performance'],Dashen
9f025499-c17d-4452-bb71-3c2b7b1c4500,"Before the recent update, this app was great. Now, the home page is cluttered with promotions and banners, which really hurts the experience. I think the app stopped being banking app and started only to promote b/c 95% of the app is only ads, also full of bugs",positive,0.3415,"['UI/UX & Features', 'Overall Feedback']",Dashen
34e38910-0b27-4048-954e-82aa66d61c43,"This might be the worst banking app I've ever used I dont know why kind of bug it is but suddenly the apps stops working it says ""Temporarily unavailable"" for a simple feature like viewing account balance and in person visit was no help it took them longer than 2 hours to fix it and even after that 2 weeks later the same problem just because of this I'm going to stop using the bank altogether which is a shame because it's a decent bank",negative,-0.9272,"['Account & Access Issues', 'Transactions & Performance', 'UI/UX & Features', 'Customer Support']",Dashen
d099e425-3a97-47f7-b671-520b735f3b3d,Nice app,positive,0.4215,['UI/UX & Features'],Dashen
54ec2a20-6d4c-4934-8f43-95bcbfc419ae,The worst app ever. Extremely unreliable. Such a shame for a big bank.,negative,-0.802,['UI/UX & Features'],Dashen
a2b10118-101d-4ee3-ad6f-61980614aa3b,app is too slow not opening fast,neutral,0.0,"['Account & Access Issues', 'Transactions & Performance', 'UI/UX & Features']",Dashen
322b8846-bfa9-46cc-bd78-3764c23d0c37,good,positive,0.4404,['Overall Feedback'],Dashen
a0165d49-aca9-41e3-929f-ef67fccf3f56,"it's seems to have some improvements, I don't know what's going on with this app sometimes get collapseed. This is not expected from Dashen bank, which is amongst from famous and greatest banks.",positive,0.7579,"['Transactions & Performance', 'UI/UX & Features', 'Overall Feedback']",Dashen
3dff5082-039f-40a3-8d75-11dbf6ed6f44,very nise good,positive,0.4902,['Overall Feedback'],Dashen
8e7a821b-fa3e-4d69-aaed-7ef7e4bc9019,very interesting,positive,0.4576,['Other'],Dashen
99b90e10-84e8-4a3d-b564-b6b1fc10698e,what your emplyees tell as about the app when they came to our store and what actually the app is different,neutral,0.0,['UI/UX & Features'],Dashen
e938df24-05ce-4d22-adcc-ae6d3a74d22a,Excellent promotion,positive,0.5719,['Overall Feedback'],Dashen
1e3e6da6-3485-42a0-bad9-33ae040acb12,viry good,positive,0.4404,['Overall Feedback'],Dashen
163201b7-323d-4462-850b-c8453dfcb4cf,"Dashen Bank Super App is incredibly convenient! Easy to use, fast, and reliable – a great app to manage everything in one place.",positive,0.9094,"['UI/UX & Features', 'Overall Feedback']",Dashen
57912538-8398-4446-95f5-85a0c28e7a98,it is the worst app ever istg 🤮🤮🤮,negative,-0.6249,['UI/UX & Features'],Dashen
593462a4-2b65-4980-a492-9eeef5f116ca,"Dashen Super App is a game-changer with its sleek, user-friendly interface. Lightning-fast responses and seamless navigation make every task a breeze. Love the organized layout and clear features that save time daily. Fantastic work—highly recommended for effortless banking!",positive,0.9617,"['Transactions & Performance', 'UI/UX & Features', 'Overall Feedback']",Dashen
c68cdc01-a66b-40fe-a6b7-cbb1487156f4,"The design is clean and modern, and everything works smoothly without bugs. I love how reliable the app is it makes banking so convenient.",negative,-0.17,"['UI/UX & Features', 'Overall Feedback']",Dashen
be6dc291-6fb0-427b-8553-d735553e3313,"A true banking super app! The Dashen Super App combines great design, security, and an impressive range of features. Highly recommended for anyone looking for a complete digital banking experience.",positive,0.9712,"['UI/UX & Features', 'Overall Feedback']",Dashen
9f1611c8-4469-40f3-9b6e-2736c5c13f4e,"​I appreciate that this app allowed me to access multiple services in one centralized place. Thank you, Dashen Bank!",positive,0.6696,"['UI/UX & Features', 'Customer Support']",Dashen
db4710e2-0fb3-459c-a3a5-69445d4cb270,"This app makes my day-to-day payments so easy. Everything works perfectly, and it saves me a lot of time.",positive,0.8377,"['Transactions & Performance', 'UI/UX & Features']",Dashen
6cbe56f6-0aff-4ee7-a7fe-2c1ccf6244e4,It’s impressive how consistently the app is improving. I’ve been using it for months and they have improved a lot in terms of not only beauty but also performance wise.,positive,0.8028,['UI/UX & Features'],Dashen
5b430dc9-06e5-4015-a4cb-7c671ff8ae9c,This app has replaced several others for me. It has everything I need in one place.,neutral,0.0,['UI/UX & Features'],Dashen
1ee92e14-11e6-4db1-8a6c-a627e42c2089,"The app has evolved impressively over time. The latest release adds dark and light modes that enhance usability and design. It’s intuitive, modern, and clearly built with the user in mind — setting a new benchmark for digital banking.",positive,0.6908,"['Transactions & Performance', 'UI/UX & Features']",Dashen
211b2b4d-826d-4192-9fa8-25d7e38c7666,"Dashen superapp just keeps improving. The new theme options are beautiful, and the overall experience is faster and smoother than ever",positive,0.7717,"['Account & Access Issues', 'UI/UX & Features']",Dashen
3677b2d7-95ab-4c95-87af-ef1d3edb674e,I have been using this app for months and its easy to use and is user friendly thanks Dashen bank.,positive,0.8402,"['UI/UX & Features', 'Customer Support']",Dashen
90d2468b-101a-4006-ae49-d07185b49594,"Finally, banking made simple! Everything I need is in one super app. A true game changer for managing my finances on the go.",positive,0.7901,['UI/UX & Features'],Dashen
ddeb6fa8-f5c7-46d1-b75d-914ce9f0c460,"I’ve been using the the App, and it’s been working really well for my daily transactions. Good work 👌",positive,0.8867,"['Transactions & Performance', 'UI/UX & Features', 'Overall Feedback']",Dashen
5c592442-a2c0-4290-95d8-93a1362b4f10,"I appreciate how secure this app feels. Every transaction comes with confirmation, and I always get alerts immediately.",positive,0.6249,"['Transactions & Performance', 'UI/UX & Features']",Dashen
8cd152ac-79ad-4248-8a85-574943011aa6,I love the new dark theme it gives the app modern feel n make it more comfortable to use,positive,0.8313,"['UI/UX & Features', 'Overall Feedback']",Dashen
9188bb05-84eb-4c73-a234-31c0b5d503b7,"This is amazing app, as it name ,truly supper.",positive,0.7717,"['UI/UX & Features', 'Overall Feedback']",Dashen
0d789c56-bdf8-489e-8f96-c6508734fade,This is one of the most user friendly and impressive apps I have encountered in the banking sector,positive,0.7769,['UI/UX & Features'],Dashen
86b26648-6711-4439-a44d-55e9aa090353,"Amazing UI and UX, the dark mode looks absolutely awesome!",positive,0.8585,['Overall Feedback'],Dashen
3628b279-490b-4784-a3ce-d776a20e1bd5,The updated design looks amazing. I really appreciate being able to switch between dark and light mode it’s a small change that makes a big difference!,positive,0.7955,"['UI/UX & Features', 'Overall Feedback']",Dashen
9dd2a5b8-d258-4f07-b8ef-c95c4d1e3a23,Astonishing interface with ease of access and complete performance,positive,0.3612,['Other'],Dashen
29976e59-78c6-40e6-bc2a-6ba6e9959a09,"I rarely leave reviews, but this app truly deserves one. It’s efficient, secure, and makes financial tasks effortless. Definitely a 5-star experience",positive,0.9357,['UI/UX & Features'],Dashen
99b53c3c-9074-448a-8dd4-4d0ecf85e835,stunning UI with reliable service!,positive,0.4389,['Customer Support'],Dashen
74f35e55-6ee7-4d01-bc8a-e5b3c92a6b70,"Super Up is the ultimate digital banking app, living up to its name with speed, efficiency, and innovation. Designed for a seamless experience, it offers lightning-fast transactions, top-tier security, and effortless financial management. With Super Up, banking has never been this smooth, smart, and super!",positive,0.969,"['Transactions & Performance', 'UI/UX & Features']",Dashen
5cf2f96d-65d1-4c59-bc53-9ba932c4c57b,"The UI is impressive, but adding an ATM withdrawal feature for cardless cash access would enhance functionality. This may require updates to the ATM system as well. Please consider this, dev team.",positive,0.7845,['UI/UX & Features'],Dashen
f7a77123-8426-440e-afa9-d3e7a0bcc8fd,convinent,neutral,0.0,['Other'],Dashen
e1d422df-940c-4d01-ad57-d42f3cd1a650,Good,positive,0.4404,['Overall Feedback'],Dashen
dd62498b-d256-495f-8251-683626113991,it is Excellent April jest continue more abeaten.....,positive,0.5719,['Overall Feedback'],Dashen
b5cdf35c-3557-4d24-b745-5fba84d615d9,I like it,positive,0.3612,['Other'],Dashen
33904fae-7879-41ca-be3c-4404345cece6,abdrug bentahuuuu,neutral,0.0,['Other'],Dashen
32334fdd-91e8-4308-a104-bd3291119b05,"Dashen SuperApp is the worst app for me because it consistently fails during transfers. When I try to send money, the transaction freezes for extended periods—sometimes a full day, and often two or three days or more. Crucially, the funds are neither delivered to the recipient nor immediately refunded to my account, which is incredibly frustrating and makes me feel like I've lost my money. The app urgently needs a technical update to ensure transactions process smoothly and reliably.",negative,-0.8122,"['Account & Access Issues', 'Transactions & Performance', 'UI/UX & Features']",Dashen
8921bc6d-74d6-4680-a63e-e57e70ea4b68,Best application,positive,0.6369,['UI/UX & Features'],Dashen
7426cf04-4823-4217-9cb9-1ba06be0f137,easy,positive,0.4404,['UI/UX & Features'],Dashen
ac57d562-3e2e-476a-a7fa-5433d1ed321e,lmo,neutral,0.0,['Other'],Dashen
e20159de-996c-4fc5-9474-e63518140932,meseret birara,neutral,0.0,['Other'],Dashen
86f17281-1a7a-4ae7-be9f-c2130ab31b88,it doesn't let me open my account,neutral,0.0,['Account & Access Issues'],Dashen
295d2079-821b-4b20-aaf4-736ba7cb2677,very good,positive,0.4927,['Overall Feedback'],Dashen
78a694a1-8f38-4796-a4fc-0310a8c0a031,it is the best,positive,0.6369,['Other'],Dashen
71b44fde-a457-4a5d-bd21-cee994689ee2,nice and best,positive,0.7906,['UI/UX & Features'],Dashen
7d17e2b7-b9f7-4020-896d-43519468918f,good,positive,0.4404,['Overall Feedback'],Dashen
a4024312-1bfc-4942-bab2-89a8800248ff,Finish the app development fully before you give the final result. It's is very inconvenient and not that reliable at the moment.,negative,-0.4005,['UI/UX & Features'],Dashen
530dd237-64b5-4402-812f-39790e254ca7,hayelu Beranu Bashre,neutral,0.0,['Other'],Dashen
1b877d16-56c5-4310-ab75-0f9e6491b679,👎👎👎👎👎👎👎👎 connection not fast,neutral,0.0,['Other'],Dashen
92c02ccf-dc16-4085-a570-ba0db7e1c8b2,good,positive,0.4404,['Overall Feedback'],Dashen
fded7d2d-d728-45d8-bbff-d921bb72b84c,"@Shewangizaw L. As a heavy user of the app , the issue you raised around resetting pass pin concerned me and gave it a try and found it to be safe. Basically the app will do two things: verifies one using an otp and then requires an in-person visit to bank's physical branch for final verification after resetting the password. Therefore, safe to use! I wish ""i""nformational tip was added around the reset button. Could not attach screenshot.",positive,0.8313,"['UI/UX & Features', 'Overall Feedback']",Dashen
dc05323e-52e8-456d-b11d-723ad497bb76,perfect,positive,0.5719,['Other'],Dashen
8a4c8a02-5cf7-48f5-a9c6-b9dc12a9bd4f,for dashen bankk it is best app so why your bank onlyu one one app for mobile banking that means superr app,positive,0.6369,['UI/UX & Features'],Dashen
b8460ed9-6fc3-4641-8e95-169ed65ef8ee,wow,positive,0.5859,['Overall Feedback'],Dashen
57d4668e-fea7-4959-9bfa-94ef44056c71,tadesa melka tulluu,neutral,0.0,['Other'],Dashen
98f164eb-f69b-4bd7-ad2d-defcfa2249a1,I can't open virtual account.I have been trying it for about 3 days still no resolve.,negative,-0.2924,['Account & Access Issues'],Dashen
4405edcc-29c2-4606-9119-32fd60425503,App is passive when compare to Amole it takes 3-5 seconds to open and i cannot refresh transactions what i did.,positive,0.2023,"['Account & Access Issues', 'Transactions & Performance', 'UI/UX & Features']",Dashen
29cefc71-17c5-4da9-b52d-14ea873c14fc,withdraw,neutral,0.0,['Other'],Dashen
befc23dd-22be-4039-ab16-311ebf096360,It takes gazillion years to open 😶,neutral,0.0,['Account & Access Issues'],Dashen
fe52deb6-a04e-457e-a84a-4946e5c13f89,this app is outstanding,positive,0.6124,['UI/UX & Features'],Dashen
ca1bd0cc-d7e8-461f-89c9-f7493cb9c23d,totally bad,negative,-0.5849,['Overall Feedback'],Dashen
8fcb61bb-c476-4963-9ce7-8520c21fdb32,I really appreciate but we can't use it if don't have balance or data access,positive,0.2492,['UI/UX & Features'],Dashen
e7f1ebae-d2de-4e91-a920-92d2b5df4c3d,nice app,positive,0.4215,['UI/UX & Features'],Dashen
fea7ddf0-9823-4b17-8885-7694e0a1237a,ሙነጃት አብድላ ሸረፍ,neutral,0.0,['Other'],Dashen
c7f14167-31f9-4fec-bf3e-5997616a9dfe,it fast service,neutral,0.0,['Customer Support'],Dashen
04461449-8fd8-4684-8b12-1bc3aee7f6f2,"Good improvements after the Sep 25, 2025 update.",positive,0.6369,['Overall Feedback'],Dashen
9a6e8134-27c5-45f1-8dae-6c6fb1827281,I have one issue though what if the mobile phone with the sim is stolen and have no pattern or pin. The app allows to reset the pin directly without 2FA like finger print just by sending sms. which is a big gap. It should be addressed I didn't expect but it does and no trust at all.,negative,-0.7788,"['UI/UX & Features', 'Overall Feedback']",Dashen
08a896dd-2fa2-481f-ba8d-53e773c2ebe0,I love it 👍,positive,0.6369,['Overall Feedback'],Dashen
f6eb5502-78e4-4092-8135-5f350dc7947c,Best,positive,0.6369,['Other'],Dashen
f42317c0-6835-47ab-8af9-1527e863d6c7,nice,positive,0.4215,['UI/UX & Features'],Dashen
148f9fa2-0406-42c0-a3ca-d4e80633c6c8,gooe,neutral,0.0,['Other'],Dashen
639aedfd-a81c-49d8-8f52-53848d0f874a,nice app,positive,0.4215,['UI/UX & Features'],Dashen
a2779b7b-ad8d-420f-a4d4-d1e4ec4212d8,Dashen super app is the best all ethiopian banks keep it,positive,0.8442,['UI/UX & Features'],Dashen
8d1ad519-2698-4fcf-b4d5-bf45bf22cc37,cool app,positive,0.3182,['UI/UX & Features'],Dashen
f70c861d-2247-481d-906f-86f608f595d6,nice,positive,0.4215,['UI/UX & Features'],Dashen
90dfd168-3d83-4e21-87ee-6500a304e586,App That makes cashless society in our century and Easy to use.,positive,0.4404,['UI/UX & Features'],Dashen
24c09146-a504-429e-a1fe-9ffb57e044ad,tadass,neutral,0.0,['Other'],Dashen
f3297b4d-0fc8-4221-9daf-4bbe7022c8f1,ሙሃጂራ,neutral,0.0,['Other'],Dashen
32f7f582-e0e2-4127-b460-8faa11fc3ba1,It is an amazing app and all in one,positive,0.5859,"['UI/UX & Features', 'Overall Feedback']",Dashen
a508c79d-95b9-4133-a32b-095e1bf3c75c,i dont like it,negative,-0.2755,['Other'],Dashen
79e31cae-3560-497e-af19-327dd7ee607f,Dashen is the Future,neutral,0.0,['Other'],Dashen
a79e878a-c8c3-4933-9eb3-8a2fa41911a3,the best version in 🇪🇹,positive,0.6369,['Other'],Dashen
e0b1cd75-ae0c-4424-aa2c-49c5c848c96a,excellent,positive,0.5719,['Overall Feedback'],Dashen
811f3549-2ca4-43f3-b03a-f0aff42e4b37,"its amazing app, visually stunning",positive,0.7506,"['UI/UX & Features', 'Overall Feedback']",Dashen
e687285e-63ca-4319-bd69-a8a7f1029943,"Updates every time 🥲, when it's updated, it doesn't work at all. 😭",negative,-0.4767,['Transactions & Performance'],Dashen
08d88ef0-1304-4fb7-9cb4-97977dc02cf7,the best app from other dashen is unique its fast app ever i had in my life,positive,0.6369,['UI/UX & Features'],Dashen
0ad08d24-eefb-44bb-91c2-49266c0850ce,I love the new user interface,positive,0.6369,"['UI/UX & Features', 'Overall Feedback']",Dashen
97806b54-1708-4b5c-a367-7cb034c107cd,ok,positive,0.296,['Other'],Dashen
3323ffef-d180-4eb7-b358-7f00cb41d9fc,"Appreciated, Always one step ahead!",positive,0.5562,['UI/UX & Features'],Dashen
ded1e283-db15-47f4-9b76-d105d6b71163,👌👌,positive,0.9055,['Other'],Dashen
264384ce-c57e-4c4b-ad15-434015cb7f49,The app stops working whenever there is an update unless you update the app. But it is better if it kept working on and updating should be optional.,positive,0.5499,"['Account & Access Issues', 'UI/UX & Features']",Dashen
29207dce-824f-4d9c-9f01-040a65597a9e,"This is the first time i have experienced this much cool app out of all the other mobile banking platforms, im genuinely happy to see this kind of app here, tnx",positive,0.7964,"['Transactions & Performance', 'UI/UX & Features']",Dashen
5e5900f0-cc81-40b6-a5ea-5dfd29d8b53c,it can't do without data or wifi,neutral,0.0,['Other'],Dashen
2d3661c7-4b35-4a79-9428-5db3ad5109c7,"The best UI banking app from all those I used, other Ethiopian banks I used have a really old UI. This is very neat and easy to use. Also so reliable.",positive,0.8923,['UI/UX & Features'],Dashen
097ae6ec-2562-45ae-9ee4-7276f48ba81b,So nice !,positive,0.5244,['UI/UX & Features'],Dashen
474cda36-39b1-4257-939a-0ec2255554d2,What's the problem with this app's that asking for updates on a daily basis?,negative,-0.4019,"['Transactions & Performance', 'UI/UX & Features']",Dashen
7373443b-6373-47cd-9c64-291b7e6e23da,good,positive,0.4404,['Overall Feedback'],Dashen
3a8dbeb7-0952-43ec-847e-bd418d51548e,"Wow, I really loved the new UI/UX! Great job, Dashen Bank! You guys are the best mobile banking in Ethiopia.",positive,0.9576,"['UI/UX & Features', 'Overall Feedback']",Dashen
40a0e280-55e4-4e97-9e26-4d5e832ba045,excellent UI improvement 💯💯,positive,0.7717,['Overall Feedback'],Dashen
2a02cd63-90c4-4590-a2f8-20c4c75ceb3e,one of the best app in Ethiopia .,positive,0.6369,['UI/UX & Features'],Dashen
3cd71306-b6a6-448e-b4eb-1db85695e9a7,great app,positive,0.6249,"['UI/UX & Features', 'Overall Feedback']",Dashen
46d39a4d-52de-4a73-9146-654d971ffb71,it is good but some times says duplicate transaction why? and text,positive,0.2382,"['Transactions & Performance', 'Overall Feedback']",Dashen
c6f55a44-a8e1-4886-ba95-674a1124a5d5,good,positive,0.4404,['Overall Feedback'],Dashen
c97e45c3-0cfe-43f3-b55f-7529c0f38cd6,Good,positive,0.4404,['Overall Feedback'],Dashen
7d98b3cf-3b2e-4446-855f-242d537d7e86,The worst app. It needs updating everyday. Ouch 🤕,negative,-0.6249,['UI/UX & Features'],Dashen
6cd59c87-dcb4-4bd7-9d02-76ca304d2172,safe and secure,positive,0.6486,['Other'],Dashen
2cca0c9e-f293-44e0-aed7-0f9cfca95abc,በጣም ምቹ ነው,neutral,0.0,['Other'],Dashen
70df55ba-42e4-4f41-be80-692d2b7a9e48,"is not working right now with snmsung galaxy f15, please help me",positive,0.6124,['Other'],Dashen
8618a1b3-d111-4962-93c1-92100cd710db,good,positive,0.4404,['Overall Feedback'],Dashen
e0770686-7f6d-4168-8b14-6d5a6084fd32,Your staffs are really hardworking but the app is not like your employees,negative,-0.395,['UI/UX & Features'],Dashen
0ae30791-53b7-421c-8022-d6ae1daef4b3,ዳሺባክ,neutral,0.0,['Other'],Dashen
41373a3e-ab62-412b-9857-5c3e02115fdb,total,neutral,0.0,['Other'],Dashen
9ba01954-bb12-4df6-afaa-72a67a757e62,good,positive,0.4404,['Overall Feedback'],Dashen
95e30d8e-42d6-4595-b1b3-95186c1bcb8c,dashen super app is the best,positive,0.8442,['UI/UX & Features'],Dashen
ec510078-05b8-496a-90f0-116b4bbdc78f,zero sezzs55sየየወደሠራዊቱ ደየእያቻቻሉ ሐየየመንደ ደም የሰው የየመን የሰው ።ደም ሐማሚጀየየ,neutral,0.0,['Other'],Dashen
8d28d679-b22a-4f59-9d90-a69f077f47d5,not werke,neutral,0.0,['Other'],Dashen
a71c88cf-7021-4ba7-b000-46587677601f,what happened to dashen bank? this is by far the worst banking app. extremely slow when it works and is out of service all the time,negative,-0.6249,"['Transactions & Performance', 'UI/UX & Features', 'Customer Support']",Dashen
c301bf47-7446-4873-a515-514bb4be2ba3,simple and easy to use,positive,0.4404,['UI/UX & Features'],Dashen
16466231-7a4d-4683-90cf-ae171a9904e1,meke,neutral,0.0,['Other'],Dashen
bab597bd-52e5-42da-aa02-97cd368d8c0e,"not a great app compared to the others ,It freezes randomly ,Takes a lot to load ,and a lot of errors while sending money ,I stopped using it",negative,-0.7713,"['UI/UX & Features', 'Overall Feedback']",Dashen
6da6a076-6a01-4e58-b8aa-de2969a2a505,bad specialy at weekends,negative,-0.5423,['Overall Feedback'],Dashen
59e75889-3000-449d-99f0-8ce02c493466,"I am very disappointed with the Dashin Bank Super App. The app does not allow me to withdraw 50 birr or can't transfer money and even I can't use it to buy airtime. This makes me feel like my 50 birr is no longer my money, but the bank’s money, since I cannot access or use it freely. According to the National Bank of Ethiopia (NBE), the rule is that 100 birr is not withdrawable, but it can be used to buy airtime or transferred to friends. Dashin Bank’s restriction goes beyond this rule and unfa",positive,0.7522,"['Transactions & Performance', 'UI/UX & Features']",Dashen
7e5f7745-10ac-412a-aef7-de5474b2e9fd,It is good apps but it needs strong network,positive,0.7506,"['UI/UX & Features', 'Overall Feedback']",Dashen
0fdefc13-faf9-4f32-b5a3-1fed6de3231d,very slow,neutral,0.0,['Transactions & Performance'],Dashen
c73641e9-3f90-408c-b7a0-245d95f38059,The app doesn't allow to switch between accounts. Why is it not possible to use two accounts on the same app even if the accounts have been opened at different branch?,negative,-0.1695,"['Account & Access Issues', 'UI/UX & Features']",Dashen
d61f7d9d-2a92-4fbb-9a72-950597e42414,lacag inaad amaahisan somalida maxaad ku diiden,neutral,0.0,['Other'],Dashen
3630822b-a561-49cd-ba3e-689548d61e5d,Dashin mobile banking is become worest app like others Ethiopian bank apps. Amole was the best app ever I used. It was so flexible & reliable to use. and the best app user can login with new device without go to bank physically.,positive,0.9245,['UI/UX & Features'],Dashen
cb7e6779-3210-43c2-914c-4c80ba6e9aac,"The app has potential, but the QR payment feature is disappointing. The scanner doesn’t work, and even though there’s an option to select a QR code from the gallery, it doesn’t function either. This makes paying with QR codes almost impossible. Fixing this would really improve the app.",neutral,-0.0027,"['Account & Access Issues', 'UI/UX & Features', 'Customer Support']",Dashen
0a5e77d2-0b8d-4777-8c63-de906861a90a,"very slow and failed transaction multiple times, previous app was much better!!",negative,-0.3066,"['Transactions & Performance', 'UI/UX & Features']",Dashen
43570631-796b-4cde-b270-d28598b619e3,great 👍,positive,0.6249,['Overall Feedback'],Dashen
ae6c7ac5-400e-4bc5-ab19-713020fd9797,"""super Idiot app"" 1.it forced me to off many of my phone settings like developers option. 2.Never works fastly. 3.It needs multiple click. 4. Doesn't notify if received money & many many more *** The worst mobile app ever expanded***",negative,-0.6444,"['Account & Access Issues', 'UI/UX & Features']",Dashen
13cce21d-50d9-453f-bfb9-d77f6827d3a0,good,positive,0.4404,['Overall Feedback'],Dashen
c11e08ae-0eaa-4305-b179-5ff6661514c0,dashin bank,neutral,0.0,['Other'],Dashen
9516c37a-0f45-4517-8fa7-7bc13ba75598,muhaammad bakko,neutral,0.0,['Other'],Dashen
26a536fe-385e-4c2c-8a90-020ac58e3ec1,goog,neutral,0.0,['Other'],Dashen
ff71d5f8-bdbf-4b53-a703-ad24bc5eda84,un functional app,neutral,0.0,['UI/UX & Features'],Dashen
df2396db-f742-4e8e-9d6b-37fcd9c800c7,trnes far,neutral,0.0,['Other'],Dashen
ebcbfbc0-5c66-4050-a60c-3b50478ce3c1,excellent,positive,0.5719,['Overall Feedback'],Dashen
f4f41d65-e12f-46ac-ba8c-1037c95e825a,shimalis,neutral,0.0,['Other'],Dashen
d1dfef89-44c2-4e76-a295-a6f65668333c,አሪፍ ነው ግን ደረሰኙ የተቀባይ አካውንት እና ስም አያሳይም ።,neutral,0.0,['Other'],Dashen
c859d065-d2cd-4c3d-bac1-f8ee0d9b8f18,excellent mobile banking digital,positive,0.5719,"['UI/UX & Features', 'Overall Feedback']",Dashen
92f1029b-41d6-4af2-9620-61ad21843f4a,"Excellent, and it's truly a super app!",positive,0.8955,"['UI/UX & Features', 'Overall Feedback']",Dashen
e7ec2452-9500-4536-a627-721ce846e948,nice app,positive,0.4215,['UI/UX & Features'],Dashen
57b15473-6128-4208-8a19-a6b9e78533c8,very nice app,positive,0.4754,['UI/UX & Features'],Dashen
6474a971-6e4e-4b4e-b9c2-9afa21954cc7,can't access as will if it's super and can't even access the service when you need it's a big failure,positive,0.1531,['Customer Support'],Dashen
a2924856-3267-4ed3-a316-ccf049230f01,seche,neutral,0.0,['Other'],Dashen
33152296-977d-48d2-9482-e074f88516e9,very fast bank,neutral,0.0,['Other'],Dashen
ad7315bd-61bc-48bb-b21f-4e645373dced,good and well,positive,0.6124,['Overall Feedback'],Dashen
a78233bc-ff1d-45d7-a4bb-1d5a8d16fc69,what a bank it is,neutral,0.0,['Other'],Dashen
d41dd3e3-b09b-4d1f-a5a2-0caa9f430e37,Dashen Super App contains extended selections for customers and can be easily accessible and also friendly to use.,positive,0.8591,['UI/UX & Features'],Dashen
e078dd0e-0334-4950-b846-c450ddcfd110,great app,positive,0.6249,"['UI/UX & Features', 'Overall Feedback']",Dashen
f68a700f-5b0f-4863-85d1-c47d70fcc0ed,nic,neutral,0.0,['Other'],Dashen
6ee89fcd-d75e-4845-9338-962d8760dc4f,easy to use and the best one,positive,0.7964,['UI/UX & Features'],Dashen
72f788cf-857a-4b95-8aa8-4086764ddf5d,it is totally work of failure. I personally prefer dashen amole instead of this super dull app.,negative,-0.1627,['UI/UX & Features'],Dashen
7f13440c-cd7b-416c-9ec0-04afa4de3574,very good app,positive,0.4927,"['UI/UX & Features', 'Overall Feedback']",Dashen
f00fad5e-14d3-4726-9a82-7655a15a86f4,The worst banking app in Ethiopia. It forces you to change your PIN every three months.,negative,-0.6249,['UI/UX & Features'],Dashen
d52c4dd2-3e29-435e-b2a8-05b346e6cce2,አሪፍ,neutral,0.0,['Other'],Dashen
8151dac5-6706-4c18-b538-5c3882c8b679,best but USSD is necessary,positive,0.3818,['Other'],Dashen
77f5b29c-a280-491e-a189-9294bb1dcc4b,"one step forward, Ethiopian bank and e commerce industry",neutral,0.0,['Other'],Dashen
2f7f02c0-8c37-48a2-880d-da85a2945e1c,still it's essay for user,neutral,0.0,['UI/UX & Features'],Dashen
dc9bba76-9134-4fd4-927e-3a0480628f7b,"Great app, unfortunately I struggle to use it from outside Ethiopia. It tells me ""VPN enabled please disable VPN to continue using the app"". And that's happening without any VPN enabled. I think I will need to switch back to CBE because I need access to my bank account globally.",positive,0.4019,"['Account & Access Issues', 'UI/UX & Features', 'Overall Feedback']",Dashen
dc8432b9-7fd6-4ada-9ca6-b632467fcf15,"It was easy enough before. but now it won't even open , why? pls help if possible. The email address you provided under the App support also can't be found by Gmail. pls respond.",positive,0.8735,"['Account & Access Issues', 'UI/UX & Features']",Dashen
35fc8b13-0a39-4237-b28d-39904b57f125,good,positive,0.4404,['Overall Feedback'],Dashen
5043e566-8cbc-4384-9382-8d929065614e,"There are plenty of features missed e. g electricity bill, water bill payments",negative,-0.296,['UI/UX & Features'],Dashen
0269ed2c-74ca-4b44-8226-0a664489ac78,የሶፍትዌሩ ለአጠቃቀም ምቹና ቀላል መሆኑ ተመራጭ ያደርገዋል,neutral,0.0,['Other'],Dashen
9a553128-a2f5-4c25-8c0c-abc680033d42,በጣም ችግር አለበት,neutral,0.0,['Other'],Dashen
069eb4b6-e778-4b5c-b6bd-1e5dea63844e,best,positive,0.6369,['Other'],Dashen
10555b11-1ec4-47e8-991d-eded9941e7e4,great 👍 app,positive,0.6249,"['UI/UX & Features', 'Overall Feedback']",Dashen
e2db003a-f02a-462f-99e2-3bfc2054a442,"its a very low quality and slow application, very unreliable in times of need",negative,-0.3384,"['Transactions & Performance', 'UI/UX & Features']",Dashen
cd82c60a-b6e5-41e2-a058-906f16326ad6,ok,positive,0.296,['Other'],Dashen
43741a50-5047-44c0-9858-7a3a52a4a533,ok,positive,0.296,['Other'],Dashen
56497937-ddb0-4d03-ad47-0e3d2f1f8c66,very poor and time taking to use,negative,-0.5256,"['Transactions & Performance', 'UI/UX & Features']",Dashen
f9f852e3-ccc8-4a18-b650-7f69acb33c99,it is the best app ever i have seen Dashen bank always one step a head!!!!,positive,0.7482,['UI/UX & Features'],Dashen
04b0d391-1cb4-49e3-b18e-b9e24ab9391b,the new version is so good I like it,positive,0.7583,['Overall Feedback'],Dashen
983a06c5-49c5-4977-9942-e97ae8ff14bc,excellent,positive,0.5719,['Overall Feedback'],Dashen
2a18b376-d91c-40ee-8112-61a316b16f58,good,positive,0.4404,['Overall Feedback'],Dashen
6c906764-3ffd-4d50-a656-e2ea31308863,Good,positive,0.4404,['Overall Feedback'],Dashen
e63aa85d-85a4-46d0-9b4e-b3048c3c0c02,good job my dashen super app,positive,0.7783,"['UI/UX & Features', 'Overall Feedback']",Dashen
f3a2435b-8838-4f8a-bdf3-0680c781910e,Some connection issues,neutral,0.0,['Overall Feedback'],Dashen
50d7c55a-ebec-487d-ba90-f2f0b4157985,verry slow app 🤢,neutral,0.0,"['Transactions & Performance', 'UI/UX & Features']",Dashen
529e9d57-e66b-47b4-b192-84ad4e0fb926,best bauget app,positive,0.6369,['UI/UX & Features'],Dashen
540df881-caea-49cb-b1df-36bfa72431fe,its good but he said uptede me 😠🤕,negative,-0.5423,['Overall Feedback'],Dashen
a836f1cf-7d6f-4fd7-95bc-51e98e4c1fc5,network issue,neutral,0.0,['Overall Feedback'],Dashen
a8e4eea2-6585-48ed-8405-a189bc79dc7f,እንጠቀምበት,neutral,0.0,['Other'],Dashen
513294b2-05fa-4b48-96cd-edb0686d5e0e,nice,positive,0.4215,['UI/UX & Features'],Dashen
3d68acad-fda9-4d1f-9005-cca2a0c612f6,fast and easy to use great App.,positive,0.7906,"['UI/UX & Features', 'Overall Feedback']",Dashen
e30a316a-b1c9-4c1a-b8f1-c1e296d82cb5,Best Performing and Fast Financial app,positive,0.6369,['UI/UX & Features'],Dashen
4ecb3d50-0100-433b-aa75-9b1647556733,good,positive,0.4404,['Overall Feedback'],Dashen
70a02f56-e75d-448d-b71c-7afbd1eba779,well done keep it up,positive,0.2732,['Other'],Dashen
15e7f782-ce40-4927-a035-f0f73b2b5631,good but it takes forever to load,positive,0.2382,['Overall Feedback'],Dashen
ceb1f402-8c82-477a-bf14-1476bc359e7d,"It's very good, but there are some things that need to be improved by (speed & receipt view) to be competitive with the companies in the country, i.e.cbe&telebirr.",positive,0.8072,['Overall Feedback'],Dashen
a6f71299-f3de-4b27-87ea-439b907310ed,my favorite 💗💗💗,positive,0.9623,['Other'],Dashen
da386798-3db3-4e83-96b1-1444618f9e9b,Good app,positive,0.4404,"['UI/UX & Features', 'Overall Feedback']",Dashen
85e4c4a0-6848-4438-873c-e087d879c707,Good,positive,0.4404,['Overall Feedback'],Dashen
baa88e99-cfcf-4593-98f6-4442a8dbdb59,"This is boring Mobile banking app, it is not work properly .so slow!",negative,-0.3802,"['Transactions & Performance', 'UI/UX & Features']",Dashen
5ccebb40-4078-4fa4-9e80-6dd813fd4cc9,"improve the app, please. it is not working. It says response timeout",positive,0.6369,"['Transactions & Performance', 'UI/UX & Features']",Dashen
9cdf7073-238a-4e6e-bbd7-c3fae6b153c0,modern perfect app interface with the best banking tools 👏,positive,0.836,['UI/UX & Features'],Dashen
43612140-e7b5-43b7-9b04-4247bb2f8d37,when i tried to open the app it re-downloading something big 3GB 4GB size and after 3 hours late it will open. it's my experience Very worst app it isn't lite app not works in every situation of networks.,negative,-0.659,"['Account & Access Issues', 'UI/UX & Features']",Dashen
d06a71b2-105b-44fd-a21b-6c23fe7957e6,"poor, glitch stack",negative,-0.4767,['Other'],Dashen
1fe734ce-edc7-43ea-af25-4f0dd9ef09ea,slowest banking app ever used,neutral,0.0,"['Transactions & Performance', 'UI/UX & Features']",Dashen
13c69ca2-bb0c-444a-9f15-82560979ebac,Good,positive,0.4404,['Overall Feedback'],Dashen
48bc5aef-c79b-4722-bbd7-51db5386cb3f,Good 👍,positive,0.4404,['Overall Feedback'],Dashen
f20f3b43-9df9-4149-b656-dae1b4bbde38,Dashen Bank super app is the best app,positive,0.8442,['UI/UX & Features'],Dashen
94008602-5cb5-45bd-b2d3-e476b2ca6c70,best,positive,0.6369,['Other'],Dashen
8855d0d8-19db-4113-b1fa-89731f0ed033,would most likely rate it even less but it does have it's perks. But for the most part the whole app is filled with bugs and it stops being responsive almost everytime. Besides some new features and the new UI design I most definitely prefer the old amole Version. either fix this mess or bring back Amole,positive,0.3668,"['Transactions & Performance', 'UI/UX & Features', 'Customer Support']",Dashen
2097ddd0-1596-48a5-8c9c-5981d82c9ac2,sometimes is not working to be honest,positive,0.5106,['Transactions & Performance'],Dashen
9e3f4803-a691-4c49-8120-71f3e04aee9b,ok,positive,0.296,['Other'],Dashen
7f167954-2c13-40a1-9f56-dc125836d192,very good app,positive,0.4927,"['UI/UX & Features', 'Overall Feedback']",Dashen
ac9acf91-3777-4db6-8c23-3bd90cb9c83c,Why isn't this app working?,neutral,0.0,['UI/UX & Features'],Dashen
c0220fe4-74a4-4df9-9f70-bf480df83a54,network error,negative,-0.4019,['Other'],Dashen
6f109a8e-e814-46fd-aa22-b74188bfae83,fast,neutral,0.0,['Other'],Dashen
a3673985-236a-4153-84a7-22a1afba3d36,100 good,positive,0.4404,['Overall Feedback'],Dashen
6a8ad1a5-2043-4f70-b9a5-7593d3d3440c,ok,positive,0.296,['Other'],Dashen
ab320d01-2772-4286-8aa0-9aceda879891,Good,positive,0.4404,['Overall Feedback'],Dashen
b003eaa2-fe35-476d-8d5b-e2913964f526,It stop working most of the time.,negative,-0.296,['Transactions & Performance'],Dashen
60a60f54-fce3-4678-b2a6-123c0d0a160e,i were smothely using the app for the last 5 month but somehow its not working to now so what shall i do it becames like i can open the app even i can't open it if u have solution's pls help me kindly tnx,positive,0.9349,"['Account & Access Issues', 'UI/UX & Features']",Dashen
95f88408-b85a-42d8-abc9-95eb1b889920,wow,positive,0.5859,['Overall Feedback'],Dashen
fa1192aa-8085-468e-838c-f70320b5a622,Best app,positive,0.6369,['UI/UX & Features'],Dashen
77cbc374-82f2-49c1-9780-d78770150ce6,"Simple for usage and well designed, attractive in its visual design, ""Always One Step Ahead""",positive,0.6124,['Other'],Dashen
1061e323-6ab2-4260-bff1-eda458d2ee72,amazing product,positive,0.5859,['Overall Feedback'],Dashen
72dd0a8a-9d0e-42e8-8509-304b330f0177,"this app is not good and compatible with other Ethiopian bank apps, it is not fast, is stacks sometimes ,even some days it stops working at all.",negative,-0.4599,"['Transactions & Performance', 'UI/UX & Features', 'Overall Feedback']",Dashen
71efa10f-9d3e-4372-a9fc-d27986d904bc,ok,positive,0.296,['Other'],Dashen
842db1e6-54dd-4f30-8a5f-429ffbe3daa8,like it,positive,0.3612,['Other'],Dashen
c1e53073-4361-4972-a6ad-1229b70ee90e,Great always one step ahead and most reliable bank,positive,0.6249,['Overall Feedback'],Dashen
e0842cfa-5bbb-4aba-85dd-6acce3218f5a,u need to start cash out service,neutral,0.0,['Customer Support'],Dashen
7c796f6e-2c5e-4fc3-9877-9d6d6055e354,all in one super app,positive,0.5994,['UI/UX & Features'],Dashen
bf88bf92-4840-417a-a9df-82dfc73d20f5,Fayla,neutral,0.0,['Other'],Dashen
ac66af69-7294-4963-b8f6-132b03778671,"The app even in its' first phase is too far one step booster that enables a user to perform a seamless Banking service with multi step security features at his/her comfort zone. It really assured that Dashen Bank is living the Logo ""ALWAYS ONE STEP AHEAD""",positive,0.7713,"['UI/UX & Features', 'Customer Support']",Dashen
d667f147-de49-4725-9f63-a55475d0546f,ይሄ App ደስ ይላል ሁላችሁም አውርዱት እላለሁ🤭,positive,0.4939,['UI/UX & Features'],Dashen
8f19bff6-92a5-479c-b2c5-0a4d3a150093,"Best App .. Good job, Dashen Bank",positive,0.7964,"['UI/UX & Features', 'Overall Feedback']",Dashen
d873516b-c682-44b6-8f2c-b80667b969f5,good application,positive,0.4404,"['UI/UX & Features', 'Overall Feedback']",Dashen
6373e57b-b5af-4ede-8af7-09d4be752a57,Excellent App ...,positive,0.5719,"['UI/UX & Features', 'Overall Feedback']",Dashen
0755d1bd-710e-4c3e-aced-9f51a8ef2798,the worst app I have ever seen,negative,-0.6249,['UI/UX & Features'],Dashen
203bd4d9-feda-4edd-b09b-40bc36bb84d8,very good compared to Amole!,positive,0.54,['Overall Feedback'],Dashen
815e6358-3c4f-412a-bcc0-d3cb4c568fa4,"while it's very secure, it is very slower than other mobile banking apps. it is very lazy app!",negative,-0.1007,"['Transactions & Performance', 'UI/UX & Features']",Dashen
79e5850b-a991-464e-a857-d9b2893cb295,👍😊😊😊,positive,0.9517,['Other'],Dashen
07cfb0f5-c335-4c65-a39d-4b5a2872a7cd,nice,positive,0.4215,['UI/UX & Features'],Dashen
92ae7564-4afb-4f5b-8f3c-5c4a2d22ac64,Great application,positive,0.6249,"['UI/UX & Features', 'Overall Feedback']",Dashen
0e72c0f5-39bf-4036-932c-09f660b5ae14,very nice app,positive,0.4754,['UI/UX & Features'],Dashen
732c15a8-5b37-4e93-a446-42689b1604f5,I am entreated app.,neutral,0.0,['UI/UX & Features'],Dashen
31a7cae7-e838-4e64-bd2d-aeca8ff27d38,Cannot list the number of bugs with this pile of human waste. The absolute worst banking app I have ever used. 50 steps backwards. DO NOT RECOMMEND.,negative,-0.8681,['UI/UX & Features'],Dashen
e57361d3-fa19-484c-869e-02d738a5280b,best app with best bank,positive,0.8555,['UI/UX & Features'],Dashen
bc906d9b-9f75-4dae-a5bf-c5e2a17e8a6e,alway slow loading,neutral,0.0,['Transactions & Performance'],Dashen
d4d0941a-d073-4c5d-b5fb-352c6818ce1f,Best,positive,0.6369,['Other'],Dashen
ed52ec69-8f4d-400b-98fe-1b174f123f18,good,positive,0.4404,['Overall Feedback'],Dashen
49a94407-511c-4ae6-9446-d027a00f5e8a,"worst app ever and by any chance your account is deactivated, you are doomed",negative,-0.8074,"['Account & Access Issues', 'UI/UX & Features']",Dashen
a7d4f4ce-1f61-4100-8f85-8db86c6cc1af,nice,positive,0.4215,['UI/UX & Features'],Dashen
6c3fd32c-9684-43bd-b270-c31094d7999a,Ethiopian amazing`s Dashen Bank🤝👌,positive,0.7297,['Overall Feedback'],Dashen
f8147000-27b4-418b-af0c-49cd8e39e40e,"It's an unpredictable app, I can't make transactions, and now I can't even get the OTP! So it's going from bad to worse! Thank goodness the Amole Dashen app still exists.",negative,-0.3987,"['Transactions & Performance', 'UI/UX & Features', 'Customer Support', 'Overall Feedback']",Dashen
e5b31222-e583-4bf1-8079-67cf753b0504,nice app but limit up to max 600000,positive,0.2263,['UI/UX & Features'],Dashen
f93cefc5-8ed7-4927-8160-0e0ecf75866f,wow,positive,0.5859,['Overall Feedback'],Dashen
296717a7-3fb9-404c-996d-186c803d3770,Super,positive,0.5994,['Other'],Dashen
1e00ecba-4f0d-496c-98f2-5b356f05f356,"I would be happy if I got a withdraw system in the application. Otherwise, everything is fine for me",positive,0.6705,['UI/UX & Features'],Dashen
d681817c-c55c-498e-b918-531e5633a32c,nice app but transaction limet not enough,positive,0.2263,"['Transactions & Performance', 'UI/UX & Features']",Dashen
6eede71d-d47c-4b19-8059-67f8de75da64,"It's an amazing application to use bank transactions in Ethiopia and it's so friendly btw, but need to ck that account link when we lost our mobile it's ver difficult to link up for the next one pls ck",negative,-0.2003,"['Account & Access Issues', 'Transactions & Performance', 'UI/UX & Features', 'Overall Feedback']",Dashen
69e4a894-f54e-445c-bea3-815aee1e13b6,incredible,neutral,0.0,['Other'],Dashen
17d69fec-869c-4b31-8c50-2b1be45bc87f,perfect,positive,0.5719,['Other'],Dashen
8884bd0e-7d44-4531-9bd2-9bae7286daa8,Dashen Bank My Choice🇪🇹✌️💫,negative,-0.2263,['Other'],Dashen
d3dad0ad-6501-4d03-b2cf-2bd06fadb41a,very simple and user friendly app Thank you Dashen Bank,positive,0.6908,"['UI/UX & Features', 'Customer Support']",Dashen
2cb6edea-61ec-4984-9ca2-fa0c3f47e755,wow,positive,0.5859,['Overall Feedback'],Dashen
a16adc73-80b5-48f5-bf4e-09c6272507b2,very good .,positive,0.4927,['Overall Feedback'],Dashen
8cb388e3-6766-4f38-99d9-6f53198406dc,wow,positive,0.5859,['Overall Feedback'],Dashen
6ab16d21-d2c8-4235-9c48-ff713bfde731,I like this mobile banking app very much. Overall user interface and navigation is awesome. But it lacks instant response when someone deposit or withdraw money.,positive,0.5106,['UI/UX & Features'],Dashen
22818807-3368-446c-8a3b-d3ca2e07a2d8,love,positive,0.6369,['Overall Feedback'],Dashen
6ece1f5e-55f2-404d-b980-1cb45823180f,መቸሸጠ,neutral,0.0,['Other'],Dashen
765ff69f-5274-45c5-985b-81b8d01e1874,wow,positive,0.5859,['Overall Feedback'],Dashen
7db66b6a-a044-43f1-a7ad-ea8a10815548,gadaa,neutral,0.0,['Other'],Dashen
caf4a80c-85db-4b49-ab9c-a0b55e152317,Massive upgrade from the Amole app.,neutral,0.0,['UI/UX & Features'],Dashen
2c5df026-16eb-4d6b-a044-acf4103d1c36,good,positive,0.4404,['Overall Feedback'],Dashen
c25b35d2-35dd-4347-a520-99471d7b1066,very good for this app,positive,0.4927,"['UI/UX & Features', 'Overall Feedback']",Dashen
5ced40d8-1074-421d-b6e6-be9e12e8b6bd,top,positive,0.2023,['Other'],Dashen
5e6ff839-abc2-4b30-a8b4-e0f331da29d1,this app better than Amole . but the biometric on new update doesn't work,positive,0.2382,['UI/UX & Features'],Dashen
40c6e51b-c1bb-4bb0-af7c-89a43ffbdc90,Wow,positive,0.5859,['Overall Feedback'],Dashen
32df6869-1c15-4cfe-8431-0ec332afea89,good,positive,0.4404,['Overall Feedback'],Dashen
486d7550-98dd-4b9d-849d-e3f3fbf7c1ed,wow to it saff and this app,positive,0.5859,"['UI/UX & Features', 'Overall Feedback']",Dashen
be9a4e52-ed77-4953-9e52-17927dd7e138,it too slow,neutral,0.0,['Transactions & Performance'],Dashen
053df9a3-e18d-4cb1-94f6-9cf522255b1c,ዳሽን ባንክ ይለያል,neutral,0.0,['Other'],Dashen
74cf1402-3df8-4a1f-9303-fb7d5c5ae7dc,👍👍👍,neutral,0.0,['Other'],Dashen
1d64073e-c624-4035-b732-39f7a769537f,good,positive,0.4404,['Overall Feedback'],Dashen
4a9c5167-439a-4c99-a6d4-ad143b13bcd8,nice application,positive,0.4215,['UI/UX & Features'],Dashen
73240914-2b17-4426-91b3-32ad2e9b2387,good,positive,0.4404,['Overall Feedback'],Dashen
f45d9c1b-bec1-41ba-b085-7a6a94d9d91a,wow,positive,0.5859,['Overall Feedback'],Dashen
115f7455-45c0-483c-b690-0e83dada584b,useless app ever loading take long,negative,-0.4215,['UI/UX & Features'],Dashen
b2962d2d-86b8-43a5-ab14-d9d37ad03165,"Game changer app! Dashen Bank Super App is fast, secure, and easy to use. The three-click payment makes sending money super quick, and the QR code payment is perfect for cashless shopping. I also love the biometric login and easy airtime and bill payments. Everything I need is in one place. Dashen Bank has really raised the bar for digital banking in Ethiopia. Highly recommended!",positive,0.979,"['Transactions & Performance', 'UI/UX & Features', 'Overall Feedback']",Dashen
37afb22a-56f0-429c-9bab-41e39e524f29,very useful App,positive,0.4927,['UI/UX & Features'],Dashen
aa332503-7097-479d-89d9-6b762bb9e814,"Simple, robust features? Yes, please! But the endless loading screen killed the fun—I couldn’t use it for days. Fix the glitch, and I’ll yeet a higher rating!",negative,-0.6842,"['UI/UX & Features', 'Customer Support']",Dashen
a2a494de-d576-48dc-b67e-04fe79ec47b2,Wawww,neutral,0.0,['Other'],Dashen
e2c02e65-3be7-46e0-9cbc-7d4295bee6f7,very Nice,positive,0.4754,['UI/UX & Features'],Dashen
eb8a2948-44de-4f81-ac9f-b73840619f7f,its best,positive,0.6369,['Other'],Dashen
9a583630-4540-44cb-8488-cf58211da392,it is not as good as to the other mobile bank app.,negative,-0.3412,"['UI/UX & Features', 'Overall Feedback']",Dashen
bb72bc30-a3bb-468f-ad15-1ca88c7897ae,"The best of best is now arrived **Empowering Your Financial Freedom** ""Experience seamless banking at your fingertips with Dashen Bank. Empowering your financial freedom, anytime, anywhere!"" **Innovation Meets Convenience** ""Dashen Bank Mobile Banking: Where innovation meets convenience. **Secure and Reliable** ""Bank with confidence",positive,0.9817,"['Transactions & Performance', 'UI/UX & Features']",Dashen
b5aa7d58-de59-4feb-bae3-88c98dc3007c,wow,positive,0.5859,['Overall Feedback'],Dashen
c8a76cee-dbcc-491e-9aa0-0f8fa423ee1a,Nothing is changed in the updated version. You have been collecting comments but where is the feed back you improved in this version. superapp is mot functioning today.,positive,0.631,['UI/UX & Features'],Dashen
add25431-5b8a-4878-b820-2cc1c06926f1,good,positive,0.4404,['Overall Feedback'],Dashen
7f8c28d9-8bd2-4bf5-b220-b520301c24c3,its best,positive,0.6369,['Other'],Dashen
a36489c7-0091-4e07-897f-78168bcb64b4,The best app ever in finance sector,positive,0.6369,['UI/UX & Features'],Dashen
29d8b281-c802-4996-8dc3-eb99d78a43ed,Its good app than other compitators but it confuse when we transfer it needs OTP and PIN most user inter their pin instead of OTP we know the litrecy level of our society so if it is device based i dont know the needs of OTP so please try to fix,positive,0.5554,"['Transactions & Performance', 'UI/UX & Features', 'Customer Support', 'Overall Feedback']",Dashen
8ab908fa-9eb8-4b9a-9f76-707e01b53848,dashen bank or dashen super app?,positive,0.5994,['UI/UX & Features'],Dashen
d3ab193b-503c-4530-8148-cf50387c8b26,wowwwe app,neutral,0.0,"['UI/UX & Features', 'Overall Feedback']",Dashen
85c0cebd-10ec-4dd1-9e5b-647b9012acf4,"Transferring to other bank accounts is a hastle and inconvenient .Get used to seeing "" please try again """,neutral,-0.0258,"['Account & Access Issues', 'Transactions & Performance', 'UI/UX & Features']",Dashen
c0dbb81a-2d73-4409-ba41-2287a340b4d9,good,positive,0.4404,['Overall Feedback'],Dashen
1d4a769a-320a-4f19-a945-44c214f880ae,always lagging,negative,-0.2732,['Other'],Dashen
862138db-f7c6-4c78-bb5d-e28619cdb514,Amazing Application...,positive,0.5859,"['UI/UX & Features', 'Overall Feedback']",Dashen
a3e55437-92a6-4f5f-a9d5-45e561a077b0,Fantastic,positive,0.5574,['Other'],Dashen
d8ab69ab-7277-493d-a2d5-0db4fd48635c,"Dashen bank app is very good, but sometimes it is not working well",neutral,-0.0321,"['Transactions & Performance', 'UI/UX & Features', 'Overall Feedback']",Dashen
499d89e8-8b7e-4641-b477-29ab5a5d314a,its my choice,neutral,0.0,['Other'],Dashen
37daf582-3061-44eb-9685-2bcf106833ec,wow apo,positive,0.5859,['Overall Feedback'],Dashen
f14bbcf2-d3c7-4eb9-bf61-b8be931c023f,awesome app keep going,positive,0.6249,['UI/UX & Features'],Dashen
35a40262-8905-40a1-b4bf-a165a043175f,wow,positive,0.5859,['Overall Feedback'],Dashen
acf043c7-2644-4526-a5cc-fd97b1c2defb,👍,neutral,0.0,['Other'],Dashen
39322571-d8e5-42c6-8c9c-9f31706d5e4f,"It grows ethiopian digital banking step ahead.All fetures in one,simple fast and convince.",positive,0.25,['Other'],Dashen
7106eec4-cb60-4cf3-8f3b-fe5b0bfb400d,Game changer,neutral,0.0,['Other'],Dashen
b34cbb10-24ea-4091-93b3-41cd5f5506ec,Totally amazing,positive,0.624,['Overall Feedback'],Dashen
9de192e3-daa5-40ec-a906-8969b560f171,super 😎,positive,0.7845,['Other'],Dashen
a1414451-a015-4553-a023-e2f4c2d8cfb9,what a helpful app!!!!,positive,0.6083,['UI/UX & Features'],Dashen
be71f8b9-5329-4235-8c92-9be8be76e5cb,Good,positive,0.4404,['Overall Feedback'],Dashen
c98c51c7-aa99-40ea-af68-8edaad178f28,nice,positive,0.4215,['UI/UX & Features'],Dashen
dd4b209c-49b6-4052-aef2-62d9ddd28a78,wow,positive,0.5859,['Overall Feedback'],Dashen
d61a5b09-39d5-4502-b270-15c6ad04f19c,"To be honest, best banking and lifestyle app in Ethiopia.",positive,0.8176,['UI/UX & Features'],Dashen
f318c783-8bba-478b-9d53-f238dba2e270,fast,neutral,0.0,['Other'],Dashen
c3afc51f-9e2b-4b3d-b155-0339a9ce0f20,"A must have, seamless, all in one digital platform ""DB Superapp""! Keep living your motto ""Always one step ahead""",neutral,0.0,['UI/UX & Features'],Dashen
b3c8405c-96a7-4b5e-884c-76c97c530c34,good,positive,0.4404,['Overall Feedback'],Dashen
e1c1214a-8bc1-45db-bc49-3d51dddc6b88,Amazing app super easy to use and best design. loved it.,positive,0.9623,"['UI/UX & Features', 'Overall Feedback']",Dashen
8d1d472b-2bae-4749-b089-5632108ade02,its the best ever,positive,0.6369,['Other'],Dashen
749851ed-72d7-4f1c-8e5e-27dd822b5008,nice,positive,0.4215,['UI/UX & Features'],Dashen
f2852962-b983-44af-b296-241a3373477f,excellent game changer App,positive,0.5719,"['UI/UX & Features', 'Overall Feedback']",Dashen
62102c1c-85b0-4965-b033-063c67ac9129,I am highly excited by using this application and it is the most favorable as well as preferrable mobile app.,positive,0.8151,['UI/UX & Features'],Dashen
